{"type": "FeatureCollection", "features": [{"type": "Feature", "properties": {"NOMBRE": "Zonas de protecci\u00f3n y conservaci\u00f3n", "RuleID": 2, "SHAPE_Length": 7191.811217698716, "SHAPE_Area": 212512.65830684794, "Area_m2": 212512.65830684794, "Perimetro": 7191.811217698716}, "geometry": {"coordinates": [[[[-74.23567123162137, 5.056846074366509], [-74.23566095344017, 5.056824711389191], [-74.2356322529644, 5.056825869074812], [-74.2356292310368, 5.056825831404887], [-74.235621439124, 5.056826088750028], [-74.23560374542015, 5.0568255126369195], [-74.2355976584117, 5.056825044689641], [-74.23555709613228, 5.056821465661562], [-74.23554556303186, 5.0568201973821605], [-74.23552809593713, 5.056817309034161], [-74.23551085316508, 5.056813282001503], [-74.2354939105427, 5.056808133331121], [-74.23547734029451, 5.056801883696051], [-74.2354612137565, 5.05679456100961], [-74.23545714041542, 5.05679250579724], [-74.23541538013487, 5.056770982953596], [-74.23540383747829, 5.056764673063516], [-74.23538880157083, 5.0567553034153345], [-74.2353744089856, 5.056744966198692], [-74.23536072026508, 5.056733707443717], [-74.23534779685748, 5.056721574988534], [-74.23533569119641, 5.056708621212464], [-74.23532445662127, 5.056694900302772], [-74.23531700216182, 5.056684677439458], [-74.23529790754444, 5.05665716675504], [-74.23529504645239, 5.056652962106141], [-74.23528569515719, 5.056637889432434], [-74.23527734523074, 5.0566222339591285], [-74.2352700347039, 5.0566060661893335], [-74.23526379438213, 5.056589453020671], [-74.23525984348419, 5.056576779575082], [-74.23524551513376, 5.056526537197566], [-74.23524432312183, 5.056522224408865], [-74.23524029851288, 5.056504936549428], [-74.23523741129314, 5.056487421223556], [-74.23523617376564, 5.056476231931277], [-74.23523361021658, 5.0564476283914885], [-74.23522544426052, 5.056412395999105], [-74.23522363178549, 5.056403972010691], [-74.23522074456902, 5.056386457589299], [-74.23521900390698, 5.05636879078369], [-74.23521842077109, 5.056351047577416], [-74.2352186848764, 5.056339000373629], [-74.23521901534795, 5.056331500641135], [-74.2352161419484, 5.056318419784381], [-74.23521502012812, 5.056313054562415], [-74.23521213291288, 5.0562955401407645], [-74.23521039225191, 5.056277873334969], [-74.23520980911694, 5.05626013012856], [-74.23521038365189, 5.056242386525732], [-74.23521211510011, 5.0562247194371714], [-74.235214994579, 5.056207203074597], [-74.2352150499925, 5.056206923381318], [-74.23522553619736, 5.056154283005613], [-74.23522949580297, 5.056137272185782], [-74.23523463116543, 5.05612028265064], [-74.23524086354817, 5.056103666523092], [-74.23524413897891, 5.056096062553971], [-74.2352523892047, 5.056077682717007], [-74.23521858806161, 5.056031274043675], [-74.23518133212855, 5.056006382106357], [-74.23518109632515, 5.056006224213125], [-74.2351667028592, 5.055995886988478], [-74.23515301596473, 5.055984628220705], [-74.23514009167592, 5.055972495758222], [-74.2351279869379, 5.055959541971841], [-74.23511675238471, 5.055945821958816], [-74.23510643685093, 5.055931393534279], [-74.23509708376922, 5.0559163208573565], [-74.2350887347642, 5.055900666280995], [-74.23508142515458, 5.055884497599066], [-74.23507673805615, 5.055872341297171], [-74.23506336722363, 5.055835020549805], [-74.23506181401459, 5.055830562773083], [-74.23505685922721, 5.0558142774070705], [-74.23504869743469, 5.05578408662652], [-74.23503857198584, 5.055759018122873], [-74.2350331611463, 5.055744434676648], [-74.23503219558071, 5.055741530251689], [-74.23502267502198, 5.055712353641597], [-74.23500743618847, 5.055708732650843], [-74.23499049359769, 5.055703583959118], [-74.23498857583013, 5.055702923478629], [-74.23496662245583, 5.055695271661742], [-74.23495197000955, 5.055689683390256], [-74.23493584260251, 5.055682360684026], [-74.23492723421555, 5.0556779127271785], [-74.23490241684785, 5.055664519885661], [-74.23489540927055, 5.055660602719537], [-74.23488037339516, 5.055651232146425], [-74.23486598084389, 5.055640894910179], [-74.23485229215738, 5.055629636136276], [-74.23483936878367, 5.055617503662851], [-74.23482726315626, 5.055604549869357], [-74.23481602861436, 5.05559082894311], [-74.23480571309533, 5.055576401415435], [-74.23479636183123, 5.055561328727624], [-74.23478801193681, 5.055545674146057], [-74.23478070143764, 5.055529505459479], [-74.23477715265318, 5.055520464071809], [-74.23477363828198, 5.055516252519372], [-74.23472992541164, 5.0554627662207565], [-74.23468912049607, 5.055438229355148], [-74.23467619161907, 5.055435097984126], [-74.23466508702157, 5.0554318608945], [-74.23465398477008, 5.05543510317851], [-74.2346367437718, 5.055439138912971], [-74.23461927774152, 5.0554420341041935], [-74.23460165974937, 5.055443779564807], [-74.234583965569, 5.0554443642927325], [-74.23456627189697, 5.05544378814186], [-74.23456018670468, 5.0554433201780355], [-74.23452773676254, 5.0554404567051305], [-74.23451620278244, 5.055439188402597], [-74.23449873482171, 5.0554363000182665], [-74.23448149299202, 5.055432273850636], [-74.23446455040806, 5.0554271242375135], [-74.2344479802034, 5.055420875469672], [-74.23443185280634, 5.055413552747826], [-74.23441623775666, 5.055405188512915], [-74.23440143407916, 5.055395972206718], [-74.23438132401989, 5.055382535089288], [-74.23437720081324, 5.055380347859055], [-74.23436851052408, 5.055375529979509], [-74.23435347375853, 5.055366159392346], [-74.23433908122018, 5.055355822140723], [-74.23432539435187, 5.055344563348462], [-74.23432226525036, 5.055341769808785], [-74.23430603362196, 5.055327051324793], [-74.23423161142063, 5.055290715397659], [-74.23423044364124, 5.055290141253715], [-74.2342148285963, 5.05528177701256], [-74.2341997927352, 5.055272405514208], [-74.23418539929857, 5.055262068259758], [-74.23417171153217, 5.055250809464805], [-74.23415878817707, 5.05523867697273], [-74.23414668256895, 5.055225723161341], [-74.2341354480487, 5.055212003122843], [-74.23412513255013, 5.055197575579016], [-74.23411578040293, 5.0551825019729355], [-74.23411041660094, 5.055172732943247], [-74.23409991442419, 5.055152637993355], [-74.23409725443379, 5.055147411416633], [-74.23409284249827, 5.055147612540173], [-74.23406707422848, 5.055148575451567], [-74.2340393697387, 5.055148185729702], [-74.23402175147646, 5.0551464503504056], [-74.23400428352456, 5.055143562855076], [-74.23398704170117, 5.055139535766785], [-74.23397460810298, 5.055135875929691], [-74.23392688552181, 5.055120574949221], [-74.2339223756445, 5.05511908606356], [-74.23390580545022, 5.05511283727861], [-74.23388967896678, 5.055105514538132], [-74.23387406302345, 5.05509714847865], [-74.23385902717366, 5.055087778779718], [-74.2338446346477, 5.055077441513604], [-74.23383094598779, 5.055066182710724], [-74.23382863126369, 5.05506412323263], [-74.23379140066794, 5.05503063539728], [-74.2337807920472, 5.055020562373109], [-74.23376868644998, 5.055007608551745], [-74.23376324689163, 5.055001193811045], [-74.23374047326676, 5.054973474706187], [-74.23369978465962, 5.054928355711757], [-74.23369708731047, 5.054925318855916], [-74.23368923022011, 5.054915919205233], [-74.23365104309292, 5.054868075572116], [-74.23364910840218, 5.054865622680244], [-74.23361800412867, 5.054825718892166], [-74.23361329361086, 5.054821671568312], [-74.23353629793469, 5.054772851270406], [-74.23353063615109, 5.054769160443003], [-74.23351624273451, 5.054758823168236], [-74.23350255498893, 5.05474756435355], [-74.23348963075298, 5.054735431844193], [-74.23347752606921, 5.054722478012851], [-74.23346629157147, 5.054708757956979], [-74.2334625899348, 5.054703805706832], [-74.23343132766833, 5.054660983271786], [-74.23339306510312, 5.054633820214131], [-74.23327621253276, 5.054575972343055], [-74.23323924398916, 5.054565555847071], [-74.23322552797947, 5.05456129401433], [-74.23320895780301, 5.054555045206357], [-74.233200981117, 5.054551582267139], [-74.23313351503047, 5.0545209975251835], [-74.2329463201178, 5.054458476067885], [-74.23294490890336, 5.054458001008719], [-74.232928338729, 5.054451751287441], [-74.23291221136645, 5.054444428517526], [-74.23289659635361, 5.054436064235309], [-74.23288156052648, 5.054426692696709], [-74.2328671680279, 5.054416355401324], [-74.23285347939651, 5.054405096570047], [-74.23284055608013, 5.054392964041293], [-74.23282845051203, 5.0543800101947], [-74.23281721693347, 5.054366289216108], [-74.23280690147863, 5.054351862545332], [-74.23279754847188, 5.0543367889111375], [-74.23278919954605, 5.0543211351907695], [-74.23278188911038, 5.054304965560746], [-74.23277564978656, 5.054288353249142], [-74.23277050606521, 5.0542713660706164], [-74.23276648244715, 5.054254077268658], [-74.23276359441533, 5.054236562818413], [-74.23276185474053, 5.054218895985626], [-74.23276127168889, 5.054201153663978], [-74.23276184630286, 5.054183410046353], [-74.23276357782547, 5.054165742043506], [-74.23276645737889, 5.05414822658166], [-74.23277047246754, 5.054130936069798], [-74.23277560789575, 5.054113946541312], [-74.23278184034021, 5.054097330425743], [-74.23278914286497, 5.054081158349918], [-74.23279748402082, 5.054065500044354], [-74.23280682964649, 5.054050422530327], [-74.23281713835713, 5.054035990128367], [-74.2328283651518, 5.054022263546635], [-74.23284046503129, 5.0540093043980585], [-74.23285338305388, 5.053997165266352], [-74.23286706518363, 5.053985900543107], [-74.23288145285593, 5.053975555580389], [-74.23289648480267, 5.05396617754503], [-74.23291209522884, 5.053957805469113], [-74.23292821923488, 5.0539504747637745], [-74.23294478650227, 5.0539442181360235], [-74.23296172669713, 5.05393906014952], [-74.23297896677859, 5.05393502537313], [-74.23299643368875, 5.053932129327549], [-74.23301405075537, 5.05393038482596], [-74.23303174490678, 5.053929800150574], [-74.23304943944854, 5.053930376352036], [-74.23306705858498, 5.053932112669593], [-74.2330845256028, 5.053935000200961], [-74.23310176829338, 5.05393902641602], [-74.23311729962042, 5.053943701018054], [-74.23331773967216, 5.054010645340462], [-74.23331914998505, 5.05401112130552], [-74.23333572014678, 5.054017370113903], [-74.23334369772819, 5.054020833051209], [-74.23340527472973, 5.054048748015513], [-74.23344669943532, 5.054060420964406], [-74.23346041452997, 5.054064681891664], [-74.23347698469367, 5.054070930695778], [-74.23349311295118, 5.054078253450717], [-74.23349327461862, 5.054078334576565], [-74.23365172478542, 5.054156774698267], [-74.23366717722959, 5.0541650596471746], [-74.2336822130549, 5.0541744302615115], [-74.2336882863255, 5.054178617954157], [-74.23377992380287, 5.054243674442025], [-74.23378824483757, 5.054249823115028], [-74.23380193167178, 5.0542610819269145], [-74.23381485590218, 5.0542732153359085], [-74.23382696058059, 5.054286169161528], [-74.23383819507323, 5.054299888306438], [-74.23384189761151, 5.054304840552645], [-74.23386885732475, 5.054341769949309], [-74.2339190175447, 5.054373574659868], [-74.23392467932568, 5.054377265484224], [-74.23393907183433, 5.054387602752251], [-74.23395044494539, 5.054396850034667], [-74.23399053854811, 5.054431294238247], [-74.23399285227677, 5.054433305762918], [-74.2340057774146, 5.054445438259808], [-74.23401788210168, 5.054458392984894], [-74.23402767387734, 5.054470244617839], [-74.2340744171194, 5.054530211846578], [-74.23410657241554, 5.05457049906052], [-74.23412085985491, 5.054586341416743], [-74.23413299443848, 5.054583625591741], [-74.23415046045204, 5.054580730418651], [-74.23415379641041, 5.0545803096639705], [-74.23419387982482, 5.054575515665382], [-74.23420816183962, 5.05457419097625], [-74.23422585599766, 5.054573605359471], [-74.23424355055188, 5.054574182428587], [-74.2342611687974, 5.054575917805544], [-74.23427863673294, 5.054578805297446], [-74.23429587944285, 5.054582832379501], [-74.23431282109895, 5.054587981099756], [-74.23432939128348, 5.054594231686347], [-74.23434551955978, 5.054601554414449], [-74.23436113458722, 5.054609918656202], [-74.23437617043211, 5.054619290154174], [-74.23439056385406, 5.054629627407321], [-74.23440339388993, 5.0546401350270775], [-74.2344692613735, 5.054697542278714], [-74.23447011818713, 5.054698292548549], [-74.23448304243568, 5.0547104250341], [-74.23449514713457, 5.0547233788418335], [-74.23450638164996, 5.054737098874505], [-74.23451669714744, 5.054751527316994], [-74.23452605019449, 5.0547666000102005], [-74.23453439916659, 5.0547822546012116], [-74.23454170874513, 5.054798423296199], [-74.23454654458892, 5.054810995538236], [-74.23455003251144, 5.054820779897897], [-74.2345505157466, 5.054821519116279], [-74.23455851595772, 5.054834543169319], [-74.23456442313858, 5.0548453625545635], [-74.23457081730388, 5.054848417701668], [-74.23458643233955, 5.054856781935775], [-74.23460146819299, 5.054866153426279], [-74.23460923018719, 5.054871549438604], [-74.2346150869635, 5.05487004534204], [-74.23462935089326, 5.054866792516465], [-74.23464681780925, 5.054863896422179], [-74.23466443578738, 5.054862151868988], [-74.23468212904915, 5.054861567144459], [-74.23469982360689, 5.054862143294308], [-74.2347174427609, 5.054863878654909], [-74.23473490980118, 5.054866766133824], [-74.23475215252073, 5.0548707941059785], [-74.23476909508787, 5.0548759428098275], [-74.23478566528021, 5.05488219247701], [-74.23480179266447, 5.054889515192416], [-74.23481740770289, 5.0548978794199835], [-74.23482583230384, 5.0549029611013845], [-74.23484086017348, 5.0549124031759725], [-74.23485046712192, 5.0549147934959], [-74.23486740969217, 5.054919943101529], [-74.23488397988605, 5.054926192765684], [-74.23490010727203, 5.054933515478098], [-74.23491572231232, 5.054941879702716], [-74.23491964454155, 5.054944193986636], [-74.23504850726738, 5.055021682967394], [-74.23505962090081, 5.055028741066595], [-74.2350740134365, 5.0550390773964615], [-74.23508770121022, 5.05505033707453], [-74.23510062547412, 5.055062468638285], [-74.23511273019243, 5.05507542333455], [-74.23511861653712, 5.055082382812587], [-74.23518362102712, 5.055161919753644], [-74.23520945731684, 5.055187815183705], [-74.23521779681931, 5.05519655518567], [-74.2352242422656, 5.055198099186719], [-74.23523134147854, 5.055199902528705], [-74.23524493797014, 5.055203937431714], [-74.23528311767312, 5.055216370130045], [-74.23528646375696, 5.055217483010231], [-74.23530303395881, 5.055223731755971], [-74.23531916135512, 5.05523105445495], [-74.2353347764081, 5.055239419571143], [-74.23534981227652, 5.0552487901345575], [-74.23536420572498, 5.055259127358702], [-74.23536640519644, 5.055260836886353], [-74.23540172471469, 5.055288583582546], [-74.23541321302527, 5.055298132818708], [-74.23542613639907, 5.055310265279724], [-74.23543824202878, 5.055323219060572], [-74.23544947657345, 5.055336939069255], [-74.23545979209916, 5.055351366584222], [-74.2354691442761, 5.055366440162642], [-74.23547749327737, 5.055382093828966], [-74.2354848037911, 5.055398263408735], [-74.23548911173064, 5.055409368130187], [-74.23552731399823, 5.055514633823497], [-74.23552924546527, 5.05552014227202], [-74.23553021103402, 5.055523047600605], [-74.23554355799268, 5.055563951444389], [-74.23555630615668, 5.055595513314924], [-74.23556103560831, 5.0556081137949045], [-74.23557330590366, 5.055617012783886], [-74.23558699459859, 5.055628271539577], [-74.23559991798456, 5.055640404899439], [-74.23561202362465, 5.0556533586745624], [-74.23562325727731, 5.055667078679524], [-74.23562713534153, 5.05567227125622], [-74.23569683102832, 5.055767959158036], [-74.2357032685021, 5.055777194089986], [-74.23570795357658, 5.05578446981986], [-74.23571406192826, 5.055794298032404], [-74.2357225617829, 5.055801465151149], [-74.23573548607555, 5.055813597600252], [-74.23574759081946, 5.055826551373047], [-74.2357588253806, 5.055840271372436], [-74.23576914092264, 5.055854698878633], [-74.23577849311572, 5.055869772448822], [-74.23578684213454, 5.055885427012331], [-74.23579415266207, 5.05590159568031], [-74.23579806696564, 5.055911623513988], [-74.23581143782887, 5.055947986941882], [-74.23581376384882, 5.0559545722702826], [-74.23581890676529, 5.055971559402846], [-74.23582293138199, 5.055988847255998], [-74.23582581860961, 5.056006361671398], [-74.23582755928435, 5.056024028471774], [-74.23582814243423, 5.056041771673684], [-74.23582756791507, 5.056059515273], [-74.23582583648499, 5.056077183263923], [-74.23582583023743, 5.056077219468397], [-74.23582523026056, 5.056081535671738], [-74.23582141824802, 5.056107376292956], [-74.23581914501032, 5.0561205402463525], [-74.23581512910371, 5.056137829856177], [-74.2358099937575, 5.0561548193922174], [-74.23580376229273, 5.056171435520075], [-74.23579986866895, 5.056180406938709], [-74.23578490918403, 5.056213243121299], [-74.23576391435924, 5.056260011378534], [-74.2357881218858, 5.056260125379744], [-74.23580574107591, 5.056261861605526], [-74.23582151478104, 5.056264417491827], [-74.23585253416584, 5.056270390748312], [-74.2358542284417, 5.056270723204128], [-74.23587147029443, 5.056274749327622], [-74.23588841290422, 5.056279898895694], [-74.23590498313759, 5.05628614761781], [-74.23592111146853, 5.056293470291754], [-74.23593672565389, 5.056301836291576], [-74.2359517624581, 5.056311206830874], [-74.23596615413409, 5.056321543131861], [-74.23597984285155, 5.056332801873727], [-74.2359927671607, 5.056344934313747], [-74.23600388446532, 5.056356766181482], [-74.2360599707817, 5.05642015728372], [-74.2360609582393, 5.056421280084755], [-74.23607219281902, 5.0564350000743365], [-74.2360825074771, 5.056449427573002], [-74.2360918605905, 5.0564645011328055], [-74.236100209627, 5.056480155688303], [-74.23610751926768, 5.056496323445812], [-74.23610773500981, 5.056496846016996], [-74.23612977744426, 5.056550486606998], [-74.23615601735632, 5.056605026718592], [-74.23617164125554, 5.056634207942031], [-74.23621096253721, 5.056689959076295], [-74.23621499259525, 5.0566958344915], [-74.23622434481386, 5.056710908049386], [-74.23623269385601, 5.0567265616966965], [-74.23623700903808, 5.056735762664688], [-74.2362573017177, 5.056781218014753], [-74.23625992181951, 5.05678728432013], [-74.2362848695861, 5.0568470286623555], [-74.23630017141821, 5.056878136843308], [-74.23630403306028, 5.056882751267796], [-74.23631138269451, 5.056891931969448], [-74.23632169826897, 5.056906359459312], [-74.23633105049217, 5.056921432109405], [-74.23633546983307, 5.0569294113782775], [-74.23635838643156, 5.056972472102317], [-74.23636231614304, 5.056980148287332], [-74.23636809399602, 5.056992685227336], [-74.23639471414795, 5.05705452825343], [-74.23639624595214, 5.057058159969415], [-74.23640023373865, 5.05706838580929], [-74.23642457600359, 5.057134748200473], [-74.23642928202811, 5.057146872779244], [-74.23648604245258, 5.057219753125168], [-74.23650543691119, 5.057240715951265], [-74.23652450596018, 5.057251863974482], [-74.23653849043781, 5.057260623941248], [-74.2365528830486, 5.057270961124554], [-74.23656583247576, 5.057281573410177], [-74.23660640372748, 5.057316973754021], [-74.2366071421466, 5.057317620191844], [-74.23662006648838, 5.0573297526113254], [-74.23663217128139, 5.057342706355791], [-74.23664340589305, 5.057356427233054], [-74.23665372148172, 5.057370853809014], [-74.23666307372244, 5.057385927355415], [-74.23667142278808, 5.0574015818968405], [-74.23667681094199, 5.057413215666071], [-74.23669782015467, 5.057461541501078], [-74.23669974257434, 5.057466076379405], [-74.23670598294318, 5.057482689522784], [-74.23671112590125, 5.057499675734019], [-74.2367151505613, 5.057516964477526], [-74.23671803782874, 5.057534478880607], [-74.2367186984212, 5.0575411859107815], [-74.23672383565078, 5.057546120010446], [-74.23673594135275, 5.057559073749673], [-74.23674717506867, 5.05757279462532], [-74.23674821532727, 5.057574161623565], [-74.23677614179392, 5.0576111206462135], [-74.23678541713338, 5.057624181124925], [-74.2367875057161, 5.057627361179094], [-74.23679443844304, 5.0576341367667395], [-74.23679687024294, 5.0576365434546915], [-74.23680897594814, 5.057649497191752], [-74.23682020966561, 5.057663217160527], [-74.2368265956213, 5.057671911091969], [-74.23683948566284, 5.057690210781482], [-74.23684341530925, 5.0576959452304004], [-74.23685276756021, 5.057711018771677], [-74.23686111663415, 5.057726672403575], [-74.2368627408645, 5.057730031591969], [-74.23686543511536, 5.057735700537589], [-74.23687136041777, 5.057746046632905], [-74.23687833469859, 5.057759025544031], [-74.23689565418074, 5.057793467705338], [-74.2368963972474, 5.057794660641353], [-74.2369042118045, 5.057805377722898], [-74.23691072802875, 5.0578147219654], [-74.2369200811857, 5.057829795503127], [-74.23692843026672, 5.057845450942951], [-74.23693573994923, 5.057861618681656], [-74.23693765739466, 5.05786638339077], [-74.23695025166353, 5.057898561676361], [-74.23695457549982, 5.057910409199017], [-74.236959719374, 5.057927396308747], [-74.23696374314338, 5.057944685049941], [-74.23696401739883, 5.0579460851783], [-74.23696481233694, 5.057947984674798], [-74.23696856432778, 5.057957573063728], [-74.23696874118937, 5.057958052277462], [-74.23696880272364, 5.057958145355838], [-74.2369781558846, 5.057973218891829], [-74.23698257524262, 5.057981198152341], [-74.23701408558138, 5.058040407831564], [-74.23701801530737, 5.0580480831040555], [-74.23702532589942, 5.058064251743636], [-74.23703156628525, 5.05808086488014], [-74.23703670926142, 5.058097851990054], [-74.23704073303317, 5.058115139825132], [-74.2370418168617, 5.0581209195165036], [-74.23704719213383, 5.058151424101669], [-74.23704899739263, 5.058163158805283], [-74.23704935651972, 5.058166012807366], [-74.23706686635619, 5.0581714345009585], [-74.23706809152651, 5.05817181670778], [-74.23710149814461, 5.058182336535145], [-74.23710734428585, 5.058184251722115], [-74.23712391457619, 5.058190500397974], [-74.23713841276843, 5.058197025378518], [-74.23716991195137, 5.058212329879806], [-74.2371715412465, 5.058213127529119], [-74.23718715639318, 5.058221492576592], [-74.23718952128881, 5.058222876950289], [-74.23723152086603, 5.058247750615061], [-74.23724419193513, 5.058255736736477], [-74.23725858548144, 5.058266073893952], [-74.23727227336134, 5.058277332594083], [-74.23728519683335, 5.058289464993978], [-74.23729730256134, 5.0583024187163], [-74.23730853720396, 5.058316138669329], [-74.23731885282861, 5.058330567036562], [-74.23732820509986, 5.058345639660946], [-74.23733655419731, 5.058361294186413], [-74.23734280519355, 5.058374935888549], [-74.2373662021202, 5.058429959981285], [-74.23736726172866, 5.058432486912112], [-74.23737243604553, 5.058446014853627], [-74.23737816598137, 5.058462283319545], [-74.23737923206414, 5.058465368508031], [-74.23738187161173, 5.058473586414298], [-74.23738257984373, 5.058475915861906], [-74.237384265607, 5.058478414452434], [-74.23738555602608, 5.058480370004922], [-74.23738923810397, 5.058483547917265], [-74.23740216338555, 5.058495679404939], [-74.23741426821958, 5.0585086340300185], [-74.23742550286879, 5.058522353979457], [-74.23743156041883, 5.058530583453659], [-74.23745017739174, 5.058556897882099], [-74.23745443547152, 5.058563095866735], [-74.23746378865239, 5.058578168485745], [-74.23747213775702, 5.058593823007825], [-74.2374794474662, 5.05860999163947], [-74.2374846217875, 5.058623519579099], [-74.23749321760151, 5.058647922272972], [-74.2374942836853, 5.058651007461043], [-74.23749942668076, 5.058667994562928], [-74.23750012199237, 5.058670647053414], [-74.23750871974, 5.058704142215769], [-74.23751204912176, 5.058718777551443], [-74.23751356910644, 5.058727106172524], [-74.2375173925467, 5.058750074803206], [-74.23751826765998, 5.058755703787191], [-74.237524344486, 5.058769328626767], [-74.23753058399222, 5.058785941755057], [-74.2375357278928, 5.0588029288543686], [-74.23753975258826, 5.058820216679923], [-74.23754083735525, 5.058826011749042], [-74.2375422712514, 5.058834145999392], [-74.23754407288693, 5.058845866228654], [-74.23754472830339, 5.058851266714298], [-74.23754841082493, 5.058858476473839], [-74.23755572144097, 5.058874644196771], [-74.23756196185188, 5.058891257322539], [-74.2375671048524, 5.058908244422865], [-74.23757112954999, 5.058925532247823], [-74.23757401775903, 5.058943047542258], [-74.23757575670265, 5.058960714326278], [-74.2375763408225, 5.058978456606179], [-74.23757576546593, 5.058996200196164], [-74.23757403499835, 5.059013868178766], [-74.23757115558972, 5.059031383633031], [-74.23756713973488, 5.05904867415001], [-74.23756200533562, 5.059065663691154], [-74.23755577210527, 5.059082279833728], [-74.23754846968437, 5.059098451040787], [-74.23754012862433, 5.0591141102977675], [-74.23753078398306, 5.059129187867008], [-74.23752047534198, 5.059143620335913], [-74.23750924769996, 5.0591573460911485], [-74.23749714876796, 5.059170306228659], [-74.23748422987302, 5.059182445456715], [-74.23747054776132, 5.059193711187678], [-74.23745616008995, 5.059204055356241], [-74.2374411290327, 5.059213432602892], [-74.23742551677721, 5.059221804806633], [-74.23740939363535, 5.059229135640555], [-74.2373928263183, 5.059235393308685], [-74.23737588605755, 5.059240550530539], [-74.23735864590112, 5.059244586355797], [-74.23734117980463, 5.059247482546915], [-74.23732356173394, 5.059249226295161], [-74.23730586747332, 5.059249812026898], [-74.23728817280882, 5.059249235073256], [-74.23727055444586, 5.059247499811811], [-74.23725308638652, 5.059244612434896], [-74.23723584354708, 5.05924058546681], [-74.23721890085423, 5.0592354368607175], [-74.2372023305311, 5.059229186384626], [-74.2371865697006, 5.059222044930152], [-74.23717287232657, 5.059215301271898], [-74.23717250564277, 5.0592151210094105], [-74.23715689047098, 5.059206756872458], [-74.23714185447984, 5.059197385476032], [-74.23712746181289, 5.059187048319121], [-74.23711377391182, 5.059175789620313], [-74.23710084951821, 5.059163657222593], [-74.23708874377306, 5.059150703499898], [-74.23708499715688, 5.059146327736217], [-74.23708016150172, 5.05914055792436], [-74.23707712541639, 5.059137346204008], [-74.23707012776131, 5.0591296523622455], [-74.23705889310277, 5.059115931502816], [-74.2370485774679, 5.05910150403823], [-74.23703922518702, 5.059086431411226], [-74.23703087608224, 5.059070776882779], [-74.23702356547268, 5.059054608246554], [-74.23701905065474, 5.059042931196576], [-74.23701284338051, 5.059025706345214], [-74.23701111779754, 5.059020770261293], [-74.23701064138454, 5.059019350613229], [-74.23700682081704, 5.059007866772418], [-74.23700215514388, 5.05899229931066], [-74.2369981304597, 5.0589750114786], [-74.23699524226689, 5.058957497082676], [-74.23699350333867, 5.058939830293232], [-74.23699291833083, 5.058922087105779], [-74.2369933798957, 5.058906183216246], [-74.23699163289592, 5.058899946955529], [-74.23698760821317, 5.058882659123164], [-74.23698472002164, 5.058865144726959], [-74.23698336712698, 5.05885262106702], [-74.23698194871109, 5.058851210455966], [-74.23696984387739, 5.058838256727203], [-74.23695860922706, 5.058824535864164], [-74.23694829360022, 5.0588101083961785], [-74.23693894132542, 5.0587950348611725], [-74.2369305922299, 5.058779381234614], [-74.23692747853035, 5.058772833612357], [-74.2369267101925, 5.058771162983204], [-74.23692490046723, 5.0587684827603265], [-74.23691554819543, 5.058753410129512], [-74.23691202710681, 5.0587471039653655], [-74.23689674959826, 5.0587188748897205], [-74.23689192159138, 5.058709526521681], [-74.23688461099114, 5.0586933578818725], [-74.2368800063745, 5.058681430367558], [-74.23685471215786, 5.058673596821781], [-74.23684764084248, 5.058671300331232], [-74.23683107053799, 5.058665050745953], [-74.23682793156134, 5.058663723947351], [-74.2367776530622, 5.0586421080115], [-74.2367646654433, 5.058636112171572], [-74.23674905028662, 5.058627746210335], [-74.23673401431614, 5.0586183757043885], [-74.2367196216702, 5.058608039438319], [-74.23670977221622, 5.058600090447223], [-74.23669366251656, 5.058586456696539], [-74.23668982318686, 5.0585831469768685], [-74.23667689971417, 5.058571013659121], [-74.23666479398939, 5.058558059923504], [-74.2366640443354, 5.058557199971465], [-74.2366372644992, 5.0585263326869825], [-74.23662519865721, 5.058512997947395], [-74.23662219203766, 5.058509619681577], [-74.23661095740054, 5.058495898809188], [-74.23660064178705, 5.05848147133236], [-74.23659128952563, 5.058466397789073], [-74.2365829404435, 5.058450744154781], [-74.23657562985456, 5.058434575508767], [-74.23657141982399, 5.058423738442982], [-74.2365710395587, 5.058423057843783], [-74.23656065636118, 5.058404397774827], [-74.23655429362378, 5.058392251932057], [-74.23654846499578, 5.058379597469196], [-74.23653843748072, 5.058356271499653], [-74.23653695642557, 5.058352758218846], [-74.23653071514458, 5.058336145076997], [-74.23652557217724, 5.058319157960397], [-74.23652154841581, 5.058301870119198], [-74.23651917072831, 5.058288040050254], [-74.2365141963326, 5.05825385119216], [-74.23651338940584, 5.058252766050402], [-74.23650538141412, 5.058241396057425], [-74.2364960291611, 5.058226323416079], [-74.23648767918141, 5.05821066887606], [-74.23648141098053, 5.058196985572267], [-74.2364731748442, 5.0581776066], [-74.2364721324625, 5.058175121255316], [-74.23646838047621, 5.058165532862089], [-74.23646758505649, 5.058163379112888], [-74.23646475069746, 5.058158054261961], [-74.23646082188193, 5.0581503807926], [-74.23645351130087, 5.058134212143493], [-74.23644727182989, 5.058117598996236], [-74.23644212796536, 5.0581006118796425], [-74.23643810330648, 5.058083324038661], [-74.23643803770284, 5.058082988477824], [-74.23643030296174, 5.058070585568781], [-74.23642542222052, 5.058062446126508], [-74.23641811569293, 5.058048887857356], [-74.23639851014242, 5.058009897016633], [-74.23639316425044, 5.0580005650116755], [-74.23638572365554, 5.057993386841694], [-74.23637361885108, 5.057980433094641], [-74.23636238422999, 5.057966712214184], [-74.23635206863399, 5.057952285634572], [-74.2363472459579, 5.057944787593639], [-74.23633735426945, 5.05792883830749], [-74.23633304299925, 5.0579231326321565], [-74.23633249431778, 5.057922618839789], [-74.23629776984764, 5.05788996701308], [-74.23629156943412, 5.057883948256634], [-74.23627946373134, 5.0578709945085425], [-74.23626823001833, 5.057857274528564], [-74.23625791442292, 5.057842846136835], [-74.2362485612787, 5.057827772585842], [-74.23624232801016, 5.057816325911352], [-74.236226050562, 5.057784646848438], [-74.23622530155379, 5.057783175239933], [-74.23620859116848, 5.057750160591568], [-74.2362072252849, 5.057747425229643], [-74.23619991471638, 5.057731256574826], [-74.23619367435533, 5.057714643424114], [-74.2361885314067, 5.057697657205991], [-74.23618450675754, 5.057680368456137], [-74.23618414619135, 5.057678180398528], [-74.2361737747282, 5.057670923667859], [-74.23616394112318, 5.0576637075324165], [-74.23615025236991, 5.057652448802522], [-74.23613732802673, 5.0576403163731944], [-74.23613024890632, 5.057632947498015], [-74.2360815620205, 5.057580322273654], [-74.23607653544705, 5.057574737395314], [-74.23606667483382, 5.057562795464698], [-74.23597836476685, 5.057449407001234], [-74.23597699077189, 5.057447627137723], [-74.23596667519394, 5.057433200547646], [-74.23595732386825, 5.05741812698571], [-74.2359489739149, 5.0574024724326545], [-74.23594166335805, 5.057386303772237], [-74.23593946482973, 5.057380814837844], [-74.23591940938337, 5.057329139332145], [-74.23591762102949, 5.057324401515988], [-74.2358949839739, 5.057262689303161], [-74.23587575299243, 5.057218012769954], [-74.23587140004382, 5.057209832501745], [-74.23586472401476, 5.05720185481783], [-74.23585737528506, 5.057192675013599], [-74.23584705971129, 5.057178246610249], [-74.23583770659013, 5.057163173953163], [-74.23582935754636, 5.057147519395206], [-74.23582933942974, 5.05714748233236], [-74.23579591872668, 5.057079540217848], [-74.23578900066127, 5.057064310002585], [-74.23576210046492, 5.056999888750906], [-74.23575395132163, 5.056981634278249], [-74.23572027477358, 5.056933886289636], [-74.23571624471728, 5.0569280108706645], [-74.23570689250428, 5.056912937303426], [-74.2357027955413, 5.056905562734511], [-74.2356765371941, 5.056856520285909], [-74.2356722851232, 5.056848241197972], [-74.23567123162137, 5.056846074366509]]], [[[-74.24348716192432, 5.064518608934841], [-74.24348025524225, 5.064515149539237], [-74.24346359692373, 5.064516768586661], [-74.24346091011535, 5.064516932091194], [-74.24339648926652, 5.064520537582865], [-74.24338148081426, 5.06452095910711], [-74.24333495340194, 5.064520971589936], [-74.24332048028975, 5.064520585897167], [-74.2432536699052, 5.064517014476174], [-74.24325044824329, 5.064516823416402], [-74.24323590651974, 5.06451547513397], [-74.24317625372612, 5.06450831232929], [-74.2431731760604, 5.064507924648399], [-74.24315570876921, 5.064505037470594], [-74.24313846578436, 5.064501010703588], [-74.24312152293375, 5.064495861393127], [-74.24311496130062, 5.06449353505925], [-74.2430696227359, 5.064476798984947], [-74.24305961297966, 5.064472875947355], [-74.24304348528906, 5.064465553520791], [-74.24302814725237, 5.064457349195265], [-74.24298877154824, 5.0644346289991775], [-74.24298849513218, 5.0644344693784165], [-74.24297345895103, 5.064425098169232], [-74.24295906518493, 5.064414761196487], [-74.24294537708106, 5.064403502674546], [-74.2429324524796, 5.06439137044735], [-74.24292034742469, 5.06437841688641], [-74.24290911255173, 5.064364697088035], [-74.2429055799617, 5.064359977136099], [-74.24286619719844, 5.064306154040746], [-74.24285941393288, 5.06429644486556], [-74.2428500605316, 5.064281372377982], [-74.24284171120821, 5.064265717977637], [-74.242838061902, 5.064257996988694], [-74.24282612443088, 5.064231681748173], [-74.24282246381203, 5.064223234216946], [-74.24281622319486, 5.064206621190098], [-74.24281107908958, 5.0641896341798525], [-74.24280705509639, 5.064172346430681], [-74.24280416759699, 5.064154831200911], [-74.24280242666192, 5.064137164475414], [-74.24280184326238, 5.064119421332576], [-74.24280183277988, 5.0640775502843605], [-74.24280240706118, 5.064059806728052], [-74.24280413916803, 5.064042138762273], [-74.24280559049693, 5.0640324219164725], [-74.24279679017555, 5.06402677288392], [-74.24278984753909, 5.064021964473437], [-74.24275643664811, 5.063998046592569], [-74.2427489864335, 5.063992518021151], [-74.24273891992317, 5.06398438590086], [-74.24273522524109, 5.063981252393391], [-74.24272012092725, 5.063971161075382], [-74.2427191382025, 5.0639706390762855], [-74.24268735870206, 5.06395616429322], [-74.24268180169871, 5.063956849952367], [-74.24266651819828, 5.063958296232006], [-74.24264882384945, 5.063958881235163], [-74.24263112908855, 5.063958305365067], [-74.24261350971231, 5.06395656938102], [-74.24259604243531, 5.063953682183822], [-74.24259134667916, 5.063952703144581], [-74.24256390644271, 5.063946728874169], [-74.24255135832709, 5.063943681128111], [-74.24253441549295, 5.063938531797475], [-74.24251784502297, 5.063932282405067], [-74.24250171735007, 5.063924959960081], [-74.24249747594837, 5.063922817364609], [-74.24245810124968, 5.063902489444092], [-74.24244672821767, 5.063896268074308], [-74.24243169115326, 5.063886896849116], [-74.24241729830912, 5.0638765598573725], [-74.24241298776464, 5.063873175087211], [-74.24240688593711, 5.063868282719638], [-74.24235787142766, 5.063844491579303], [-74.24235777659595, 5.063844445615917], [-74.2423248428284, 5.063828444799786], [-74.24228610646689, 5.063812100432526], [-74.24228568113041, 5.0638119211913235], [-74.24228516187323, 5.063811700509025], [-74.24227254448738, 5.063809706090631], [-74.242261960236, 5.063807816347179], [-74.24225652878081, 5.063806676755844], [-74.2421861359524, 5.063791143228282], [-74.24218120619597, 5.063790007197448], [-74.24215137884087, 5.063782835897904], [-74.2421444970907, 5.063781086531119], [-74.24212755426171, 5.063775937187952], [-74.24212262878822, 5.063774208496542], [-74.24207967650612, 5.063758667535265], [-74.24206803151594, 5.063754146820939], [-74.24205190385027, 5.0637468243623704], [-74.24205057165724, 5.06374616097716], [-74.24202432233207, 5.063733008331047], [-74.2420100391969, 5.063725307739507], [-74.24199500304316, 5.063715936499884], [-74.24198193585059, 5.0637066130559685], [-74.2419425591548, 5.063676714903583], [-74.24194123261003, 5.063675701344988], [-74.24192754543779, 5.06366444188655], [-74.2419261878568, 5.0636632410913665], [-74.24189396886996, 5.063634538029939], [-74.24188240098198, 5.063623607474756], [-74.24187029595947, 5.063610652980409], [-74.24185906112142, 5.063596933154773], [-74.24185205615966, 5.063587356491253], [-74.24182699424317, 5.063551473581465], [-74.2418236833875, 5.063546622902168], [-74.24181664206309, 5.063535485506895], [-74.24179515786115, 5.063499602064667], [-74.24179284672051, 5.063495666041813], [-74.24178449743566, 5.063480012523509], [-74.2417779743618, 5.063465729911136], [-74.24176769284807, 5.0634413767115545], [-74.24174848388887, 5.06340196103897], [-74.24170134209344, 5.06336652492859], [-74.24169897005717, 5.063364722568969], [-74.24168528289745, 5.063353464007485], [-74.24167235833897, 5.063341331743825], [-74.24166025332804, 5.063328378147927], [-74.24164901849984, 5.063314658316241], [-74.24163870269012, 5.063300230063126], [-74.24162935023337, 5.063285156640432], [-74.24162100095587, 5.063269503118307], [-74.24161369017234, 5.063253334575508], [-74.24160744869624, 5.063236721528384], [-74.24160230643865, 5.063219734494923], [-74.24159828158402, 5.063202445825262], [-74.24159744576554, 5.063198048231604], [-74.24159027820659, 5.063158571451664], [-74.24158822566916, 5.06314545561184], [-74.24158648567804, 5.063127788872039], [-74.24158646800758, 5.0631275129382125], [-74.24158409055572, 5.063090703404793], [-74.24158407288525, 5.063090427470983], [-74.24158350719706, 5.063072960251895], [-74.24158408151766, 5.063055216688194], [-74.24158581185948, 5.063037549625917], [-74.24158869204771, 5.063020033271542], [-74.24159270778839, 5.0630027427518955], [-74.24159784208233, 5.062985754103811], [-74.24159797404843, 5.062985400069133], [-74.24160362344342, 5.062970238153718], [-74.24161435328271, 5.0629439164936025], [-74.24161480505231, 5.062942816280314], [-74.24162044465396, 5.062930089233266], [-74.24161140854528, 5.062921442082923], [-74.24159930354514, 5.062908488483504], [-74.2415880687274, 5.062894768648488], [-74.24157775292772, 5.062880340392249], [-74.24156839957999, 5.062865267873193], [-74.24156731768632, 5.062863370747327], [-74.24154702729884, 5.062827486807422], [-74.24153976172629, 5.062813728594953], [-74.24153523009952, 5.062803707442438], [-74.24153481123714, 5.062803610526017], [-74.24153234767836, 5.062803022598661], [-74.24148820270345, 5.062792266703357], [-74.24148212259298, 5.062790709418958], [-74.24146517979443, 5.062785560955491], [-74.24144860936012, 5.062779311525755], [-74.24143248262679, 5.062771989042133], [-74.24141686642483, 5.062763624140132], [-74.24140183030359, 5.062754253783698], [-74.24138743749967, 5.062743916758513], [-74.2413737494571, 5.062732658187424], [-74.24136082491808, 5.062720525912856], [-74.24134871902244, 5.062707571403446], [-74.24133748421342, 5.062693851561847], [-74.24133568495992, 5.062691473545927], [-74.24132136380459, 5.062672336176997], [-74.24131284726957, 5.062660286834916], [-74.24130349483201, 5.062645213403108], [-74.2412951455733, 5.06262955987253], [-74.24128783480805, 5.0626133913219995], [-74.24128159515426, 5.062596778264382], [-74.24127645110906, 5.0625797912281305], [-74.2412761393657, 5.062578612855409], [-74.24127016867625, 5.06255588546507], [-74.24126645648397, 5.062539775160824], [-74.24126356904407, 5.062522260816162], [-74.24126182816502, 5.062504594074309], [-74.24126157430676, 5.062496862035007], [-74.24125884823835, 5.062495834870771], [-74.2412427206115, 5.062488512381852], [-74.24122710532086, 5.062480147471198], [-74.24121206920881, 5.062470777107977], [-74.24119767551194, 5.062460440077948], [-74.24118398747883, 5.062449181500461], [-74.24117106384993, 5.062437048313224], [-74.2411589579656, 5.06242409470274], [-74.24114772406843, 5.062410374853813], [-74.24113740828712, 5.062395946586038], [-74.24112805495771, 5.0623808740561795], [-74.24111970570588, 5.062365219616535], [-74.24111563145084, 5.0623565575148115], [-74.24111490108065, 5.062354932062294], [-74.24109839963295, 5.062352204017515], [-74.24108115761005, 5.062348177176534], [-74.24106421482276, 5.062343027794065], [-74.24104764440382, 5.062336779255072], [-74.24103724454531, 5.062332204552971], [-74.24100383712923, 5.062316660575644], [-74.24099810846424, 5.062313912783342], [-74.24098249408236, 5.062305547863211], [-74.2409674570748, 5.0622961774941295], [-74.24095306428734, 5.0622858404549715], [-74.24094644204784, 5.062280580805894], [-74.24093119153022, 5.062268074765071], [-74.2409048928797, 5.062250779011277], [-74.24090302270747, 5.062249537573793], [-74.2408886299219, 5.062239200532667], [-74.2408749409958, 5.0622279419478575], [-74.24086392126861, 5.062217698875417], [-74.24080306209675, 5.062157898830352], [-74.24080115820676, 5.062156009611332], [-74.24078905233469, 5.062143055990723], [-74.2407819873661, 5.062134643916223], [-74.24076280466267, 5.062110840678103], [-74.24075855765037, 5.062107639446981], [-74.24074486963148, 5.062096380856399], [-74.24073194511665, 5.062084248563068], [-74.24071984014965, 5.0620712949387405], [-74.24070860536547, 5.062057575080005], [-74.24069828959968, 5.0620431468013125], [-74.24069197880057, 5.062033223148005], [-74.24067168853729, 5.06199973058095], [-74.24066864692537, 5.061994581692257], [-74.2406602976921, 5.061978928147362], [-74.2406529869504, 5.061962758678863], [-74.2406467473216, 5.0619461456092845], [-74.24064160330276, 5.061929159467126], [-74.24063757848855, 5.061911870782601], [-74.24063709459726, 5.061909373522357], [-74.24062873326311, 5.06186511254162], [-74.24062769802708, 5.06185928662761], [-74.24062291876669, 5.061830577034734], [-74.24062154957403, 5.0618213849530616], [-74.24061980962085, 5.061803718202637], [-74.240619226298, 5.061785975041438], [-74.24061921114955, 5.061727355884686], [-74.24061936928669, 5.06171800615363], [-74.24062039399222, 5.061687998796528], [-74.24061911941106, 5.061682525313041], [-74.24061723951199, 5.06167381014115], [-74.24061571491, 5.061665454403872], [-74.2406069220057, 5.061661304588877], [-74.24059535778648, 5.061655109778136], [-74.24056710998902, 5.061657615940325], [-74.24056656958862, 5.0616576631211], [-74.24051121502413, 5.061662463339404], [-74.24050567197008, 5.061662886553299], [-74.24048797766677, 5.061663471482546], [-74.24047109875492, 5.061662948263423], [-74.24044055696885, 5.061661041519802], [-74.24043974117018, 5.061660988793852], [-74.24042212184888, 5.061659252733294], [-74.24040465462959, 5.061656364554374], [-74.24038741172535, 5.06165233859578], [-74.24037187929076, 5.061647665133537], [-74.24034610794452, 5.061639058157543], [-74.24034469761237, 5.061638582213182], [-74.24033307393337, 5.061634330143684], [-74.24026721305349, 5.061608506270435], [-74.24026226633582, 5.061606509775684], [-74.24024613964092, 5.061599187251821], [-74.24023052347901, 5.0615908223102375], [-74.24022816669513, 5.061589442460877], [-74.24022157502348, 5.061585539056793], [-74.24021496364377, 5.061582658128709], [-74.24021133595022, 5.061581046366966], [-74.24018269049466, 5.061568060165719], [-74.2401668840632, 5.061562600035404], [-74.2401536763783, 5.06155764614669], [-74.24011585348204, 5.06154232500547], [-74.24007816792712, 5.061529471022902], [-74.24006973988986, 5.061526439753922], [-74.24004873405211, 5.061518487770174], [-74.24003169745797, 5.061515238639736], [-74.24003122085847, 5.061515147261513], [-74.24000640514735, 5.061510367607147], [-74.24000471898549, 5.06151003876979], [-74.2399874760818, 5.061506010989351], [-74.23997920542277, 5.061503649883898], [-74.23994481979094, 5.061493234377419], [-74.23987043348646, 5.061474825435652], [-74.23986530307367, 5.061473500660137], [-74.2398483603144, 5.061468352142574], [-74.23984032869558, 5.061465477548555], [-74.23980214854119, 5.061451131553308], [-74.2397983740778, 5.061449681126506], [-74.23975877677519, 5.061434121773058], [-74.23973459736888, 5.061426585733606], [-74.23970319259578, 5.06141926982319], [-74.2396944494475, 5.061417079722968], [-74.239680321011, 5.061412869532246], [-74.23962782369013, 5.061395656437517], [-74.23962501026818, 5.061394716293876], [-74.23960843988041, 5.061388467708535], [-74.23959231229256, 5.061381145166949], [-74.23958057941452, 5.061374984135382], [-74.23954621599671, 5.061355851594246], [-74.23954233362583, 5.061353647663061], [-74.23952729665444, 5.061344276344953], [-74.23951290390849, 5.061333940167496], [-74.23951070440519, 5.061332230661936], [-74.23947538437601, 5.0613044843181365], [-74.23946684683885, 5.061297491073572], [-74.2394531887702, 5.061285830651527], [-74.23942634306542, 5.061267893447766], [-74.23942610997126, 5.061267738266069], [-74.23941171722663, 5.061257401180702], [-74.23939802834325, 5.061246142552981], [-74.23938510205791, 5.061234007511147], [-74.23937702350746, 5.061225910419446], [-74.2393544434929, 5.061211984226837], [-74.23934592418378, 5.061206507411726], [-74.23933153144158, 5.061196170323913], [-74.23931784346304, 5.0611849116920915], [-74.23930491899009, 5.061172779358941], [-74.23929281316401, 5.061159825698161], [-74.23928289182834, 5.061147805242849], [-74.23924565764665, 5.061099962123185], [-74.23924434514515, 5.061098262681528], [-74.23923402942651, 5.0610838343673965], [-74.23922920759625, 5.061076338170334], [-74.23920724721187, 5.0610409323326975], [-74.23920271757986, 5.061033355047781], [-74.23919436749115, 5.061017700568773], [-74.2391870568019, 5.061001532881274], [-74.23918081631997, 5.060984919787359], [-74.23917567415316, 5.060967932713539], [-74.23917164938955, 5.060950644913184], [-74.23916929814835, 5.0609370021167885], [-74.23916859693183, 5.060932200710804], [-74.23915778375394, 5.060931847713424], [-74.23914492891139, 5.060930696958053], [-74.23910293485375, 5.060925922081804], [-74.23909817039358, 5.060925338545288], [-74.23909772994915, 5.0609252796703466], [-74.23904046407581, 5.060917637703094], [-74.23902343641807, 5.060914809261984], [-74.23900619353243, 5.060910782354782], [-74.23898925078848, 5.060905632904574], [-74.2389726804147, 5.0608993833934885], [-74.2389565528436, 5.060892060831227], [-74.23894093761392, 5.060883696753205], [-74.2389259015626, 5.060874325414496], [-74.2389115079311, 5.0608639883155275], [-74.23889781996604, 5.060852729671215], [-74.2388848964093, 5.06084059732429], [-74.23887279059747, 5.060827643651961], [-74.23886735365055, 5.060821232593544], [-74.2388406218743, 5.06078869869255], [-74.23883482409492, 5.060781388939625], [-74.23882450839393, 5.060766962424987], [-74.23881515604315, 5.060751888935531], [-74.23880680687014, 5.060736234446475], [-74.23879949619258, 5.060720065846516], [-74.23879325572409, 5.060703452745634], [-74.23878811267008, 5.060686466572099], [-74.23878636347625, 5.060679564383584], [-74.23878063064096, 5.060655639420742], [-74.23877835598702, 5.060645253801597], [-74.23877546682759, 5.060627739429766], [-74.2387737278367, 5.060610072658933], [-74.23877314457279, 5.0605923294828115], [-74.2387731559678, 5.060589781507028], [-74.23867895958962, 5.060504616067133], [-74.23866887052833, 5.060495011769114], [-74.23865676562849, 5.0604820571834255], [-74.23864553091468, 5.060468337270815], [-74.2386352152221, 5.06045390984597], [-74.2386258628813, 5.06043883635146], [-74.2386175137198, 5.0604231827625386], [-74.23861020305013, 5.060407013253465], [-74.23860396349328, 5.060390400146955], [-74.23859881954597, 5.0603734139716625], [-74.23859479570494, 5.0603561252562], [-74.23859190745573, 5.0603386108801445], [-74.2385901675701, 5.060320944108978], [-74.2385895843133, 5.060303200931246], [-74.23859015873217, 5.060285457349276], [-74.23859189007054, 5.0602677902736515], [-74.23859476944621, 5.060250273916085], [-74.23859878437125, 5.060232984304768], [-74.23860391964556, 5.0602159947586545], [-74.23861015194817, 5.0601993786121815], [-74.238617454342, 5.060183205587494], [-74.23862579538363, 5.060167548129769], [-74.23863514090532, 5.0601524696412294], [-74.23864544952787, 5.0601380371571585], [-74.238656677153, 5.0601243113843575], [-74.23866877606973, 5.060111351226867], [-74.23868169405043, 5.06009921288295], [-74.23869537705247, 5.060087947125449], [-74.23870976471353, 5.06007760292967], [-74.2387247957605, 5.060068224748594], [-74.23874040710697, 5.060059852514588], [-74.23875653114638, 5.0600525216446135], [-74.23877309846067, 5.060046263939844], [-74.23879003872085, 5.060041106679154], [-74.2388072788807, 5.060037071717698], [-74.23882474498136, 5.060034175483508], [-74.23884236305534, 5.0600324298806045], [-74.23886005732714, 5.060031845006844], [-74.2388777520023, 5.0600324210071355], [-74.23889537128636, 5.06003415802646], [-74.23891283846191, 5.06003704535375], [-74.23893008132139, 5.06004107136456], [-74.23894702404107, 5.060046220822102], [-74.23896359439104, 5.060052470339377], [-74.23897972193907, 5.0600597929067375], [-74.23899533714669, 5.060068156988759], [-74.23901037317717, 5.060077528330408], [-74.23902476588694, 5.06008786543303], [-74.23903845473654, 5.060099124076618], [-74.23904128921774, 5.060101651226355], [-74.23913913811782, 5.060190120340548], [-74.23914139840011, 5.0601915284295576], [-74.23915579201653, 5.060201865526378], [-74.23916947996828, 5.060213124167721], [-74.23918240351364, 5.0602252565109485], [-74.23919450931609, 5.060238210178963], [-74.23919724668553, 5.060241388978925], [-74.23920322624258, 5.06024844231901], [-74.23921243830948, 5.060256180751545], [-74.23922536275879, 5.0602683130917505], [-74.23923746856292, 5.060281266758537], [-74.23924449139588, 5.060289844521541], [-74.23925036750728, 5.060288056225742], [-74.23926760766572, 5.060284020346327], [-74.23927137798061, 5.060283294710781], [-74.23930764477716, 5.060276586704775], [-74.23932134056376, 5.060274416091925], [-74.23933895864118, 5.060272671379061], [-74.23935665291398, 5.060272085585432], [-74.23937434669224, 5.060272662476975], [-74.23939196597927, 5.060274398576027], [-74.23940943406276, 5.060277285886066], [-74.23941288588534, 5.060277996797417], [-74.23948924311303, 5.0602942467926395], [-74.23950303325452, 5.060297561876447], [-74.23951997598226, 5.060302711316191], [-74.23953654634127, 5.060308960815801], [-74.23955267389934, 5.060316283365693], [-74.23956793682537, 5.060324443617032], [-74.23960277752613, 5.0603445334541135], [-74.23960312981694, 5.06034473636278], [-74.23961816586008, 5.060354107686522], [-74.2396325585834, 5.060364444771677], [-74.23964624744735, 5.060375703398297], [-74.23965917190554, 5.060387835727248], [-74.23967127681681, 5.06040078938494], [-74.23968251154811, 5.060414510179567], [-74.23969282725899, 5.060428937582198], [-74.23970217962055, 5.060444011055272], [-74.23971052880509, 5.060459664623743], [-74.23971215034136, 5.060463018375753], [-74.23972647429865, 5.060493161943507], [-74.23973216345792, 5.060505977680996], [-74.23973733694054, 5.060519503778762], [-74.23975452790435, 5.060568308146843], [-74.23975559490906, 5.060571395135501], [-74.23976073798653, 5.060588382200244], [-74.23976476276029, 5.060605669993849], [-74.23976765196399, 5.060623194307672], [-74.23977482550343, 5.060677751649035], [-74.23977656268409, 5.060695401222497], [-74.2397771459759, 5.06071314439094], [-74.23977657159212, 5.060730887965883], [-74.23977484119257, 5.06074855593992], [-74.23977196094694, 5.060766071392138], [-74.2397679451544, 5.060783361910145], [-74.23976280991188, 5.060800351458844], [-74.2397565785417, 5.060816967608572], [-74.23974978564509, 5.060832013173287], [-74.23976646639997, 5.060843158394148], [-74.23976669859341, 5.060843314482279], [-74.23978109133098, 5.060853651560745], [-74.23979182926776, 5.060862354304978], [-74.23981340632979, 5.060880774799001], [-74.23982408230691, 5.060889160976602], [-74.23983719579199, 5.060893460876718], [-74.23986666058917, 5.060900323570223], [-74.23987540463588, 5.060902515477605], [-74.23988575454737, 5.060905515927466], [-74.23992870611836, 5.060918904546104], [-74.23993529894881, 5.060921051711436], [-74.23994710502063, 5.06092537673252], [-74.2399939091009, 5.060943767918318], [-74.24001540240705, 5.060951843839428], [-74.24008121527453, 5.060968132027802], [-74.24008634568138, 5.060969455897672], [-74.2400946163332, 5.060971817003367], [-74.24012223965688, 5.060980184294255], [-74.24013306334707, 5.060982268161816], [-74.2401728863756, 5.060989863808059], [-74.24017504913685, 5.060990284928289], [-74.24019229112201, 5.060994311803788], [-74.24020923387027, 5.060999461219594], [-74.24021788311272, 5.061002568068951], [-74.2402566404442, 5.061017239576031], [-74.2402972685387, 5.06103109588045], [-74.24031148476212, 5.061036395285104], [-74.24034980519228, 5.061051919051078], [-74.24037081871955, 5.061059178831522], [-74.24038616114306, 5.061065006297358], [-74.2403941370316, 5.0610684691202295], [-74.24043242124951, 5.061085823385657], [-74.24045255248376, 5.061094595890025], [-74.24046433096926, 5.061100068255294], [-74.24047994711947, 5.061108433193514], [-74.24048230390167, 5.0611098130422905], [-74.24048454418327, 5.061111139730266], [-74.24050341406475, 5.061118538428899], [-74.24051953947387, 5.061117140367282], [-74.24058431601885, 5.061111391962501], [-74.24059040037204, 5.061110922471472], [-74.24060058484994, 5.061110443316022], [-74.24063494336511, 5.061109478109727], [-74.24063768019923, 5.061109528964905], [-74.24064245317302, 5.061109371431614], [-74.24066014786736, 5.061109947375612], [-74.24067776627015, 5.061111683434948], [-74.24069523437426, 5.061114570703302], [-74.24071130365485, 5.061118285840176], [-74.24074757348774, 5.061127846269243], [-74.24074874709797, 5.06112815799058], [-74.24076568984907, 5.061133306485073], [-74.24078226023707, 5.061139556849321], [-74.24079454671026, 5.06114501828144], [-74.24081268260697, 5.061153627205798], [-74.24081652372121, 5.061155488283723], [-74.24083213897133, 5.0611638523089155], [-74.2408435377447, 5.0611708300969305], [-74.24085518932509, 5.061178363859927], [-74.24086811241386, 5.061184076513154], [-74.24087856880212, 5.061188969608562], [-74.24089418405357, 5.061197333631855], [-74.24090922013065, 5.061206704915968], [-74.24091104787499, 5.0612079382922035], [-74.24092434097837, 5.0612169980410915], [-74.24097822728774, 5.061246691156501], [-74.24098314842537, 5.061249470357712], [-74.2409981845029, 5.0612588407343395], [-74.24101257816645, 5.0612691777764915], [-74.24102626616768, 5.061280436364831], [-74.24103918976462, 5.061292568656884], [-74.24105129562058, 5.061305522275809], [-74.24106253039366, 5.061319242130324], [-74.24107284615071, 5.06133367040436], [-74.24108219855746, 5.061348743846042], [-74.24109054778776, 5.061364397385269], [-74.24109764097066, 5.061380041569065], [-74.24111554748849, 5.061423103463293], [-74.24111576504663, 5.0614236287423084], [-74.24112200467802, 5.061440241805917], [-74.24112714870321, 5.061457228847184], [-74.24112881697141, 5.061463791873122], [-74.24113717632555, 5.061498482644134], [-74.24113953107384, 5.061509208300777], [-74.24114201403525, 5.061523764687227], [-74.24114870568474, 5.061570648286527], [-74.24115437806954, 5.061594997677445], [-74.24115625887725, 5.061603712844357], [-74.24115914630428, 5.06162122719171], [-74.24116088627005, 5.061638893937303], [-74.24116146960642, 5.061656637094513], [-74.24116147846628, 5.061692525555244], [-74.24116132033687, 5.061701875284539], [-74.24116029569113, 5.06173190073253], [-74.241160298288, 5.061741783088207], [-74.24117344035398, 5.061757278143343], [-74.24117777517176, 5.061762520460209], [-74.24119297463184, 5.0617813819970054], [-74.2412146348159, 5.061802665093624], [-74.24123517731121, 5.061798539582044], [-74.24123545782506, 5.061798482945936], [-74.24125292394424, 5.061795586637453], [-74.24127054204554, 5.061793842768066], [-74.24128823634643, 5.061793257816749], [-74.24130593105579, 5.061793833738354], [-74.24132355037557, 5.0617955688685825], [-74.2413327169563, 5.061796937467655], [-74.24134703412638, 5.061799326773423], [-74.24135533476685, 5.061800846326326], [-74.24137257767838, 5.0618048740662935], [-74.24138951954704, 5.0618100225405245], [-74.24140608995421, 5.061816271978161], [-74.2414222175634, 5.061823594466818], [-74.24143211139848, 5.061828740166037], [-74.24145410854823, 5.061840764567182], [-74.24146412395508, 5.061845783358988], [-74.2414784007221, 5.061853483082048], [-74.2414934377206, 5.061862852535265], [-74.24150783050271, 5.061873189562745], [-74.24152151762289, 5.06188444813691], [-74.24153444304602, 5.061896580410175], [-74.24154654802315, 5.061909534920956], [-74.24155778281812, 5.061923254761496], [-74.24156809859532, 5.061937682117499], [-74.24157516835407, 5.061949076433404], [-74.24158155628253, 5.061949284958365], [-74.24159217472021, 5.0619501911244855], [-74.24161484286832, 5.061952577076908], [-74.24162184375534, 5.061953406936841], [-74.24163493042231, 5.061955459290184], [-74.24166117812962, 5.061960237938486], [-74.24166555868591, 5.061961072822887], [-74.24168280160009, 5.061965099648249], [-74.24169974437774, 5.061970249015783], [-74.24171631478869, 5.061976497538906], [-74.24173244240389, 5.061983820017945], [-74.24174805768456, 5.06199218491788], [-74.24176309379025, 5.062001556174398], [-74.24177748657708, 5.062011892289222], [-74.24179117551037, 5.0620231517571], [-74.24180409913596, 5.062035284026495], [-74.24181620502108, 5.062048237623687], [-74.24182743982541, 5.062061958362309], [-74.241831237462, 5.062067039741907], [-74.24185391346265, 5.062098138977529], [-74.24186043070782, 5.062107484044095], [-74.2418697840461, 5.062122556560289], [-74.24187813330907, 5.062138210986703], [-74.24188544407913, 5.062154379528501], [-74.24189168373991, 5.062170992577772], [-74.24189682779412, 5.062187979606187], [-74.24190085173933, 5.062205267371037], [-74.24190373919221, 5.062222781709167], [-74.24190548008562, 5.062240448445342], [-74.24190606344669, 5.062258191596421], [-74.24190571837518, 5.062268869041092], [-74.24191098376667, 5.0622704695066325], [-74.24192755418666, 5.062276718021911], [-74.24194368271354, 5.062284040491477], [-74.24195929800383, 5.062292405383783], [-74.24197433411763, 5.062301775728047], [-74.24198872691618, 5.06231211274043], [-74.24200241495559, 5.062323371298213], [-74.24201533949375, 5.062335503559113], [-74.24202744539087, 5.062348458054636], [-74.24203848391218, 5.062361922197047], [-74.24205041790516, 5.06237747111783], [-74.24205061329444, 5.062377726804799], [-74.24206092909034, 5.062392154148292], [-74.24207028244, 5.062407227564121], [-74.24207863171247, 5.062422881985726], [-74.24208594158958, 5.062439050524843], [-74.24209218216181, 5.062455663568377], [-74.24209732532263, 5.062472650594945], [-74.24210135017879, 5.062489938354925], [-74.2421042385423, 5.062507452688641], [-74.24210470039246, 5.06251116334147], [-74.24210709154619, 5.062531498928131], [-74.242108369697, 5.062545455915766], [-74.24210895306585, 5.062563199065069], [-74.2421083787551, 5.062580941721081], [-74.24210664842774, 5.062598609686002], [-74.24210563228468, 5.062605635691317], [-74.24210793615434, 5.0626085999593045], [-74.24211825195619, 5.062623027300587], [-74.24212760440928, 5.062638100716072], [-74.24213595458959, 5.06265375513403], [-74.24214326537255, 5.0626699227648615], [-74.242144508299, 5.062672984978327], [-74.24216747116672, 5.062730505963138], [-74.24217608505451, 5.06275100785669], [-74.24217669057802, 5.062752460727705], [-74.24218293115732, 5.062769073768896], [-74.24218807342076, 5.062786059890315], [-74.24219209828489, 5.062803348553288], [-74.24219486398404, 5.0628199411174615], [-74.24220084061237, 5.062864203004426], [-74.24220096328256, 5.0628651247724505], [-74.24220270328752, 5.062882791506809], [-74.24220328666146, 5.062900534655141], [-74.242202712357, 5.062918278215289], [-74.24220218217502, 5.062925098800555], [-74.24219980244739, 5.062951418013816], [-74.24219926052618, 5.06295681535236], [-74.24219687978699, 5.062978349017023], [-74.24219622066445, 5.062983799059559], [-74.24219334139376, 5.063001314506056], [-74.24218932657227, 5.063018605023772], [-74.24218419139427, 5.063035594579354], [-74.24217795918186, 5.063052210743056], [-74.24217517016116, 5.06305838781745], [-74.24219021598853, 5.063079928758741], [-74.24219352865651, 5.0630847839567314], [-74.24220288111862, 5.0630998564640475], [-74.24221123040854, 5.063115511785456], [-74.24221194331899, 5.063116969879108], [-74.2422320196398, 5.0631583907419095], [-74.24225704883217, 5.063209750505946], [-74.24226311264133, 5.063223093893407], [-74.24226883668395, 5.06323665146842], [-74.24227565290376, 5.063248037208229], [-74.24227705714397, 5.063250046815093], [-74.24227762928952, 5.06325055784064], [-74.24228496497456, 5.0632561273570085], [-74.24229214339714, 5.063258724867841], [-74.24230490358354, 5.063261793026197], [-74.2423648565915, 5.063275022129454], [-74.2424021382778, 5.063280915999663], [-74.24241272251835, 5.063282804838037], [-74.242429964567, 5.063286831635329], [-74.24244690738276, 5.06329198097318], [-74.24246347783466, 5.063298230371687], [-74.2424653588771, 5.063299018471554], [-74.24249638147198, 5.063312170083117], [-74.24254129466597, 5.063331121112723], [-74.24255433820407, 5.063337036164501], [-74.24259371328915, 5.063356167925136], [-74.24266998150557, 5.0633931866571995], [-74.24267170384559, 5.063394030254521], [-74.24268731917107, 5.063402395120145], [-74.24269751553378, 5.063408599745294], [-74.2426989915383, 5.063408497382313], [-74.2427166858719, 5.063407912381468], [-74.24273437971489, 5.063408488254632], [-74.24275199907544, 5.063410224238989], [-74.24276946723924, 5.063413111433729], [-74.24278373645407, 5.06341635855124], [-74.24283503965228, 5.0634295046830635], [-74.24283801339374, 5.063430285254722], [-74.24285495531007, 5.063435433677078], [-74.24287152576733, 5.063441683063246], [-74.24288765342884, 5.063449005501044], [-74.24289626105772, 5.063453453314196], [-74.2429192606004, 5.063465863884424], [-74.24295034468416, 5.0634800224073375], [-74.24295805118933, 5.063483680239593], [-74.24296497336303, 5.063487226476411], [-74.24298525737511, 5.063497987357625], [-74.24299395053158, 5.063502805977715], [-74.24300875178463, 5.063512020205717], [-74.24304812705867, 5.063538327993803], [-74.24304836286646, 5.063538485882996], [-74.2430627557084, 5.063548822860163], [-74.2430728231158, 5.0635569549744535], [-74.24307985367322, 5.063562917753495], [-74.24308262307913, 5.063564900306132], [-74.24313477060406, 5.063584996456134], [-74.24314118560888, 5.063587563753599], [-74.24315731327579, 5.063594886183026], [-74.24317292860837, 5.063603250129333], [-74.2431879656717, 5.063612621336349], [-74.24320235761469, 5.063622958311188], [-74.24321604660427, 5.063634216829171], [-74.24322897119113, 5.063646349053379], [-74.2432364672867, 5.0636541685141685], [-74.24326510686379, 5.063685265262399], [-74.24326971671343, 5.063690399356833], [-74.24328095157907, 5.063704120055044], [-74.24329126742566, 5.063718547366464], [-74.24329261940963, 5.0637205959773555], [-74.24331529518126, 5.063755283612274], [-74.24332329569464, 5.06376830748355], [-74.24333164501877, 5.063783961876634], [-74.24333895584944, 5.0638001303877775], [-74.24334519556994, 5.063816743409197], [-74.2433503396828, 5.0638337304126795], [-74.24335436458763, 5.063851018153878], [-74.24335725209791, 5.063868533378039], [-74.24335899214284, 5.06388620010037], [-74.24335957555569, 5.06390394323916], [-74.24335959304113, 5.0639721325192175], [-74.24335939114147, 5.0639783878694], [-74.24337383281912, 5.063978384555669], [-74.2434102981177, 5.063976342917077], [-74.24346420919694, 5.063964994346053], [-74.2434669484793, 5.063964432624178], [-74.24348441553191, 5.063961536242049], [-74.24350203366787, 5.06395979139428], [-74.24351972800852, 5.06395920546317], [-74.24353742186541, 5.06395978312011], [-74.24355504123632, 5.063961518173563], [-74.24357250941377, 5.063964405342037], [-74.24358975148112, 5.06396843210213], [-74.24360669431596, 5.063973580498073], [-74.24362326479243, 5.063979830764545], [-74.24363939247263, 5.06398715317812], [-74.24364573838632, 5.063990392876776], [-74.24368857785421, 5.064012988752702], [-74.24371029591445, 5.064023870807596], [-74.24377625457751, 5.064044979980061], [-74.2437808936404, 5.064046511054015], [-74.24379746411604, 5.064052759505528], [-74.24380050378912, 5.06405404302021], [-74.24384226510239, 5.0640719775576235], [-74.243855353113, 5.064078016450216], [-74.24385668711409, 5.064078680732423], [-74.24392350407908, 5.0641121606283575], [-74.24392826851067, 5.064114607129186], [-74.24402372293503, 5.064164827078624], [-74.24403324075774, 5.064170080214504], [-74.24403819381007, 5.064173016759464], [-74.24411320532796, 5.064218578206452], [-74.2441617665659, 5.0642459522101735], [-74.24424630999162, 5.0642857189979615], [-74.24425101182266, 5.064287986463504], [-74.2442666271851, 5.064296352185293], [-74.24428166427471, 5.064305722454083], [-74.24429605624542, 5.064316058491502], [-74.24429698159142, 5.064316773322899], [-74.24435616617464, 5.064362696323603], [-74.24436892985075, 5.064373239976939], [-74.24437335884625, 5.064377219868734], [-74.24441918263882, 5.064419317674562], [-74.2444276782652, 5.064427469973861], [-74.24443548000406, 5.064435621797672], [-74.2444793946429, 5.064483462485538], [-74.2444800845616, 5.064484218485785], [-74.24454638753511, 5.064556997949655], [-74.24469837179832, 5.0646798956771], [-74.24470687457337, 5.064687064427586], [-74.24471979830413, 5.064699196611366], [-74.2447319042982, 5.06471215103129], [-74.24474313920966, 5.064725870786924], [-74.24475345510471, 5.064740298062608], [-74.244762807652, 5.06475537141652], [-74.2447711570247, 5.064771025778926], [-74.24477846790425, 5.064787194261779], [-74.24478470767377, 5.064803807257419], [-74.24478985183555, 5.064820794237789], [-74.24479387678895, 5.064838081958594], [-74.24479676524788, 5.064855596258642], [-74.24479850443784, 5.0648732629680335], [-74.24479908789712, 5.0648910060950945], [-74.24479851367552, 5.064908749639502], [-74.24479678343224, 5.064926417593919], [-74.24479390333627, 5.064943933037582], [-74.2447898876862, 5.064961223558095], [-74.24478475257824, 5.064978213120379], [-74.24477852133423, 5.064994829294653], [-74.24477121908402, 5.065011001457336], [-74.24476287727546, 5.065026659877429], [-74.24475353187327, 5.065041737529735], [-74.24474322336063, 5.065056170999563], [-74.24473199583007, 5.065069896865292], [-74.24471989699373, 5.065082857127174], [-74.24470697907894, 5.065094995586423], [-74.24469329703032, 5.065106261467869], [-74.24467890850292, 5.06511660580079], [-74.24466387747677, 5.065125984126316], [-74.24464826613585, 5.065134356513077], [-74.2446321420868, 5.065141687543339], [-74.2446155747478, 5.065147945415177], [-74.24459863444804, 5.065153102848897], [-74.24458139423578, 5.065157138893326], [-74.2445639271645, 5.0651600353116555], [-74.24454630900503, 5.0651617792907935], [-74.24452861463801, 5.065162364352968], [-74.24451092075736, 5.065161788541058], [-74.24449330135698, 5.065160053522334], [-74.24447583314812, 5.065157166387722], [-74.24445859104604, 5.065153138755709], [-74.24444164817518, 5.065147989486679], [-74.24442507766692, 5.065141741060267], [-74.24440894904855, 5.065134418677477], [-74.24439333456641, 5.065126053867809], [-74.24437829745398, 5.065116683606931], [-74.2443639036552, 5.065106346674923], [-74.24435871829569, 5.06510225694709], [-74.24419070645334, 5.064966398686759], [-74.24418220367792, 5.0649592299290305], [-74.24416927994818, 5.064947097733423], [-74.24416078738453, 5.064938190813241], [-74.24408108111086, 5.064850697701879], [-74.24404517141033, 5.064811576645744], [-74.24401613143714, 5.06478489891769], [-74.24398947875073, 5.064764218212063], [-74.24392297902077, 5.064732938232167], [-74.24391827718497, 5.064730669859977], [-74.24390529767554, 5.0647238110044865], [-74.24384420495733, 5.064689372782398], [-74.24384156910037, 5.064687868623362], [-74.24383661514003, 5.064684931174602], [-74.2437649632147, 5.064641409931006], [-74.24367926182595, 5.06459632230452], [-74.24362194545479, 5.064567602445009], [-74.24359939140327, 5.0645579172538175], [-74.24352583317517, 5.064534375162743], [-74.24352119411039, 5.064532844992515], [-74.2435046236206, 5.064526595631567], [-74.24348849592623, 5.064519273217668], [-74.24348716192432, 5.064518608934841]]], [[[-74.234455893119, 5.065868705537667], [-74.2344514753504, 5.065865870134761], [-74.23444339666722, 5.065867702416455], [-74.234425930368, 5.065870598575003], [-74.23440831209692, 5.065872343194148], [-74.23439061763395, 5.065872927985972], [-74.2343729227728, 5.065872351900994], [-74.234355304213, 5.065870615697705], [-74.2343378359625, 5.065867728283009], [-74.23432966654687, 5.065865968622643], [-74.23432218818189, 5.065865089837975], [-74.23430471993149, 5.065862202422329], [-74.23429188334113, 5.065859317932694], [-74.23426980549478, 5.065853789108061], [-74.23426539996017, 5.065852645683607], [-74.2342484570853, 5.065847496132361], [-74.23423188659181, 5.065841247425299], [-74.23421926678306, 5.065835626361134], [-74.23421256823129, 5.065832950935301], [-74.23419714321759, 5.065825974380713], [-74.23419498226147, 5.065825087260548], [-74.23417885457955, 5.065817764597024], [-74.23416323924958, 5.065809400418858], [-74.23414820310893, 5.065800028981526], [-74.23414660303732, 5.0657989498753855], [-74.2341446785931, 5.065797640660255], [-74.23413188495529, 5.065788382570734], [-74.23411819692397, 5.065777123832102], [-74.23410527331293, 5.065764991393646], [-74.234093167459, 5.0657520376329535], [-74.23409212932188, 5.065750844352964], [-74.23408248663728, 5.065739693713349], [-74.23406749514727, 5.065723415738019], [-74.23404036891046, 5.065697026982719], [-74.23403749321521, 5.065694186825412], [-74.23402860470152, 5.065684845280268], [-74.23399996534766, 5.065653268486568], [-74.23399674710811, 5.065649656270555], [-74.23399524415147, 5.0656479237024765], [-74.23397137726161, 5.065620176028508], [-74.2339680835785, 5.065616273510639], [-74.23394597007822, 5.065589563028082], [-74.23391789395382, 5.065565686937359], [-74.23389499109572, 5.065551914998314], [-74.23387446006352, 5.065539836872426], [-74.23386913905476, 5.065537946003772], [-74.23385607823676, 5.06553291752012], [-74.23383995056464, 5.0655255948453775], [-74.23382433524324, 5.065517229751351], [-74.23380929911507, 5.0655078592080445], [-74.23379727654505, 5.065499324395586], [-74.2337629110991, 5.065473492316429], [-74.23376054087328, 5.06547168992087], [-74.23374685285448, 5.065460431171075], [-74.23373392835398, 5.065448298723577], [-74.23372182341551, 5.065435344950845], [-74.2337105886722, 5.065421624045261], [-74.23370027296463, 5.0654071965363405], [-74.23369092152397, 5.065392122960481], [-74.2336832336046, 5.065377804447439], [-74.23367368496984, 5.0653586668190105], [-74.2336730228344, 5.065357330765186], [-74.2336657121904, 5.0653411620909425], [-74.23366165360682, 5.065330740028755], [-74.23365114750202, 5.0653020312844514], [-74.23364896656565, 5.065295840175532], [-74.23364382357049, 5.065278853939473], [-74.2336397988892, 5.065261565172694], [-74.23363691071407, 5.0652440507497944], [-74.23363517091417, 5.065226383938196], [-74.2336346998907, 5.065216385727658], [-74.23363373766193, 5.065182889507949], [-74.2336336255258, 5.065175144506901], [-74.23363420095515, 5.065157400896063], [-74.23363593150799, 5.065139732897103], [-74.23363881101379, 5.065122217431032], [-74.23364282697716, 5.065104926906875], [-74.23364796239788, 5.065087937361474], [-74.23365419485502, 5.065071321222782], [-74.23366149741257, 5.06505514911766], [-74.23366410617191, 5.065049982175605], [-74.23367650751314, 5.0650260524204755], [-74.23368223996204, 5.065015561021669], [-74.23368313935313, 5.06501401207366], [-74.23368299177156, 5.065013747244283], [-74.23367535435678, 5.065002742970237], [-74.23367249774559, 5.064998543741891], [-74.23366314451073, 5.064983471072103], [-74.23365758317254, 5.064973323318602], [-74.23365196919434, 5.064962538675732], [-74.2336488260664, 5.06496046630824], [-74.2336344332863, 5.0649501290930745], [-74.2336207452822, 5.064938870337204], [-74.23361487820111, 5.0649335584963975], [-74.2335522560653, 5.06487518521302], [-74.23352821081056, 5.064854230295797], [-74.23352734946302, 5.064853476417291], [-74.23351442588267, 5.064841343959538], [-74.23350232005947, 5.064828390180358], [-74.23350212021009, 5.064828160738308], [-74.23347951925724, 5.064802272729118], [-74.23344764493022, 5.0647677351723726], [-74.23341976569814, 5.064754399764749], [-74.23341663986159, 5.0647528802046455], [-74.23340102546817, 5.064744515997453], [-74.23338598846021, 5.064735144535147], [-74.23337159659106, 5.064724807310091], [-74.23335790769352, 5.064713548548051], [-74.23335087183074, 5.064707141390834], [-74.23333058552477, 5.06468800612039], [-74.23332469691098, 5.064682280816395], [-74.2333208328686, 5.064678326900757], [-74.23329219316606, 5.0646484266784775], [-74.23328856209011, 5.064644560085636], [-74.23324560229777, 5.064597914595776], [-74.23324099249992, 5.064592779507419], [-74.23323617145743, 5.064587115504816], [-74.233149056197, 5.064481860609889], [-74.23314264252711, 5.0644738045955675], [-74.23313232685179, 5.0644593779752425], [-74.23312297544126, 5.064444304384203], [-74.23312281248798, 5.064444022392423], [-74.23311251816406, 5.064426101335269], [-74.23310696419078, 5.064421261204481], [-74.23310611097547, 5.0644205127385495], [-74.23309318560858, 5.064408381176453], [-74.23308108160492, 5.064395426476956], [-74.23307754297902, 5.064391300024183], [-74.23303935608848, 5.064345849727469], [-74.23303165910745, 5.064336257066021], [-74.23302134343366, 5.064321828633115], [-74.2330181299189, 5.064316893560579], [-74.23300970233151, 5.064303637789688], [-74.23300481485629, 5.0642976744170936], [-74.23299680170472, 5.064289321953947], [-74.23299179095591, 5.064284969386854], [-74.23299059248743, 5.0642839229894685], [-74.2329776689284, 5.064271790515579], [-74.2329655631268, 5.064258836720934], [-74.23295576936458, 5.06424698149087], [-74.2329319025469, 5.064216360966187], [-74.23293046160678, 5.064214496172914], [-74.23292014593915, 5.064200068642131], [-74.23291079363565, 5.064184995047518], [-74.23290963028059, 5.064182955096046], [-74.23290856387504, 5.064182555389635], [-74.23286433346993, 5.064173434057898], [-74.2328488678559, 5.064169767348788], [-74.23283192503033, 5.064164617746738], [-74.23282135872294, 5.064160777027952], [-74.23280333480007, 5.064156998469653], [-74.23278904632066, 5.064153595532338], [-74.23276041181883, 5.064145945573747], [-74.23276010126175, 5.064145862922277], [-74.2327431593393, 5.064140713315858], [-74.23272658889665, 5.0641344636509595], [-74.23271046036659, 5.064127140937903], [-74.23270508002537, 5.064124406881253], [-74.2327017299986, 5.064123619739002], [-74.23267405106952, 5.064116926155236], [-74.23266751596653, 5.0641152592650505], [-74.23265908005287, 5.0641128468080705], [-74.23263150171243, 5.064104474598519], [-74.23260014059109, 5.064095982917748], [-74.23258375930298, 5.064090985152566], [-74.23256718886398, 5.064084736387705], [-74.23255106123844, 5.064077413668205], [-74.23254712965287, 5.064075430562038], [-74.23251181243597, 5.06405725402961], [-74.23250012874901, 5.064050871996957], [-74.23248509267145, 5.064041501409528], [-74.23247069992743, 5.064031164158693], [-74.23245701105837, 5.064019905369971], [-74.23244408751314, 5.064007772881617], [-74.23244374578364, 5.064007429702542], [-74.23243979616872, 5.064004978840402], [-74.23238495263459, 5.0639753836148556], [-74.23238396086025, 5.063974845328589], [-74.23233263857615, 5.063946872964883], [-74.23230250504331, 5.06393145256839], [-74.23229641880042, 5.063929044680226], [-74.23228003691588, 5.063925158924909], [-74.2322351627397, 5.063914857985395], [-74.23222557279989, 5.063912470339203], [-74.23222127095248, 5.063911276934455], [-74.23218649537537, 5.063901323215255], [-74.23212842832496, 5.063893429762466], [-74.23211205402393, 5.0638906894842375], [-74.2320952985544, 5.0638867917674855], [-74.23200557824441, 5.063862887227045], [-74.23200509164529, 5.0638627578598605], [-74.2319881488296, 5.063857608232087], [-74.2319715783974, 5.0638513585442695], [-74.23195545078138, 5.063844035806828], [-74.2319398355205, 5.063835671555951], [-74.231937179731, 5.063834113994641], [-74.2319114064664, 5.063818806522445], [-74.23190128303187, 5.0638124884631415], [-74.23189901899146, 5.063811004350886], [-74.2318667724323, 5.063798078908652], [-74.23186541880959, 5.063797532261947], [-74.23183487496888, 5.063785097606365], [-74.23183317185584, 5.063784397806088], [-74.23181704424238, 5.063777075064396], [-74.2318014289843, 5.063768710809336], [-74.2317892559716, 5.063761230341269], [-74.23178906624904, 5.063761106742618], [-74.23176583202381, 5.063750983547801], [-74.23175788921894, 5.063747369448515], [-74.23172161738064, 5.063730151069798], [-74.2317177735536, 5.063728289035718], [-74.23170215829754, 5.063719924777654], [-74.23168712223406, 5.0637105532621085], [-74.23168364017894, 5.063708182033031], [-74.23163113897283, 5.06367182691892], [-74.23162022830203, 5.063663860873232], [-74.23161117411854, 5.063656583478661], [-74.23157820575106, 5.063628898231294], [-74.23154672001482, 5.063603653162587], [-74.23154473935155, 5.06360219293955], [-74.23151368911795, 5.063589175622473], [-74.23147458373236, 5.063576114815983], [-74.2314731743015, 5.063575639754867], [-74.2314566047812, 5.063569390049138], [-74.23144047717562, 5.063562067295677], [-74.23142486192599, 5.063553703029039], [-74.23142458370393, 5.0635535415963595], [-74.23138831095706, 5.063532495825745], [-74.23137355222106, 5.063523285735119], [-74.23135915860155, 5.063512949358841], [-74.23134547156374, 5.063501690535645], [-74.23133751280227, 5.063494409242459], [-74.23129932793428, 5.063458049478646], [-74.23129436227671, 5.063453198254802], [-74.2312822574225, 5.063440244414735], [-74.23127102276676, 5.063426524349813], [-74.23126070714623, 5.063412096780192], [-74.23125547626651, 5.063403938959127], [-74.23123542638461, 5.063371404637254], [-74.23123130410737, 5.0633644888286975], [-74.23122295504416, 5.063348834206646], [-74.23121903222103, 5.0633405083157355], [-74.23120566318335, 5.063310844027347], [-74.23120227545003, 5.063303000290039], [-74.23119603602086, 5.063286387978923], [-74.2311908922096, 5.06326940079974], [-74.23118686851751, 5.063252111996], [-74.23118398133012, 5.063234597541087], [-74.23118224071152, 5.063216930705978], [-74.23118165763498, 5.063199188379151], [-74.23118165023574, 5.063168562191507], [-74.23118187812511, 5.063157379140869], [-74.23116089252439, 5.063134375207599], [-74.23115715529633, 5.06313019120907], [-74.23114592064964, 5.0631164711399], [-74.23113560594031, 5.063102043564577], [-74.23112633245609, 5.063087107311934], [-74.23109100424966, 5.063025864185347], [-74.23109092548746, 5.06302572680314], [-74.2310825764318, 5.063010071272423], [-74.23107526588736, 5.062993903450452], [-74.23107066131925, 5.0629819767826065], [-74.23106053716806, 5.062953799262662], [-74.23105407843184, 5.0629419313143424], [-74.2310502238232, 5.062936273593115], [-74.23103236267954, 5.062918831042363], [-74.23102986307038, 5.062916357505335], [-74.23100504176183, 5.06289147974568], [-74.2309929360229, 5.062878525897747], [-74.23098170228693, 5.062864805822002], [-74.2309713866819, 5.062850377338997], [-74.23096728173145, 5.0628440315281775], [-74.23094627722124, 5.062810540804433], [-74.2309410290335, 5.062801813882329], [-74.23093267998686, 5.062786159252802], [-74.23092825334896, 5.062776706915751], [-74.23090055975317, 5.062714505530336], [-74.23089802936165, 5.062708636277272], [-74.23087643360252, 5.062656887490253], [-74.23085801737727, 5.062613588160406], [-74.23084154195446, 5.0625845513706915], [-74.23082910817197, 5.062565124183815], [-74.23081008013803, 5.062551393586237], [-74.2308034621823, 5.06254646225414], [-74.23078977427332, 5.062535203413296], [-74.23077684988498, 5.062523070878031], [-74.2307647450605, 5.0625101170211915], [-74.2307645452145, 5.062509888482701], [-74.23072444927155, 5.062463959343313], [-74.23071560254903, 5.062453287570788], [-74.23067646035436, 5.062403531052065], [-74.2306742713947, 5.06240071037781], [-74.23066395580688, 5.062386282791059], [-74.23065460448632, 5.062371209142191], [-74.23064625455139, 5.062355554507458], [-74.23063990482856, 5.062341680367451], [-74.23062367092224, 5.062303402224002], [-74.23062271011999, 5.062301107627474], [-74.23061646981775, 5.062284495306052], [-74.2306150903728, 5.062280310439972], [-74.23059789813142, 5.062226720107204], [-74.23059413469659, 5.062213917781338], [-74.23059011013217, 5.0621966298744105], [-74.23058722206945, 5.062179115412937], [-74.23058548328106, 5.0621614485675925], [-74.23058490022686, 5.062143705330676], [-74.23058547485508, 5.062125961703018], [-74.23058720550631, 5.062108294597183], [-74.23059008510215, 5.06209077822152], [-74.23059410115366, 5.062073488604317], [-74.23059923665514, 5.062056499067994], [-74.23060516380006, 5.062040625474713], [-74.23059996801095, 5.0620343124963245], [-74.23059224386574, 5.062024635693631], [-74.23058491274921, 5.062019051531034], [-74.23054385677855, 5.061988875229975], [-74.23053914897754, 5.06198533639392], [-74.23052546108593, 5.0619740775433035], [-74.2305125367132, 5.061961944093827], [-74.23050715197056, 5.06195639061402], [-74.23048415611969, 5.061931987093632], [-74.23043539784574, 5.061881721314256], [-74.23042828123612, 5.061874095476665], [-74.23037168291091, 5.061811064062491], [-74.23028210042924, 5.061727184108869], [-74.23025942529075, 5.061710139740716], [-74.23025705508775, 5.061708337326392], [-74.23024336630425, 5.061697078468824], [-74.2302304428462, 5.061684945914104], [-74.23022349211476, 5.061677716067397], [-74.23018626026608, 5.061637528822104], [-74.23018110620175, 5.061631804794518], [-74.23016987160335, 5.061618083791657], [-74.23015955604136, 5.061603656190779], [-74.23015020474806, 5.061588583433477], [-74.2301475484143, 5.061583865339914], [-74.23011010050028, 5.061515754063654], [-74.23009402958786, 5.061487778724853], [-74.23006332022287, 5.061448792435804], [-74.23006102815714, 5.0614458407555], [-74.23005988116127, 5.061444332796204], [-74.23001463481178, 5.061426552243988], [-74.23000987593265, 5.061424630405807], [-74.23000774565845, 5.061423735064989], [-74.22997624729341, 5.061410343898057], [-74.22996224912501, 5.061403915528026], [-74.22994663484657, 5.061395551206213], [-74.22993159795799, 5.061386179631688], [-74.22991720530972, 5.061375842299032], [-74.22991694777396, 5.0613756446334355], [-74.22989212839471, 5.061356509670091], [-74.22987869806258, 5.061345448465251], [-74.22986577371582, 5.0613333159014795], [-74.2298536689332, 5.061320362017328], [-74.22984243434729, 5.061306641005648], [-74.2298321187979, 5.061292213396446], [-74.22982276751728, 5.061277140631352], [-74.22981441761846, 5.061261485072267], [-74.2298071071322, 5.061245317222657], [-74.22980524592835, 5.0612406935271705], [-74.22979474189792, 5.061213898341979], [-74.22979036373789, 5.061201909698212], [-74.22978521999026, 5.061184922493838], [-74.2297811954591, 5.06116763457456], [-74.22977830833085, 5.061150120100806], [-74.2297765686711, 5.061132453248437], [-74.22977598564651, 5.061114710004626], [-74.22977597834219, 5.0610850419992985], [-74.22977655299867, 5.061067298366663], [-74.22977828367654, 5.061049631257748], [-74.22978116419955, 5.061032114879249], [-74.22978518027234, 5.061014824358059], [-74.22979031579655, 5.060997835729314], [-74.22979654744506, 5.060981219612955], [-74.22980385008607, 5.060965046632371], [-74.229812192275, 5.06094938923257], [-74.22982153713627, 5.060934310820658], [-74.2298318459965, 5.060919878426453], [-74.22983851549851, 5.060911505259077], [-74.22982992072063, 5.060904261335525], [-74.2298169963853, 5.060892128768248], [-74.22980489070973, 5.060879173977678], [-74.22979365613621, 5.060865453867693], [-74.22978334059708, 5.060851026255556], [-74.22977398932622, 5.060835953487738], [-74.22976564033898, 5.060820297924422], [-74.22975832986141, 5.060804130072544], [-74.2297520896011, 5.060787516828357], [-74.22974694676432, 5.060770530525523], [-74.22974292223765, 5.06075324170009], [-74.22974117229874, 5.060743508295303], [-74.22973639441666, 5.060713840299493], [-74.22973525633071, 5.060706059231126], [-74.22973351577389, 5.060688392379545], [-74.22973293275379, 5.060670649135076], [-74.22973350741555, 5.060652906406872], [-74.22973523989916, 5.060635238389615], [-74.22973737257716, 5.060621639475965], [-74.22974372969487, 5.060586889699796], [-74.2297462681475, 5.060558812050912], [-74.22974626149248, 5.060530917483392], [-74.22974683615296, 5.060513173850392], [-74.2297478588435, 5.060501417440669], [-74.22975452594503, 5.060440165912972], [-74.2297552357383, 5.0604342543055205], [-74.22975524996697, 5.060434143890923], [-74.22976191799525, 5.060383418089047], [-74.22976478429317, 5.060366013030288], [-74.22976880036657, 5.060348722509747], [-74.22977393498618, 5.060331732978872], [-74.22977839286722, 5.060319523972341], [-74.22980581606367, 5.060249653567476], [-74.22980758982906, 5.060245246458931], [-74.2298110836834, 5.06023715529193], [-74.229828254323, 5.060199108644779], [-74.2298320622046, 5.060191027739312], [-74.22984040438566, 5.06017536943655], [-74.22984975014344, 5.060160291929846], [-74.2298600580908, 5.060145858634896], [-74.22986451748638, 5.060140186922726], [-74.22991669503865, 5.060075602500454], [-74.22991608768528, 5.0600712542022315], [-74.22991511352691, 5.060062838546849], [-74.2299093737004, 5.060005417141794], [-74.22990860820569, 5.059996165944753], [-74.22990802518775, 5.059978423605913], [-74.22990801262402, 5.059924464010193], [-74.22990685407332, 5.059879562895818], [-74.22990107605816, 5.059853522398349], [-74.22989983139733, 5.059847598215418], [-74.22989694337818, 5.059830083742562], [-74.22989580725397, 5.059819995389277], [-74.2298900665223, 5.059758744802178], [-74.2298894620938, 5.0597511663043], [-74.2298888790765, 5.059733423060318], [-74.2298888617375, 5.059656860258756], [-74.22988943639906, 5.059639116626317], [-74.2298911670794, 5.059621449518028], [-74.22989275961915, 5.059610905385338], [-74.22991372745041, 5.0594883986993615], [-74.22991501543336, 5.059481426454623], [-74.22991903240512, 5.05946413593328], [-74.2299241661168, 5.059447146405112], [-74.22993039865864, 5.059430530289441], [-74.22993770129133, 5.059414359121266], [-74.22994604346239, 5.0593986999149925], [-74.22995538830824, 5.059383622411437], [-74.22996216895756, 5.059373908097968], [-74.2299656366439, 5.059369163896352], [-74.22999567550619, 5.059300660231191], [-74.22999736743813, 5.05929687941112], [-74.23001835439992, 5.059250936428208], [-74.23002165008545, 5.059243984801609], [-74.23002779073214, 5.059232224104106], [-74.23002843190135, 5.059231066531635], [-74.23004137647953, 5.059175092644698], [-74.23004915618327, 5.059111001505522], [-74.2300494788776, 5.059108433929301], [-74.23005235939881, 5.059090918457254], [-74.2300552351515, 5.059078045606124], [-74.23007153472157, 5.05901260187718], [-74.23008566633108, 5.058948760170142], [-74.2300899054495, 5.0588933357497545], [-74.2300914199403, 5.058878731855579], [-74.2300942995585, 5.058861216385462], [-74.23009831472075, 5.058843925868203], [-74.23010297647788, 5.058828351464391], [-74.23012014298496, 5.058776666534744], [-74.23012061764214, 5.058775252310655], [-74.23012684927393, 5.058758636197244], [-74.23012847789013, 5.058754774968892], [-74.23015900319216, 5.058683945909603], [-74.2301646771971, 5.058671635065467], [-74.2301730184562, 5.058655976766113], [-74.2301779656305, 5.05864772178321], [-74.23017739351556, 5.058647220696521], [-74.23016447013272, 5.058635088124319], [-74.2301523645064, 5.058622134235637], [-74.23014112997747, 5.058608414123039], [-74.23013081447816, 5.058593985603791], [-74.23013065702737, 5.058593748840909], [-74.23010392479854, 5.058553558799932], [-74.23009997824725, 5.058547450640138], [-74.23005796878348, 5.05848046722924], [-74.23005272065318, 5.058471739382575], [-74.23004437080358, 5.058456084722505], [-74.2300409608851, 5.058448888859019], [-74.23001040367403, 5.0583819017970155], [-74.23000650405285, 5.058372929803726], [-74.23000615596264, 5.058372082651715], [-74.22997559694028, 5.05829743993947], [-74.22996970570688, 5.058281673841932], [-74.22996536337224, 5.058267615811598], [-74.22995441283837, 5.058228431815429], [-74.22993447842981, 5.0581718381107565], [-74.22993341237674, 5.058168751091629], [-74.22992826866879, 5.058151763881893], [-74.22992424417231, 5.058134475958284], [-74.22992218920831, 5.0581228013954815], [-74.22991573138445, 5.058080777699519], [-74.22989975094039, 5.058042343387634], [-74.22989953248643, 5.058041816294393], [-74.22989329226641, 5.058025203044597], [-74.2298881494655, 5.058008216737054], [-74.22988412497013, 5.057990927907833], [-74.22988329014808, 5.057986532085248], [-74.22986035476679, 5.057860208069953], [-74.22986004013238, 5.057858441560912], [-74.22983328159161, 5.057705319615153], [-74.22983154395321, 5.057693966563573], [-74.22982980432401, 5.0576762997076115], [-74.22982922042328, 5.057658557368128], [-74.22982979600023, 5.057640813732997], [-74.22983152759065, 5.057623145718165], [-74.22983440721876, 5.057605630248191], [-74.22983842329096, 5.057588339730383], [-74.22984355790601, 5.057571351108103], [-74.22984978954143, 5.05755473499784], [-74.22985709216489, 5.057538562929506], [-74.22986543522906, 5.057522904631871], [-74.22987477915666, 5.0575078262316335], [-74.22988508797967, 5.057493393848603], [-74.22989631579433, 5.057479668192562], [-74.22990841488888, 5.0574667081670635], [-74.22992133303491, 5.057454569969798], [-74.22993501618906, 5.057443304372999], [-74.22994940398841, 5.057432960351252], [-74.22996443516094, 5.057423583261621], [-74.22998004751686, 5.0574152103195384], [-74.22999617074738, 5.057407879660678], [-74.23001273813928, 5.0574016221753775], [-74.2300296784626, 5.057396466048059], [-74.23004691866572, 5.057392430418501], [-74.23006438479474, 5.057389534428142], [-74.23008200288209, 5.057387789979983], [-74.230099697147, 5.057387204456329], [-74.23011739180193, 5.0573877816203], [-74.23013501014333, 5.05738951799818], [-74.23015247816605, 5.057392405587115], [-74.23016972005351, 5.057396432768371], [-74.2301866626841, 5.057401581584437], [-74.23020323292936, 5.057407830458556], [-74.23021935945695, 5.05741515328647], [-74.23023497543753, 5.057423519431319], [-74.23025001131768, 5.057432889213265], [-74.23026440386712, 5.0574432265596885], [-74.23027809254363, 5.057454485439982], [-74.23029101589927, 5.057466618015544], [-74.2303031215007, 5.05747957190665], [-74.23031435600879, 5.05749329292563], [-74.23032467148643, 5.057507720540881], [-74.23033402270335, 5.057522794215609], [-74.23034237254159, 5.057538448873586], [-74.23034968297574, 5.05755461672586], [-74.2303559222966, 5.0575712299714715], [-74.2303610651043, 5.057588217178201], [-74.23036508960483, 5.057605505097377], [-74.23036623996491, 5.057611666520699], [-74.23039283442273, 5.057763847718267], [-74.23041039117865, 5.05786055008144], [-74.2304278074364, 5.0579024371410055], [-74.23042802589067, 5.057902964233994], [-74.23043426611945, 5.057919576570833], [-74.230439408934, 5.057936563775595], [-74.23044343344259, 5.057953852597898], [-74.23044548931487, 5.057965526250435], [-74.2304531037257, 5.058015080330872], [-74.23046759053773, 5.058056211095162], [-74.23046865749514, 5.058059298111152], [-74.23047299893503, 5.058073356137619], [-74.23048212075906, 5.0581059927226395], [-74.23050467088447, 5.058161074913445], [-74.23052554403996, 5.0582068334433385], [-74.2305257558211, 5.058207171442348], [-74.23053987090273, 5.058208655679175], [-74.23055733804344, 5.058211542348212], [-74.23057458085601, 5.05821556951098], [-74.23059152351183, 5.058220719215184], [-74.23060168337022, 5.058224403331508], [-74.23062650078933, 5.058233968962774], [-74.23063291029811, 5.0582365337054505], [-74.23064903865534, 5.058243856512878], [-74.2306646528533, 5.05825222083477], [-74.230679689665, 5.058261592408228], [-74.23069408224043, 5.058271929738737], [-74.23070777004075, 5.058283188605307], [-74.2307206943248, 5.058295321164337], [-74.23073279904989, 5.058308275042964], [-74.23074403358207, 5.058321995143644], [-74.23075434908684, 5.058336423650964], [-74.23076370122935, 5.058351496407263], [-74.23077205018973, 5.058367151055932], [-74.23077936064935, 5.058383319802895], [-74.23078155914048, 5.058388806954799], [-74.23079492982914, 5.058423257758625], [-74.23079897068078, 5.058434382938137], [-74.23080411260914, 5.058451370138159], [-74.23080813713165, 5.058468658049964], [-74.23081102516113, 5.058486173419783], [-74.2308127648238, 5.0585038402656615], [-74.23081334875744, 5.058521582597072], [-74.23081277321253, 5.058539326226279], [-74.23081104165296, 5.058556994237334], [-74.23080816205417, 5.058574509705769], [-74.23080414600943, 5.058591800224281], [-74.23080244401218, 5.058597891964013], [-74.23077001954881, 5.058708917473154], [-74.23076658695562, 5.058719814358732], [-74.23076035534177, 5.058736430474246], [-74.23075404774052, 5.058750556680583], [-74.23072733746108, 5.05880607082925], [-74.23072634245742, 5.058808116698651], [-74.23071800031168, 5.058823775908816], [-74.23071569328839, 5.058827708097399], [-74.23068707276762, 5.058875567512156], [-74.2306800349694, 5.0588867128320425], [-74.23066972615251, 5.0589011452281865], [-74.230660003738, 5.058913133507224], [-74.230639285986, 5.0589372436813695], [-74.2306298008646, 5.058959254156231], [-74.2306268543982, 5.058968123330618], [-74.23062369317977, 5.059009473092753], [-74.23062217960394, 5.059024076983584], [-74.23061929910023, 5.059041593359201], [-74.23061805696669, 5.059047516834573], [-74.23059899033292, 5.0591336562477975], [-74.23059735582301, 5.059140605625066], [-74.23058424887172, 5.059193232905476], [-74.23057674553152, 5.05925504066268], [-74.23057642193707, 5.059257608240375], [-74.23057354233319, 5.059275123709694], [-74.230571734652, 5.0592835455516045], [-74.23054694556612, 5.059390740951773], [-74.23054473629348, 5.059399609630902], [-74.23053960169692, 5.059416599161673], [-74.2305333691721, 5.059433215279408], [-74.23052606655574, 5.059449386450719], [-74.2305199259181, 5.059461147151174], [-74.23050592543974, 5.059486430780055], [-74.23049014773181, 5.059520972243112], [-74.2304490166428, 5.059614770311863], [-74.2304440299343, 5.059625502758967], [-74.23043695674004, 5.059638932806667], [-74.23042994815522, 5.059679878187521], [-74.23042995832623, 5.059720609367181], [-74.2304329281679, 5.059752294002943], [-74.23044071019092, 5.059787374320396], [-74.2304419557602, 5.059793299404239], [-74.23044484379302, 5.059810813871135], [-74.23044658255593, 5.059828480720584], [-74.23044707575254, 5.059839268810093], [-74.23044900246974, 5.059913917901638], [-74.23044909320876, 5.059920873050094], [-74.23044910394314, 5.059964765655298], [-74.23045193387233, 5.0599930764970695], [-74.23046494051708, 5.060052604969926], [-74.2304659985997, 5.060057678072975], [-74.23046888663605, 5.060075192539195], [-74.23046892875982, 5.060075519097757], [-74.23047215257576, 5.060100258786747], [-74.23047486895321, 5.0601143144673], [-74.23047748821989, 5.0601304604572945], [-74.23047814909985, 5.06013591524237], [-74.23048030075549, 5.060155294123442], [-74.23048137864242, 5.06016750618709], [-74.23048196258132, 5.060185249424561], [-74.23048138703683, 5.060202993055149], [-74.2304796563752, 5.060220660161177], [-74.23047677677233, 5.060238176536044], [-74.23047276162107, 5.060255467054568], [-74.23047001858826, 5.060265033456521], [-74.23046429612998, 5.060283697110012], [-74.23046190366047, 5.060291120241661], [-74.23045567203285, 5.060307736359005], [-74.2304483694115, 5.060323908436706], [-74.23044002724593, 5.060339566744147], [-74.23043068240463, 5.060354644254872], [-74.23042037356592, 5.060369076653425], [-74.23040914573116, 5.060382803231637], [-74.23039704660701, 5.060395762371321], [-74.23039150392299, 5.060401166509148], [-74.23037862196217, 5.060413371614414], [-74.2303712464677, 5.060420106599039], [-74.23035756417559, 5.060431372215742], [-74.23034317542792, 5.060441716261903], [-74.23032814330324, 5.060451094281669], [-74.23031253269343, 5.060459466339777], [-74.2303032254006, 5.060463853376617], [-74.23029402538367, 5.060487292921503], [-74.23029208618863, 5.060502045107051], [-74.2302873473229, 5.060545581190689], [-74.23028735018528, 5.060557604381163], [-74.23030034675133, 5.060567373421872], [-74.23030271694948, 5.060569175837082], [-74.23031640480295, 5.060580434701023], [-74.2303293291393, 5.0605925681624795], [-74.23034143481618, 5.060605522942125], [-74.23035266848912, 5.060619242137897], [-74.23035771903292, 5.0606260566658365], [-74.23037967716664, 5.060656677356714], [-74.23038494307035, 5.060664290427723], [-74.23039429435148, 5.060679364088759], [-74.23040264424986, 5.0606950187342665], [-74.2304099547398, 5.060711186575319], [-74.23041619501414, 5.0607277998093085], [-74.23042133696588, 5.0607447870092015], [-74.23042536150774, 5.060762074921214], [-74.23042569406851, 5.0607637753435055], [-74.23043047106053, 5.060788657756268], [-74.23043292309703, 5.060803686615689], [-74.2304396158146, 5.060853450543193], [-74.23043972016475, 5.06085423663004], [-74.2304414598395, 5.0608719034765715], [-74.23044204288027, 5.060889646715547], [-74.23044146823933, 5.0609073894395955], [-74.23043973667872, 5.060925057452408], [-74.23043685707624, 5.060942573827743], [-74.23043284192234, 5.060959863442147], [-74.23043231771172, 5.060961794410685], [-74.23042468867773, 5.06098955056445], [-74.23042007738368, 5.061004609130466], [-74.23041384485016, 5.061021225250708], [-74.23041376311, 5.061021421751072], [-74.23041958617989, 5.061026396223652], [-74.2304325096245, 5.0610385287771615], [-74.23044461531173, 5.061051482647354], [-74.23045584990038, 5.061065202741842], [-74.23046434036408, 5.061076928406695], [-74.23049356794637, 5.06111964804744], [-74.23053088916241, 5.061167029300194], [-74.2305331812286, 5.061169980978579], [-74.23054349678821, 5.061184408573349], [-74.23055284898518, 5.061199482227445], [-74.2305530101283, 5.061199762414177], [-74.23058022259515, 5.061247130297627], [-74.23058271688248, 5.0612515672992195], [-74.23060472984268, 5.0612916033847375], [-74.23061833817415, 5.06130183361251], [-74.23062070837607, 5.0613036360256505], [-74.23063439715425, 5.0613148948757996], [-74.23064070529003, 5.061320618515873], [-74.23074953227335, 5.061422517447994], [-74.23075614759426, 5.061428926353019], [-74.23076594112382, 5.0614392724048844], [-74.2308269005262, 5.061507159784472], [-74.23087338230208, 5.061555080054976], [-74.23087609102119, 5.061557913313341], [-74.23088355558508, 5.06156583526382], [-74.23090668631862, 5.061582835310224], [-74.23091039921854, 5.061585612370556], [-74.23094619543738, 5.061612879713775], [-74.23094719033645, 5.061613641487018], [-74.23096087822411, 5.061624900328905], [-74.2309738025931, 5.061637032864336], [-74.23098590740034, 5.06164998672055], [-74.23099376456621, 5.061659387296618], [-74.23101867538725, 5.06169059679979], [-74.2310548430781, 5.061732024699954], [-74.23105599605401, 5.061733353491903], [-74.23108320308746, 5.061764929599954], [-74.23109308759477, 5.061777095960618], [-74.23110340317582, 5.06179152263602], [-74.23110719859541, 5.0617973777210254], [-74.23112438440148, 5.061824649670001], [-74.23112994120252, 5.0618338682251505], [-74.2311382902355, 5.061849522854418], [-74.23114560076333, 5.061865691583797], [-74.23115184017063, 5.0618823048045565], [-74.23115698396121, 5.061899291987681], [-74.23116100853608, 5.061916579888016], [-74.23116389661075, 5.061934094343585], [-74.23116393781748, 5.061934412760371], [-74.23116824117803, 5.0619674294471775], [-74.2311699387733, 5.0619847778705465], [-74.23117052184212, 5.062002521103169], [-74.23116994722757, 5.062020263822687], [-74.23116821569157, 5.062037931832739], [-74.23116533520948, 5.062055448208867], [-74.23116409308548, 5.062061373494563], [-74.23116062619769, 5.062077037018328], [-74.23115494489674, 5.062116978244559], [-74.23115273211725, 5.062130190952284], [-74.23117386272192, 5.0621454394430785], [-74.23118048067472, 5.062150370771776], [-74.23119416857874, 5.062161629604812], [-74.23120709296403, 5.062173762131715], [-74.23121723373879, 5.062184495677683], [-74.23124205413338, 5.06221224441623], [-74.23124401818218, 5.062214464718215], [-74.23125525281206, 5.062228185694159], [-74.23126556840737, 5.06224261326897], [-74.23126833482203, 5.062246847069515], [-74.23130079714005, 5.062297563589873], [-74.23130738295716, 5.062308402519311], [-74.23130826564557, 5.062309947170573], [-74.23133595556294, 5.0623587500306195], [-74.23134342282204, 5.062372859096405], [-74.23134966288997, 5.062386475561884], [-74.23137449069672, 5.062444849573244], [-74.23137520856355, 5.062446554690195], [-74.23139594595634, 5.062496247534832], [-74.23141192182796, 5.0625321310903475], [-74.23144710623087, 5.0625664924008165], [-74.23144960674189, 5.0625689659345], [-74.2314617124806, 5.0625819197732], [-74.23147294622005, 5.062595640744263], [-74.23148172988748, 5.062607793806026], [-74.23150846241008, 5.062647027333787], [-74.23150999434823, 5.062649300935686], [-74.2315193474958, 5.0626643745628295], [-74.2315225588937, 5.062670109508801], [-74.23154547460094, 5.062712213130984], [-74.23155061135814, 5.062722132805341], [-74.23155792191012, 5.0627383015247505], [-74.2315625264818, 5.062750227282649], [-74.23157150407607, 5.062775216591881], [-74.23157998306547, 5.062789914572221], [-74.23162124085528, 5.0628351438154695], [-74.23162497808181, 5.0628393269062295], [-74.23163621182975, 5.062853047872429], [-74.23164652744359, 5.062867474531611], [-74.23165588059821, 5.062882548155146], [-74.23166422875946, 5.06289820277247], [-74.23166830290661, 5.062906864058713], [-74.23168549155233, 5.062945142149879], [-74.23168872796319, 5.062952649580315], [-74.23169496830255, 5.0629692627876555], [-74.23169645395652, 5.06297377951451], [-74.23171173695532, 5.063021626939626], [-74.23171539421898, 5.0630340973869465], [-74.23171941792155, 5.0630513861844175], [-74.23172230512078, 5.063068900633721], [-74.23172404575232, 5.06308656746398], [-74.2317242134285, 5.063089345833385], [-74.23178327059544, 5.0631141050276485], [-74.23179851321387, 5.063121059388906], [-74.23181412845439, 5.063129423647999], [-74.23182916450348, 5.063138795163587], [-74.23183912770257, 5.06314579666746], [-74.2318715827132, 5.063169714325684], [-74.23187601222854, 5.063173050094191], [-74.2318803236338, 5.063176435852271], [-74.23191850846433, 5.063207052714648], [-74.231923251237, 5.063210944348061], [-74.2319489424937, 5.063232518733604], [-74.23197300658613, 5.063249182161935], [-74.23198546356325, 5.063255095852516], [-74.2320253675555, 5.063272481937743], [-74.23203715417911, 5.063277958067495], [-74.23205276942726, 5.063286323223933], [-74.23206227280473, 5.063292085096496], [-74.23206823907292, 5.0632945149324815], [-74.23212487594162, 5.063317216620216], [-74.23212793177113, 5.063318462163218], [-74.23214405937358, 5.063325784899183], [-74.23215967462376, 5.0633341500524125], [-74.23217245383877, 5.063342025669703], [-74.23218253540199, 5.063348631536956], [-74.23221788832753, 5.063358051228421], [-74.23227842472731, 5.063366280194225], [-74.232294799016, 5.063369021376146], [-74.23231204197245, 5.063373048456068], [-74.2323163438161, 5.0633742418610606], [-74.23236288575703, 5.063387563521358], [-74.2324017170982, 5.063396478025967], [-74.23240363629162, 5.0633969258748115], [-74.23243990624471, 5.063405530377822], [-74.23244757607912, 5.06340746927072], [-74.23246451888294, 5.063412618888507], [-74.23247689026488, 5.06341716645969], [-74.23251316116674, 5.063431512913806], [-74.23251736020664, 5.063433215019187], [-74.2325334887166, 5.063440537741938], [-74.23253686573182, 5.063442236888346], [-74.23258172955511, 5.063465195293613], [-74.23258795100126, 5.063468481498028], [-74.23264190896029, 5.063497892009401], [-74.23270341211344, 5.063531081131005], [-74.23271042068012, 5.0635349973959105], [-74.23271755264317, 5.0635392726373505], [-74.23275764409249, 5.063564146561518], [-74.23276554819776, 5.063569242808678], [-74.23277994093287, 5.063579580054432], [-74.2327861953246, 5.063584538292072], [-74.2328084396323, 5.063591291992088], [-74.23282108521087, 5.0635943497073095], [-74.23284498344519, 5.063598701590852], [-74.2328493694302, 5.063599536524643], [-74.23286661149062, 5.06360356358915], [-74.23288355430057, 5.0636087131938945], [-74.23290012472913, 5.06361496285777], [-74.23291625234376, 5.063622285570511], [-74.23292567015619, 5.063627171729247], [-74.23292915763182, 5.063629068817214], [-74.23295509718105, 5.063634506205227], [-74.23296969710925, 5.063637992695998], [-74.23298663901801, 5.063643142299338], [-74.2329967574352, 5.063646810145963], [-74.23303822379727, 5.063655360375319], [-74.23305369030064, 5.0636590270809805], [-74.23307063221012, 5.063664176681806], [-74.23307866294495, 5.063667050457232], [-74.23316265984714, 5.063698613246745], [-74.23317119954365, 5.063701989128276], [-74.23318732625977, 5.063709311834705], [-74.23320294242998, 5.063717676955425], [-74.23321242956008, 5.063723428884996], [-74.2332410668467, 5.063741606343993], [-74.23324661579038, 5.063745224079429], [-74.23326100763279, 5.06375556131333], [-74.23327469560265, 5.063766820084812], [-74.23328762095811, 5.063778952550613], [-74.23329368837538, 5.063785234882491], [-74.23332232848773, 5.063815852632131], [-74.23332836596573, 5.063822524995804], [-74.23333959976443, 5.063836245919117], [-74.23334991543032, 5.063850672537697], [-74.23335926863808, 5.063865746123087], [-74.23336761775565, 5.063881400703188], [-74.23337441441161, 5.063896336199138], [-74.2333773757025, 5.063903401684808], [-74.23337821471154, 5.063904272327582], [-74.23340208147528, 5.063929149973501], [-74.23341047332433, 5.063938307899966], [-74.23341612641987, 5.063944983709253], [-74.23343808388287, 5.06397177596076], [-74.23344366549111, 5.063978820165565], [-74.23345398026132, 5.063993247687838], [-74.23345719377666, 5.0639981827578415], [-74.23346472901216, 5.064010035044847], [-74.23347778987544, 5.064025579303475], [-74.23348936599999, 5.064035669452729], [-74.2334902201156, 5.064036417011648], [-74.2335031445783, 5.064048549472475], [-74.2335152494809, 5.064061503257206], [-74.23352396325976, 5.064071981597528], [-74.23354663810052, 5.064100687968967], [-74.23354915902974, 5.06410392963997], [-74.23355947470685, 5.064118357157731], [-74.23356882611944, 5.064133430741301], [-74.2335689890728, 5.064133712732943], [-74.23358015249751, 5.064153144070168], [-74.23364795885341, 5.064235070674489], [-74.23368428460759, 5.064274511979912], [-74.23369359700698, 5.064284234559862], [-74.23370521326943, 5.064289790599666], [-74.23370833910384, 5.064291310158773], [-74.23372395348883, 5.064299675265166], [-74.23373899048643, 5.064309045816197], [-74.23374145429842, 5.064310715931575], [-74.23376412586428, 5.06432626267067], [-74.23377605391507, 5.064334929772562], [-74.2337897419058, 5.0643461885277965], [-74.23379287196236, 5.064348982962359], [-74.2338179302582, 5.0643717066636915], [-74.23382772557902, 5.064381044678714], [-74.23383502991156, 5.064388656531951], [-74.23387918305988, 5.064436498580364], [-74.23388398454578, 5.064441840500336], [-74.23388418439514, 5.064442069942248], [-74.23389708410791, 5.064456845402403], [-74.23391059984354, 5.064468624750808], [-74.23391146028848, 5.064469378630549], [-74.23391732736451, 5.064474689564361], [-74.23396290416366, 5.0645171741960615], [-74.23397538236303, 5.064524743608306], [-74.23398560184638, 5.06453126050354], [-74.2339999946193, 5.064541597711924], [-74.23401368261797, 5.064552856460343], [-74.23401389230716, 5.0645530406426875], [-74.23404539464131, 5.064580788242057], [-74.23405810943402, 5.064592735599288], [-74.23407021435791, 5.0646056893682525], [-74.23408144908728, 5.064619409364706], [-74.23409176478681, 5.064633837773686], [-74.23410111712249, 5.064648911342768], [-74.2341094662685, 5.064664565001302], [-74.23411213330198, 5.064670144431336], [-74.23412863391415, 5.064705695705364], [-74.23412928415449, 5.064706944919173], [-74.2341347400972, 5.064714805497008], [-74.23413759761151, 5.064719004721188], [-74.23414694994808, 5.064734077384202], [-74.23414889013453, 5.06473750383641], [-74.2341718060851, 5.064778650914644], [-74.23417821414928, 5.064790879930694], [-74.2341855256957, 5.064807047691265], [-74.23418958519079, 5.064817473366595], [-74.23421059561416, 5.064874890833785], [-74.23421277564381, 5.06488107832241], [-74.23421791955111, 5.064898065454378], [-74.23422194424057, 5.064915353309736], [-74.23422483242723, 5.064932867726706], [-74.23422657133773, 5.0649505345348755], [-74.23422670076492, 5.06495264522054], [-74.23422747764319, 5.064955485761513], [-74.23423150233361, 5.064972773616651], [-74.23423438961882, 5.064990288035144], [-74.23423613033475, 5.065007954839713], [-74.23423671350923, 5.065025698046888], [-74.23423658251406, 5.065034177314545], [-74.23423563541385, 5.065064802571796], [-74.23423519099727, 5.065074067816331], [-74.23423346045911, 5.065091734908116], [-74.2342305800693, 5.065109251279435], [-74.23422813835019, 5.0651201815732545], [-74.23424064812517, 5.065129166951329], [-74.23425099023628, 5.065137533046463], [-74.23431399496602, 5.065191112707715], [-74.2343173417742, 5.065194005349463], [-74.23433026537423, 5.065206137785695], [-74.234342371219, 5.065219091543475], [-74.23434716695512, 5.065224726628461], [-74.23438278315012, 5.0652677450505585], [-74.23440263303516, 5.065290822480569], [-74.23442320403137, 5.06531350312995], [-74.2344319791269, 5.065322039601044], [-74.23450086643344, 5.065322022182671], [-74.23451856037813, 5.065322599174301], [-74.2345361798227, 5.065324334470178], [-74.2345536480576, 5.065327221882899], [-74.23456648463677, 5.065330106369666], [-74.23458856246434, 5.065335635187987], [-74.23459296799354, 5.065336777706166], [-74.23460991085464, 5.06534192725105], [-74.23462487755319, 5.065347518496331], [-74.23462608547509, 5.065347838305464], [-74.23464302833655, 5.065352987849346], [-74.23465959881958, 5.06535923745285], [-74.23467572649136, 5.065366560105961], [-74.23469134181292, 5.065374924272856], [-74.23470614665821, 5.06538414141624], [-74.23471872843459, 5.065392548468324], [-74.23472816347784, 5.0653969857702235], [-74.23474377789996, 5.065405350842049], [-74.23475881493593, 5.065414721359231], [-74.23476174948392, 5.065416716303902], [-74.2347699810441, 5.065419368893166], [-74.23478655152766, 5.065425617587885], [-74.23479048704853, 5.065427290317859], [-74.2348003383105, 5.065430430225094], [-74.2348169087945, 5.065436678918891], [-74.2348295276964, 5.065442300878626], [-74.23483622804939, 5.06544497629502], [-74.23485235572446, 5.065452298942704], [-74.23486797104957, 5.065460663104253], [-74.23488277138013, 5.0654698766318385], [-74.2349324516101, 5.0655030708395365], [-74.23493268741576, 5.065503227827177], [-74.23494707932153, 5.065513565006992], [-74.2349607682586, 5.0655248237242985], [-74.2349736927779, 5.065536956141292], [-74.23498579773802, 5.065549909884005], [-74.23499535819022, 5.065561467830552], [-74.23500511980062, 5.065572042764513], [-74.23501635456913, 5.06558576364026], [-74.23502667030459, 5.06560019112029], [-74.23502682323553, 5.065600421556028], [-74.2350447413722, 5.065627357154465], [-74.23505680000052, 5.06564347149995], [-74.23506531739805, 5.065655522750008], [-74.23506720511055, 5.06565839645614], [-74.23506880344573, 5.065660461810657], [-74.23507911918374, 5.065674889289242], [-74.23508847155794, 5.065689961929517], [-74.23509394960465, 5.065699948765656], [-74.23510338149347, 5.065714128202022], [-74.23511001846758, 5.065721440908906], [-74.23511957892481, 5.065732998852401], [-74.23512934054001, 5.065743573783329], [-74.2351343370665, 5.065749452776338], [-74.23514019184103, 5.065754451556192], [-74.23515311636841, 5.065766583967566], [-74.2351598800338, 5.0657736132249385], [-74.23516691938138, 5.065780415752329], [-74.23517370655561, 5.0657874702994095], [-74.23518071878736, 5.065794248448347], [-74.23518748155102, 5.065801277707004], [-74.2351945209009, 5.065808081138754], [-74.23520662677309, 5.0658210348731965], [-74.23521786155058, 5.065834755743231], [-74.2352244873645, 5.065843793045602], [-74.23523146791217, 5.065851467020324], [-74.23524270269077, 5.06586518788966], [-74.2352530184363, 5.065879615363665], [-74.23525317498701, 5.0658798512212755], [-74.23527525935964, 5.065913051931695], [-74.23528445519176, 5.065927888709462], [-74.23529001656715, 5.065938038250107], [-74.23529166705625, 5.065940482621301], [-74.23530101944166, 5.065955556161052], [-74.23530936863719, 5.065971209792328], [-74.23531667933014, 5.065987379340766], [-74.23531935215682, 5.065994099721455], [-74.23532496249132, 5.066006747360111], [-74.23533120206095, 5.066023360502727], [-74.23533634600986, 5.06604034671106], [-74.23534037074353, 5.066057635454699], [-74.2353432580693, 5.066075149859194], [-74.23534499792237, 5.066092816653856], [-74.23534551491602, 5.0661046741617906], [-74.23534602540181, 5.066108353066447], [-74.23534776525524, 5.066126019861045], [-74.23534834846822, 5.066143763058963], [-74.23534836243098, 5.066199105993702], [-74.23534778795535, 5.066216848687757], [-74.2353460556497, 5.066234516683505], [-74.2353431761958, 5.066252033051371], [-74.23533916118116, 5.066269322669643], [-74.23533402580604, 5.0662863122193516], [-74.23532779339163, 5.066302928365981], [-74.23532049087363, 5.06631910048261], [-74.23531254001668, 5.066334076768026], [-74.23530669989357, 5.066346775224826], [-74.2352983587204, 5.066362433580647], [-74.23528916961175, 5.066377275603505], [-74.23524503378303, 5.066443697239982], [-74.2352448763244, 5.066443933697163], [-74.23523456754741, 5.066458366167264], [-74.23523029182095, 5.066463810455474], [-74.23522663811278, 5.066470370096742], [-74.23521744990194, 5.066485211212775], [-74.2352145778758, 5.066489534470275], [-74.23521015276437, 5.066498991894891], [-74.23520245281391, 5.066513526151574], [-74.23520162469515, 5.066516017781617], [-74.23519539317863, 5.066532633926515], [-74.23518809065578, 5.066548806042971], [-74.23517974857565, 5.066564464400205], [-74.23517807838157, 5.066567324992694], [-74.2351733285194, 5.066579680252636], [-74.23517166039048, 5.066583628427914], [-74.23516953665369, 5.06659046383064], [-74.23516928772442, 5.066591474078663], [-74.23516377411656, 5.0666136109342705], [-74.235162636538, 5.066618024075876], [-74.2351621634171, 5.0666197667467125], [-74.23516126403179, 5.066627494672998], [-74.2351608198088, 5.06663020001102], [-74.23516082431281, 5.066648252856633], [-74.23516114585631, 5.066649843810967], [-74.2351619068915, 5.066653840732079], [-74.23516302560253, 5.066657073307021], [-74.23516816955814, 5.066674060421026], [-74.23516931127185, 5.066678477353863], [-74.2351695740459, 5.066679530960725], [-74.23517059378689, 5.066681963868797], [-74.23517326570934, 5.066688681536899], [-74.23517741220046, 5.066697860198613], [-74.23518537030495, 5.066712831441563], [-74.23519121806343, 5.066725533820548], [-74.23519917344797, 5.066740497829828], [-74.23520648415005, 5.066756666472883], [-74.23521272372876, 5.066773279615265], [-74.23521786768723, 5.066790266728271], [-74.23521818579549, 5.0667914740478475], [-74.23522019593973, 5.066796570647273], [-74.23522581534259, 5.066809237269065], [-74.23523137895012, 5.066823882826019], [-74.23523500256432, 5.066829984307371], [-74.23524335177483, 5.066845637936713], [-74.23524919862867, 5.066858337601849], [-74.23525715582997, 5.066873306130251], [-74.23526446653563, 5.066889474771867], [-74.23526778234809, 5.066897894974679], [-74.23527372234426, 5.066909275242341], [-74.23527826870003, 5.0669189969324036], [-74.23528469806739, 5.066929589076963], [-74.23529304728251, 5.06694524360982], [-74.23529748126235, 5.066954708546977], [-74.23530034893496, 5.066959019939108], [-74.23530828735579, 5.066971700226985], [-74.23531675592776, 5.066983684604915], [-74.23532610833455, 5.066998758140023], [-74.23533445755011, 5.067014411767042], [-74.2353388915312, 5.067023876703631], [-74.23535280187184, 5.067044789347354], [-74.23536199682542, 5.067059626120892], [-74.23537034604286, 5.067075279747018], [-74.23537477640198, 5.067084737451515], [-74.2353828744797, 5.067096911641652], [-74.23538340627341, 5.06709708073104], [-74.23538417818237, 5.067097300031421], [-74.23542713016651, 5.067110210222258], [-74.23543635217727, 5.067113163113229], [-74.23545292271191, 5.067119412683249], [-74.2354627645064, 5.067123728849726], [-74.23549999036699, 5.067140946934362], [-74.23550627719779, 5.0671439524809765], [-74.2355218925751, 5.067152317519136], [-74.23553692876204, 5.067161688006858], [-74.23555132161958, 5.067172025159651], [-74.23556500970359, 5.067183283854255], [-74.2355779342717, 5.0671954162477375], [-74.23559003928173, 5.067208370872812], [-74.23560127409677, 5.0672220917277775], [-74.235611589876, 5.067236518283456], [-74.23562094229366, 5.0672515918116225], [-74.23562929152013, 5.067267245432189], [-74.23563660224254, 5.067283414970872], [-74.2356428427419, 5.067300028103192], [-74.23564798581424, 5.067317014305657], [-74.23565200966954, 5.067334303044442], [-74.2356542905159, 5.067347471875273], [-74.23566002628151, 5.0673862312959175], [-74.23566063368548, 5.067390576862327], [-74.23566237265683, 5.06740824365419], [-74.23566295679032, 5.067425986847051], [-74.23566238142809, 5.0674437295406225], [-74.23566065094067, 5.06746139753184], [-74.2356577714982, 5.067478913899698], [-74.2356537555904, 5.067496203520814], [-74.23564991213856, 5.067509277283694], [-74.23563937294757, 5.067542063450704], [-74.23562919700787, 5.067587468365787], [-74.23562657976254, 5.067598135695079], [-74.23562144529403, 5.0676151243405885], [-74.23561834692482, 5.067623796569203], [-74.23560292182322, 5.067664768875664], [-74.23561865319765, 5.067693809593009], [-74.2356264630531, 5.06770197781083], [-74.23563454306431, 5.067710809645901], [-74.23563808172794, 5.06771493698069], [-74.2356609941026, 5.067742207732565], [-74.23566344052126, 5.067745161800482], [-74.23568921786052, 5.067776738516002], [-74.23569446670075, 5.067783376156232], [-74.2356982670598, 5.067788462998202], [-74.23572547738588, 5.067825780732995], [-74.23573199192165, 5.067835122253145], [-74.235741345256, 5.067850195774787], [-74.23574645656743, 5.067859484782206], [-74.23575182048344, 5.067869698026821], [-74.23576800380225, 5.0678758750331605], [-74.23577522430688, 5.067878750307419], [-74.23578304403853, 5.067882141990204], [-74.23582742908607, 5.067902229100438], [-74.23583573710356, 5.0679061609281515], [-74.23585135340619, 5.067914525950925], [-74.23586638961633, 5.067923896425283], [-74.23587278651945, 5.067928315075133], [-74.23592719764865, 5.06796706199695], [-74.23593519452959, 5.067972980484287], [-74.23594888263848, 5.067984239164729], [-74.23596180632913, 5.067996371546342], [-74.23597391226446, 5.068009325251867], [-74.23598176777872, 5.0680187239230285], [-74.23600468110163, 5.068047429689453], [-74.23600805952309, 5.0680517509576255], [-74.23601837533086, 5.068066179310629], [-74.23602772777312, 5.068081252827313], [-74.23603607702363, 5.068096906437233], [-74.23604338776939, 5.068113075966173], [-74.23604962919363, 5.068129689087924], [-74.23605424797394, 5.068144745411765], [-74.23606571091945, 5.0681863738964426], [-74.2360662334286, 5.068188303770641], [-74.23607025820604, 5.068205591595797], [-74.23607314647835, 5.068223106891845], [-74.236074050873, 5.068230837702895], [-74.23607467144097, 5.06823688429295], [-74.23608241704828, 5.068245424503471], [-74.23608563712133, 5.06824903850902], [-74.23609687286869, 5.068262758441454], [-74.23610718778023, 5.068277186793373], [-74.23611080046385, 5.068282749922224], [-74.23613801182881, 5.068325810480099], [-74.23614375249493, 5.068335319958346], [-74.23615210175431, 5.068350974469977], [-74.23615941250533, 5.068367143091251], [-74.23616565213162, 5.068383756213899], [-74.23616661773433, 5.068386660630237], [-74.23619097372014, 5.068461304646202], [-74.23619515031692, 5.068475386423486], [-74.23619812240518, 5.068487624683036], [-74.236208155242, 5.068533560094541], [-74.23620920884231, 5.068538610560944], [-74.23621209621783, 5.0685561249518365], [-74.23621315515015, 5.068565403603177], [-74.23621615478206, 5.06859639950584], [-74.23622486196575, 5.068602874899186], [-74.23622498847243, 5.068602969662796], [-74.236291810526, 5.068652719773355], [-74.2362951774584, 5.068655266720771], [-74.23629841080489, 5.068657792208021], [-74.23634423178623, 5.068694148691777], [-74.23635468747547, 5.068702882774134], [-74.23636761209158, 5.068715015140283], [-74.23637053318215, 5.0687179891069], [-74.2364316310775, 5.068781138671639], [-74.23644081504659, 5.068791119302619], [-74.23645204991148, 5.068804840131066], [-74.23646236573997, 5.068819266661706], [-74.23646683825665, 5.068826202554919], [-74.23648593480166, 5.068856823842294], [-74.23649081384926, 5.068864961455308], [-74.23649916312583, 5.068880615958499], [-74.23650647299134, 5.068896784573749], [-74.23651271443701, 5.068913396781109], [-74.23651785665281, 5.068930383873684], [-74.23652188145267, 5.06894767259639], [-74.23652476974311, 5.068965186981437], [-74.23652650965433, 5.06898285376164], [-74.23652687469293, 5.068989756792395], [-74.23652879472974, 5.069037607814434], [-74.23652901386012, 5.069048447968762], [-74.23652843853277, 5.069066191561633], [-74.23652670807415, 5.06908385864478], [-74.23652382865939, 5.069101375011706], [-74.23651981187409, 5.069118664635902], [-74.2365146765277, 5.069135654191473], [-74.23650844503896, 5.06915227034565], [-74.23650114254053, 5.069168443379678], [-74.2365004818632, 5.069169777433802], [-74.2364546917921, 5.069261666500642], [-74.23644701130564, 5.069275989913337], [-74.23643766564425, 5.069291067505854], [-74.2364273568703, 5.069305500903109], [-74.23641612907572, 5.069319225778963], [-74.23640402997724, 5.069332185943683], [-74.2363911118016, 5.0693443242940734], [-74.23637742949445, 5.069355590055447], [-74.23636304071206, 5.069365934257551], [-74.23634800853314, 5.0693753124438246], [-74.23633239784981, 5.069383684678337], [-74.23631627356268, 5.069391015549185], [-74.23629970599163, 5.069397272348561], [-74.23628276547196, 5.069402430511923], [-74.23626552414538, 5.069406466376159], [-74.23624805777501, 5.0694093626048575], [-74.23623043942557, 5.069411106390919], [-74.2362127448808, 5.069411691255669], [-74.23619505083542, 5.069411115242846], [-74.236177431284, 5.069409380020539], [-74.23615996383909, 5.069406491774075], [-74.23614272071468, 5.069402464842373], [-74.23612577773756, 5.069397315367096], [-74.23610920713894, 5.069391066735335], [-74.23609307934713, 5.0693837432424225], [-74.23607746390695, 5.069375379138332], [-74.23606242765457, 5.069366007773436], [-74.23604803383228, 5.069355670648276], [-74.23603434568753, 5.069344411977865], [-74.23602142196295, 5.069332279605095], [-74.23600931599584, 5.0693193259072284], [-74.23599808203095, 5.0693056059742725], [-74.2359877661972, 5.069291177626183], [-74.23597841283087, 5.069276105020036], [-74.23597006355782, 5.069260450508463], [-74.23596275369788, 5.0692442818850605], [-74.23595651316035, 5.069227668763363], [-74.23595137005158, 5.069210681665186], [-74.2359473452644, 5.069193393840561], [-74.2359444569864, 5.069175879449498], [-74.23594271799115, 5.069158212662365], [-74.23594213473937, 5.069140469471202], [-74.23594270918011, 5.0691227258767055], [-74.23594443965311, 5.069105057886428], [-74.23594731998817, 5.069087542421346], [-74.23595030307824, 5.069074240478355], [-74.23590249749938, 5.069038648710173], [-74.23584337519667, 5.068994685512816], [-74.23583988085431, 5.068992043801133], [-74.23583368060677, 5.068987128939668], [-74.23578213152825, 5.068945031463184], [-74.23577464454429, 5.068938686739588], [-74.2357617199309, 5.068926554360028], [-74.23574961487964, 5.068913600652305], [-74.23573838002417, 5.068899879808527], [-74.23572806420552, 5.068885452357944], [-74.23571871265709, 5.068870379741504], [-74.23571036249302, 5.068854724320498], [-74.23570305174523, 5.068838556597801], [-74.23569681212248, 5.06882194346911], [-74.23569166902578, 5.068804956366199], [-74.23568764425025, 5.068787668537443], [-74.23568475598343, 5.068770154142853], [-74.23568301699885, 5.068752487352814], [-74.23568244373152, 5.068737143707153], [-74.23568206129052, 5.068694965626995], [-74.23567615039472, 5.068633866687251], [-74.23567247661958, 5.068617048690515], [-74.23566371356264, 5.068590192458882], [-74.235653492183, 5.068578923530749], [-74.23565027210974, 5.068575309522895], [-74.2356439397132, 5.068567802618493], [-74.23561243422661, 5.068529049011428], [-74.2356075326799, 5.068522835066131], [-74.23559721687167, 5.068508407611122], [-74.23558786443103, 5.068493334992276], [-74.23557951517907, 5.068477679565723], [-74.23557220534303, 5.068461511837808], [-74.23556596392463, 5.0684448987093935], [-74.23556082173879, 5.068427911601977], [-74.23556073722561, 5.068427597792978], [-74.23554927428242, 5.0683845342576745], [-74.23554620465679, 5.068371769576585], [-74.23551536675053, 5.0683599989562325], [-74.23550814623879, 5.068357122775328], [-74.2354920184803, 5.068349800164073], [-74.23547931173245, 5.068343094433357], [-74.23542060737336, 5.068310091294058], [-74.23541769871184, 5.068308431992796], [-74.23540266249537, 5.068299061508686], [-74.2353882696101, 5.068288724358457], [-74.23537458059799, 5.06827746566715], [-74.23536165690858, 5.068265333272605], [-74.23534955097668, 5.068252379553898], [-74.23533831704512, 5.068238658696313], [-74.23532800124786, 5.068224231234323], [-74.23531864881649, 5.0682091577041195], [-74.23531308379133, 5.068199001842483], [-74.23529617737074, 5.068166528687691], [-74.23527695857071, 5.068129935805913], [-74.2352658318035, 5.068114675652503], [-74.23524597851979, 5.068090355071033], [-74.23522987790652, 5.068071192000337], [-74.23520296111646, 5.068043041257512], [-74.23519488110456, 5.0680342094167115], [-74.23518364718224, 5.068020489459441], [-74.23517333139073, 5.068006061088393], [-74.23516397806615, 5.067990988460742], [-74.23516050672379, 5.067984774492825], [-74.23510608034321, 5.067884298382356], [-74.23510120335776, 5.067874857816207], [-74.23509389263867, 5.06785868917494], [-74.23508765214322, 5.0678420760354825], [-74.23508250907524, 5.067825088921456], [-74.23507983826109, 5.067814207296758], [-74.23506120670562, 5.067730948390157], [-74.23505985457713, 5.067724542172766], [-74.23505696633823, 5.067707027769521], [-74.23505522557551, 5.067689360975811], [-74.23505464235882, 5.067671617776837], [-74.23505521773475, 5.067653874175], [-74.23505694914229, 5.067636207084462], [-74.23505755447368, 5.06763186101038], [-74.23506327111778, 5.067593098708214], [-74.2350655452453, 5.067579928413081], [-74.2350670761168, 5.0675730742360825], [-74.23505627053771, 5.067567285962608], [-74.23504123434415, 5.0675579154644375], [-74.23502684148193, 5.067547578300502], [-74.23501315249295, 5.067536319595965], [-74.23500022882664, 5.067524187188659], [-74.23498812291767, 5.067511233457761], [-74.2349768881065, 5.06749751259032], [-74.2349733582565, 5.067492797104443], [-74.23495235342395, 5.067464090355615], [-74.23494556840379, 5.067454379271272], [-74.23493621509301, 5.067439305732036], [-74.23492786587785, 5.067423652099063], [-74.23492055607274, 5.0674074834516], [-74.23491431558844, 5.0673908703081025], [-74.23490917253109, 5.067373883190487], [-74.23490520245696, 5.067356871212857], [-74.23490512501863, 5.067356481385733], [-74.23489622869174, 5.067342094631699], [-74.23488787947923, 5.067326440997623], [-74.23488344912217, 5.06731698238372], [-74.23486953607062, 5.067296065208926], [-74.23486416387587, 5.067287659787161], [-74.23485865086451, 5.067279701612464], [-74.23485849341115, 5.067279465756519], [-74.23485297253194, 5.0672711655769405], [-74.23484377668004, 5.067256327891047], [-74.23483542747022, 5.067240674255678], [-74.23483099349338, 5.0672312093142695], [-74.23482812582003, 5.067226897014814], [-74.2348227536265, 5.067218491592436], [-74.23481724061466, 5.067210532512274], [-74.23481708316133, 5.067210296656328], [-74.23481156228337, 5.06720199647609], [-74.23480236643533, 5.067187159693932], [-74.23479401722598, 5.067171505152709], [-74.23478670742817, 5.067155336502105], [-74.23478194853885, 5.067142980393534], [-74.23478027921736, 5.0671401234619875], [-74.23477193001105, 5.067124469825004], [-74.23476461931051, 5.0671083002707755], [-74.23476279885027, 5.067103780578828], [-74.23476202516859, 5.067102627512593], [-74.23476186861765, 5.067102391654883], [-74.23475634683919, 5.0670940914754725], [-74.23474715189668, 5.06707925469008], [-74.2347388026905, 5.067063600147429], [-74.23473149199346, 5.0670474314972385], [-74.23472525151924, 5.067030818349729], [-74.23472010847159, 5.067013831228506], [-74.23471871851595, 5.0670084095193815], [-74.23471458463301, 5.066994463362538], [-74.23471319558496, 5.066989044366084], [-74.23471317834284, 5.0669889928245615], [-74.23471215860093, 5.066986559010699], [-74.23470790406597, 5.066975601686045], [-74.23470021132839, 5.066963047593029], [-74.23469186212708, 5.066947393953886], [-74.23468455143136, 5.066931224397693], [-74.23467831186241, 5.066914611247384], [-74.23467517376024, 5.066904735758925], [-74.23467350597963, 5.066900788522502], [-74.23467083316153, 5.06689407266267], [-74.23466522281794, 5.066881420493391], [-74.23465898234788, 5.066864807344339], [-74.23465383930593, 5.066847821126587], [-74.23465269759319, 5.066843403287255], [-74.2346524348215, 5.066842350584807], [-74.23465141508015, 5.066839916770727], [-74.23464517461107, 5.066823303621336], [-74.23464003157005, 5.066806317403286], [-74.23463888985754, 5.066801899563884], [-74.2346333652824, 5.066779763870115], [-74.23463048226965, 5.066766892958409], [-74.23462759495469, 5.066749378547153], [-74.23462671448326, 5.066741879315903], [-74.23462495563466, 5.06673368867325], [-74.2346220683202, 5.066716174261882], [-74.2346203275782, 5.066698507462938], [-74.23461974438075, 5.0666807642599245], [-74.23461972544747, 5.066603284130131], [-74.2346203008415, 5.06658554052546], [-74.23462203136302, 5.066567873435046], [-74.23462341055784, 5.066558594645087], [-74.23462478566393, 5.066545735512164], [-74.23462616575075, 5.066536451291617], [-74.23462754086715, 5.0665235975875795], [-74.23463042034054, 5.066506081218039], [-74.23463443537503, 5.066488791599329], [-74.23463957077009, 5.066471802050436], [-74.23463974036693, 5.066471304983612], [-74.2346414466905, 5.066461806604272], [-74.23464546352763, 5.066444516077355], [-74.23465059801998, 5.066427526530232], [-74.23465683045369, 5.0664109103856525], [-74.23465849678463, 5.0664069640240905], [-74.23466162896628, 5.0663970838062555], [-74.23466786139959, 5.066380467661697], [-74.23466952862931, 5.066376519488779], [-74.2346726599187, 5.066366644701556], [-74.23467889235158, 5.066350028557014], [-74.23468619488574, 5.066333855538852], [-74.2346945360771, 5.066318198092228], [-74.23469619997584, 5.066315347465579], [-74.23470095524057, 5.066302981339234], [-74.23470656984493, 5.066290309555156], [-74.2347092307301, 5.066283609754751], [-74.2347165332631, 5.066267436736597], [-74.23472487535547, 5.066251779288198], [-74.23472999162516, 5.066243255219713], [-74.2347359083592, 5.066232406060026], [-74.23474509748286, 5.0662175649471894], [-74.23474795871488, 5.066213257998539], [-74.23475239011822, 5.066203784277193], [-74.23476073220746, 5.066188125923901], [-74.23476992042603, 5.0661732839078955], [-74.23477823240175, 5.066160776175808], [-74.2347669688848, 5.066151404795096], [-74.23475404525568, 5.066139272374532], [-74.23474193938297, 5.066126318630988], [-74.23473193479967, 5.066114191496349], [-74.2347264420904, 5.066108840049062], [-74.23471433712119, 5.0660958863029935], [-74.23470477576218, 5.06608432925971], [-74.23470034731217, 5.066079670678451], [-74.23469331880587, 5.066072875363456], [-74.23468121383799, 5.066059921616427], [-74.23466997906623, 5.066046201640155], [-74.2346596633261, 5.066031773249616], [-74.23465031095347, 5.066016700602069], [-74.23464196176917, 5.066001046053781], [-74.23463752780766, 5.065991581107938], [-74.23463466014286, 5.065987268805799], [-74.23463292808057, 5.065984631862558], [-74.23463132974376, 5.065982565602048], [-74.2346210140074, 5.0659681381152195], [-74.23461166253914, 5.065953065464918], [-74.2346105960518, 5.065951198153378], [-74.23460744705751, 5.065946989536743], [-74.23460057110151, 5.065937370003064], [-74.23458788770236, 5.065932476539532], [-74.23458395127948, 5.065930805620311], [-74.23457410091017, 5.065927664804875], [-74.23455753041164, 5.065921415202627], [-74.23455359308652, 5.06591974428491], [-74.23454374271743, 5.065916603468933], [-74.2345271722193, 5.065910353865764], [-74.2345110445333, 5.065903031211972], [-74.23449542919869, 5.065894667043391], [-74.23448062886034, 5.065885453508065], [-74.2344640681746, 5.065874388461341], [-74.23446383327119, 5.065874231471814], [-74.234455893119, 5.065868705537667]]]], "type": "MultiPolygon"}}, {"type": "Feature", "properties": {"NOMBRE": "Espacio p\u00fablico efectivo natural", "RuleID": 1, "SHAPE_Length": 780.309473308228, "SHAPE_Area": 14513.80192455645, "Area_m2": 14513.80192455645, "Perimetro": 1047.7017447792584}, "geometry": {"coordinates": [[[[-74.23771668464067, 5.059893504261377], [-74.23755694112833, 5.059738440314381], [-74.23755659942022, 5.05973810799581], [-74.23751620027035, 5.059698897264198], [-74.23746328452052, 5.059647531647926], [-74.23748808819701, 5.059627965623643], [-74.23769396048766, 5.0594655844250465], [-74.23772672511117, 5.059439740969642], [-74.2377541388763, 5.059418116025052], [-74.23776768854135, 5.0594074287171695], [-74.23781593298757, 5.059379025822259], [-74.2378857061163, 5.059337942446072], [-74.23793209925162, 5.059310625239528], [-74.23796913047286, 5.059288819043956], [-74.23798309897451, 5.05928059383501], [-74.23804450033174, 5.05929313935853], [-74.23805261688462, 5.059308910127746], [-74.23806337886036, 5.059329810657439], [-74.23806666987915, 5.059328049934473], [-74.23807619234213, 5.0593410230473985], [-74.23809885500813, 5.059371897210879], [-74.23816841895037, 5.059466671946689], [-74.23831378044984, 5.059664938198524], [-74.2384362194163, 5.0598313508369195], [-74.23843649895447, 5.059831730324064], [-74.23846156338094, 5.059865794769966], [-74.23858296135494, 5.059805505668147], [-74.23881476499544, 5.05968957745893], [-74.23888276140768, 5.059532268697034], [-74.2390415452222, 5.059635257568701], [-74.23907138742518, 5.059654608728293], [-74.23900470426557, 5.059764658408415], [-74.2389445356162, 5.059864634104035], [-74.23889355611576, 5.0599489271919715], [-74.23888340219453, 5.059965939909316], [-74.23884375885567, 5.06003238377995], [-74.23884236305534, 5.0600324298806045], [-74.23882474498136, 5.060034175483508], [-74.2388072788807, 5.060037071717698], [-74.23879003872085, 5.060041106679154], [-74.23877309846067, 5.060046263939844], [-74.23875653114638, 5.0600525216446135], [-74.23874040710697, 5.060059852514588], [-74.2387247957605, 5.060068224748594], [-74.23870976471353, 5.06007760292967], [-74.23869537705247, 5.060087947125449], [-74.23868169405043, 5.06009921288295], [-74.23866877606973, 5.060111351226867], [-74.238656677153, 5.0601243113843575], [-74.23864544952787, 5.0601380371571585], [-74.23863514090532, 5.0601524696412294], [-74.23862579538363, 5.060167548129769], [-74.238617454342, 5.060183205587494], [-74.23861015194817, 5.0601993786121815], [-74.23860391964556, 5.0602159947586545], [-74.23859878437125, 5.060232984304768], [-74.23859476944621, 5.060250273916085], [-74.23859189007054, 5.0602677902736515], [-74.23859015873217, 5.060285457349276], [-74.2385895843133, 5.060303200931246], [-74.2385901675701, 5.060320944108978], [-74.23859190745573, 5.0603386108801445], [-74.23859479570494, 5.0603561252562], [-74.23859881954597, 5.0603734139716625], [-74.23860396349328, 5.060390400146955], [-74.23861020305013, 5.060407013253465], [-74.2386175137198, 5.0604231827625386], [-74.23861915004659, 5.060426250569407], [-74.23858475544039, 5.060530641315478], [-74.23857473981597, 5.060539248956876], [-74.23856005058947, 5.060551871144254], [-74.23852487098102, 5.060522006291317], [-74.23848291934479, 5.060486385295721], [-74.23848284795164, 5.0604863275241865], [-74.23845110270446, 5.060459375025983], [-74.2382980767821, 5.060382677954385], [-74.23828272377418, 5.060371745493633], [-74.23828257197336, 5.060371634491799], [-74.23809991705195, 5.060241537630644], [-74.23804395067759, 5.060201673570978], [-74.23800973564535, 5.060177956852828], [-74.23793715809717, 5.060107511071063], [-74.23793058158948, 5.060101128418492], [-74.23792302696977, 5.060093797581035], [-74.23792268526128, 5.060093465262738], [-74.23782689513905, 5.060000484205157], [-74.23782655252663, 5.060000150983698], [-74.23771702905934, 5.0598938383842675], [-74.23771668464067, 5.059893504261377]]], [[[-74.23669022839161, 5.061875312551234], [-74.23669067231381, 5.061875301750401], [-74.23669459601936, 5.061875515935592], [-74.23669844324601, 5.061876320205482], [-74.23670212463152, 5.061877697539276], [-74.23670555710237, 5.061879616427188], [-74.23670866207426, 5.061882033588213], [-74.23671136725169, 5.061884891252363], [-74.23679893796248, 5.062055095906388], [-74.23680835961406, 5.062073407627521], [-74.23683777746609, 5.062130572762614], [-74.23695178017562, 5.062352155593491], [-74.23695195768019, 5.062352497273973], [-74.23695330791729, 5.062356486732623], [-74.23695397090984, 5.062360647609298], [-74.23695392748391, 5.062364861409995], [-74.23695317741083, 5.062369007794957], [-74.23695174302333, 5.062372968190895], [-74.23694966651902, 5.062376631225099], [-74.23694700364229, 5.062379891832654], [-74.23694383362192, 5.062382657571181], [-74.23680149763624, 5.062454423360993], [-74.2367140185355, 5.0624982522645166], [-74.23667548179745, 5.062517564935214], [-74.23655215741732, 5.0625796807198755], [-74.23644216158489, 5.06263533056523], [-74.23643837013034, 5.062636338530652], [-74.23643446559538, 5.062636718771155], [-74.2364305517279, 5.062636461135615], [-74.23642673140283, 5.062635570856469], [-74.23642310392523, 5.062634073983627], [-74.23641976681618, 5.062632007428238], [-74.2364168068033, 5.062629426218309], [-74.23641678691789, 5.0626294081600225], [-74.23641621096598, 5.062628791272057], [-74.236416149481, 5.062628724433264], [-74.23641588091097, 5.062628419119073], [-74.23641559423952, 5.062628084885401], [-74.23641553636382, 5.062628018039698], [-74.23641506694418, 5.062627431711962], [-74.23641283714593, 5.0626240239171], [-74.23641120767792, 5.062620291052314], [-74.23637833214646, 5.062556012517167], [-74.23633028261706, 5.062462471412908], [-74.23630565177544, 5.06241489718339], [-74.23629442421317, 5.0623930664604835], [-74.2362864054282, 5.0623774728265065], [-74.23626334019534, 5.062332786484874], [-74.23625617646002, 5.062318906744798], [-74.23623096948016, 5.062268234621697], [-74.23620036119549, 5.062209482867315], [-74.23617737523432, 5.062165194486338], [-74.2361761904838, 5.062161867937526], [-74.23617547108299, 5.062158410206985], [-74.23617522888571, 5.062154886418721], [-74.23617524599612, 5.062153918235023], [-74.23617530009649, 5.062152947266277], [-74.23617530893759, 5.0621528513391025], [-74.23617536638572, 5.062152217859587], [-74.23617614979666, 5.062148043361484], [-74.23617760578811, 5.0621440530661], [-74.23617969486585, 5.062140356531337], [-74.23618236217908, 5.06213705429631], [-74.23618553300705, 5.0621342369850595], [-74.23618585197815, 5.062133999314769], [-74.23631104088281, 5.062068740346326], [-74.23643463765657, 5.062005169163609], [-74.23643925123478, 5.062002794264874], [-74.23656231348119, 5.061939053074644], [-74.23664101144902, 5.061898719082522], [-74.23667405302284, 5.0618817875300675], [-74.23668546351128, 5.061875937830279], [-74.23668783130036, 5.061875512569404], [-74.23669022839161, 5.061875312551234]]]], "type": "MultiPolygon"}}]}