{"type": "FeatureCollection", "features": [{"type": "Feature", "properties": {"CODIGO": "25777000200000004", "SECTOR_CODIGO": "257770002", "NOMBRE": "LA REFORMA", "Area_ha": 943.8921052014118, "Perimetro": 16976.136023933304, "Shape_Length": 16966.872834739315, "Shape_Area": 9438921.052014118, "USO_CAMP": "Agropecuario", "Descripcion": "100% Pastos para ganader\u00eda (parte alta), 40% caf\u00e9, 35% pl\u00e1tano y 25%yuca."}, "geometry": {"coordinates": [[[[-74.22553576633344, 5.117140044917655], [-74.22552981266436, 5.117139300786616], [-74.22545354052973, 5.117129766980848], [-74.22537651483725, 5.117099812905245], [-74.2253697950817, 5.117097199982962], [-74.22527511886182, 5.117060382242584], [-74.22527389700552, 5.117059906836717], [-74.22525904057467, 5.117054129047329], [-74.22524653835625, 5.117041627589191], [-74.22524573006989, 5.11704081932465], [-74.22504293071287, 5.116838018919523], [-74.22470255836923, 5.11659489227088], [-74.22428654445696, 5.11642740873057], [-74.22388674260262, 5.116292340625811], [-74.22376014601461, 5.116229960082368], [-74.22351395036051, 5.116108646464223], [-74.22334106173338, 5.115962771756901], [-74.22326002059474, 5.115816897174435], [-74.22319518798108, 5.115487330071726], [-74.2231357569448, 5.115211789209729], [-74.22301927121018, 5.114931726362506], [-74.2228818273678, 5.11460127800152], [-74.22265491248116, 5.114093418121791], [-74.22248202359528, 5.11376384971417], [-74.22216866410588, 5.113515322997785], [-74.2217580543653, 5.113223574610924], [-74.22174709022163, 5.113207868873467], [-74.2217260197434, 5.1131776881242645], [-74.22155815361613, 5.112937229724043], [-74.22136905763908, 5.112418561259566], [-74.22123398853137, 5.1120565801995985], [-74.22109891885434, 5.111824260364377], [-74.22107116420304, 5.111794449706029], [-74.22080716871946, 5.111510899269094], [-74.22043978118252, 5.1112353612526515], [-74.2202344775577, 5.111019248863222], [-74.22017778311549, 5.110943656028874], [-74.22010269566309, 5.110843540508304], [-74.22003997700224, 5.1107599170904665], [-74.21990490970853, 5.110424947007287], [-74.2198724924815, 5.110084571709204], [-74.21982926956379, 5.109868461158979], [-74.21974282588027, 5.109657754014703], [-74.2197125264581, 5.1095863327892355], [-74.21959154912699, 5.109301173136191], [-74.21952671566494, 5.109047243290582], [-74.2195645345797, 5.108836536925956], [-74.21960962139897, 5.1087413548142235], [-74.21966178359793, 5.108631230654965], [-74.21976984149372, 5.1082584382527925], [-74.21982927156176, 5.1079937057388065], [-74.21987249334028, 5.1077721937305745], [-74.21985911518217, 5.10767186123946], [-74.21985088141571, 5.107610109469044], [-74.2197634769058, 5.10744986850263], [-74.21975363107721, 5.107431817993358], [-74.21973851119722, 5.107420676747318], [-74.21961234173287, 5.107327710280153], [-74.21954832715684, 5.107280541591253], [-74.21925117588985, 5.107107654272583], [-74.21896483014024, 5.1069725830561445], [-74.21888315498826, 5.106918753067762], [-74.2188586272363, 5.106902587105853], [-74.21872710693725, 5.10681590639245], [-74.21870825401795, 5.106789062740039], [-74.21867638883226, 5.106743695913781], [-74.21848612616249, 5.106472813267598], [-74.21840834486835, 5.106362073556269], [-74.21821952620354, 5.106113626637375], [-74.21799773460748, 5.105821796398501], [-74.21771625149232, 5.105459887913728], [-74.2176573612904, 5.1053841730528005], [-74.21746826443575, 5.105065410085019], [-74.21737857220604, 5.104872006749259], [-74.21729537839923, 5.104692618480362], [-74.21713329495043, 5.104222579850185], [-74.21695128945524, 5.1038543411865716], [-74.21690097537788, 5.1037525411944475], [-74.21674404493848, 5.103541922398401], [-74.21669567105916, 5.103477000046349], [-74.2165443932147, 5.103325723906333], [-74.21665579552581, 5.103329035354535], [-74.21675479815228, 5.103316073570189], [-74.21697863860975, 5.103268544591265], [-74.21721538492883, 5.103216695002481], [-74.21741340266837, 5.10318644077172], [-74.21765874750787, 5.1030784813787164], [-74.21776202848669, 5.102905807147831], [-74.21776387890931, 5.102902260368058], [-74.21785669789467, 5.1027244901205115], [-74.2179771769606, 5.102461173788335], [-74.2180675557591, 5.102353243906433], [-74.21818374868447, 5.10216330023053], [-74.21822245471705, 5.101973373189499], [-74.21825683348895, 5.101714377759488], [-74.21826372216981, 5.101694217997839], [-74.21830845819778, 5.101563294536158], [-74.21841174436986, 5.1014208276625235], [-74.2186269484172, 5.1012438115609156], [-74.21874983383557, 5.1011513575444445], [-74.2190917829603, 5.100894089614929], [-74.21914963835492, 5.1008520197888725], [-74.21928294038719, 5.100755086995986], [-74.21960442767701, 5.100521313324653], [-74.21996858069421, 5.100225178091262], [-74.22029630659168, 5.099918343648926], [-74.2206283566983, 5.099634609052196], [-74.2206502591175, 5.099615892008753], [-74.22073596901691, 5.099114758522041], [-74.22099354157719, 5.097199996181889], [-74.22147102757903, 5.097862676591435], [-74.22190769055436, 5.097833866311518], [-74.2221224362735, 5.0977907525813615], [-74.22227990797056, 5.097726116185671], [-74.22255188047836, 5.097503541485928], [-74.22275943043087, 5.097295337381439], [-74.22278041125037, 5.097291341622892], [-74.2230126652019, 5.097247126673782], [-74.22356826762116, 5.096972149851829], [-74.22419814961535, 5.096684892242966], [-74.22451308804447, 5.096534084895117], [-74.22483216154644, 5.096398345612338], [-74.22488457958814, 5.096288778318141], [-74.22508121589516, 5.096113436650316], [-74.22522540705813, 5.095960020841255], [-74.22537397142936, 5.095815374311909], [-74.22564929117716, 5.095692609021291], [-74.22580893729929, 5.095661681287732], [-74.2258353274427, 5.095656569452126], [-74.22589839640504, 5.095644345526312], [-74.22612564314768, 5.095547880601524], [-74.2263135541329, 5.095442669546491], [-74.22641199499175, 5.095412270957991], [-74.22674109625109, 5.09581168897357], [-74.22689636730546, 5.095770152205383], [-74.2270567047892, 5.095718434700465], [-74.22724259553596, 5.095408446545367], [-74.22735708153672, 5.095202654799647], [-74.22753838650435, 5.0950159891363365], [-74.2277865000337, 5.094814950526584], [-74.22792488614732, 5.094767065948135], [-74.22824936678617, 5.094613862934176], [-74.22864066634158, 5.094489354196692], [-74.2287408805497, 5.094465405070716], [-74.22892700646769, 5.094489286879432], [-74.22913222216738, 5.094522735874158], [-74.22923242683152, 5.09446528861285], [-74.22929923914408, 5.094460488493993], [-74.22939468650004, 5.094465250936856], [-74.22953237935425, 5.0942122819197335], [-74.22959503696185, 5.094101526784209], [-74.22966370846376, 5.0940276015226145], [-74.22980578231873, 5.093972673720454], [-74.22994297941788, 5.093942733545279], [-74.23013386420133, 5.093906799456984], [-74.23024719756039, 5.0938708814897415], [-74.23037244952937, 5.093787110377602], [-74.23060661191386, 5.09370662446839], [-74.23072747988897, 5.093661174272462], [-74.2308267353314, 5.093626698276444], [-74.23098635909722, 5.093586464362749], [-74.23108656481759, 5.093532606284044], [-74.23113666265745, 5.0934895272087015], [-74.23125477375056, 5.0934715541952675], [-74.23146952842524, 5.09347868037149], [-74.2315983806328, 5.09347506062989], [-74.23167951626554, 5.093507342045556], [-74.23175723259612, 5.09356888717712], [-74.23179317784968, 5.0935946454021], [-74.2317716618538, 5.0934235779866], [-74.23175744168303, 5.093257807864748], [-74.23205070830414, 5.093042057134951], [-74.23225110880688, 5.092807511976859], [-74.23242925487268, 5.092628809312949], [-74.23254107151554, 5.0924989217089305], [-74.2326407861828, 5.092383090943798], [-74.23279665983317, 5.092204391974334], [-74.23296366059455, 5.092048018777926], [-74.23314179423815, 5.0918246453534985], [-74.23328652972268, 5.091645942329226], [-74.2334312629639, 5.091478413750186], [-74.23369844735976, 5.091109852356903], [-74.23401020433965, 5.090830605644318], [-74.23412151628744, 5.090584923499175], [-74.23429963401546, 5.090328041089547], [-74.23444437321024, 5.090182843205456], [-74.23467034443878, 5.090475129897451], [-74.2348086976047, 5.090176206379363], [-74.23514561034538, 5.089643765951249], [-74.23538112062622, 5.089147240212341], [-74.23539919226947, 5.089108959078189], [-74.23563580682656, 5.088607756042754], [-74.23583721076852, 5.088181138274402], [-74.23594456601393, 5.088013599731144], [-74.23610639600345, 5.087841483263226], [-74.23619220078928, 5.087692272333871], [-74.23650393822834, 5.087346033610623], [-74.23671148019092, 5.087163852864219], [-74.23677115145544, 5.0871114672682936], [-74.23693815551954, 5.0869215982822995], [-74.23708289577642, 5.086787567318085], [-74.23727217864709, 5.086664684062778], [-74.23740580968958, 5.086597654071427], [-74.23750597985834, 5.086396633948252], [-74.23765072496278, 5.086273769197816], [-74.23775092101451, 5.086139735026691], [-74.2378845082699, 5.085927538696644], [-74.23805150152467, 5.085715332475767], [-74.23818509907468, 5.0855478094253606], [-74.23834096334876, 5.085369101718657], [-74.23856364388855, 5.085168052454345], [-74.23870836544683, 5.084967021768358], [-74.23881968386183, 5.0847883199886414], [-74.23898669634366, 5.084643114086825], [-74.23912030032837, 5.084520252479464], [-74.23928730455455, 5.084341541344393], [-74.23939863355518, 5.084229856243127], [-74.23943650934494, 5.084191859119962], [-74.23955450742075, 5.084073483667333], [-74.2396992317458, 5.083883610120793], [-74.23977714860195, 5.083727255316032], [-74.23988847681042, 5.083570904120718], [-74.24002207587183, 5.083414535422547], [-74.24009155577042, 5.083244102576547], [-74.24012223702849, 5.083168841916768], [-74.24024468408264, 5.082934311646906], [-74.24038941975915, 5.082777945028363], [-74.24060095113984, 5.082543398098591], [-74.24074568455359, 5.0823981986338005], [-74.24084825965876, 5.08226312548902], [-74.24092380349742, 5.082163653504146], [-74.24103513693714, 5.082029629363418], [-74.241191008388, 5.081862088518172], [-74.24135799393633, 5.081661050942728], [-74.24148046092574, 5.081504685442879], [-74.24156951551471, 5.081392993273557], [-74.24166950376446, 5.081246391419128], [-74.2417142438144, 5.081180794217502], [-74.24181441502762, 5.080968601303433], [-74.24188166042582, 5.080852070549809], [-74.24193685611365, 5.080756408041843], [-74.2420927079441, 5.080521868560302], [-74.24224856147796, 5.080287329063596], [-74.2423394433195, 5.080131018894245], [-74.24240440310228, 5.080019296172251], [-74.24250458030181, 5.079807107754762], [-74.24256049954518, 5.079726066498369], [-74.2426047630413, 5.079661912466497], [-74.24270495748439, 5.079516724388897], [-74.24286085084358, 5.079449687063874], [-74.24297218510729, 5.079360320652571], [-74.24308350367343, 5.079170465017533], [-74.24312942977501, 5.079045382303118], [-74.24484160787048, 5.0789744688642875], [-74.2448683216054, 5.078840346110211], [-74.24490395319204, 5.078706222441383], [-74.24500200612111, 5.078572082413277], [-74.24507329459479, 5.078402184324084], [-74.24510891885232, 5.078223348552648], [-74.24510888440264, 5.078080289017038], [-74.24508209733956, 5.077928301746209], [-74.24503745921635, 5.077713726959544], [-74.2450284979318, 5.077543847952387], [-74.24501953666451, 5.0773739698479], [-74.24496598713739, 5.077168340896445], [-74.24486790902627, 5.077177304887791], [-74.244751993438, 5.077195213835193], [-74.24464497853808, 5.077105833047067], [-74.24455578577837, 5.0770343231772195], [-74.24443093527265, 5.076944949578861], [-74.24431501519429, 5.076944977576537], [-74.24403846955714, 5.0770552695373405], [-74.24405624695338, 5.076912333957857], [-74.24410967575396, 5.0767872476502625], [-74.24422545445522, 5.0766621533833165], [-74.24435016252868, 5.076599593282662], [-74.24443923718003, 5.076528103502514], [-74.24455502391095, 5.076394076894328], [-74.24458170552884, 5.076233271344286], [-74.24458166705348, 5.076081405255915], [-74.24467963252131, 5.075929510413311], [-74.24477760601188, 5.075813355576018], [-74.24490228338037, 5.075634654879342], [-74.2450358811364, 5.075500623766203], [-74.24516947615466, 5.07534872444306], [-74.24529635099867, 5.075285072480714], [-74.24534763568502, 5.075259345730718], [-74.24547232898583, 5.075143186364209], [-74.24560593279982, 5.075027012512912], [-74.24575736312649, 5.074946575941407], [-74.24585532546574, 5.07479468283982], [-74.24593609940008, 5.074654211740139], [-74.24598890034999, 5.074562389252843], [-74.24606013896845, 5.074446231608009], [-74.24610465219386, 5.074330093852159], [-74.2461848049506, 5.0742139334841205], [-74.24628277793452, 5.074106714448861], [-74.24634511853837, 5.074035235398728], [-74.24642527934283, 5.0739369431965615], [-74.24650542209079, 5.073785056400696], [-74.24661230099505, 5.073695692873825], [-74.24681720598659, 5.073668850729817], [-74.24692408029136, 5.073561616270949], [-74.24701313616387, 5.073436529007371], [-74.24711110617552, 5.073311443532812], [-74.24722687824963, 5.073141676740636], [-74.24735155360264, 5.0729719099441954], [-74.24746732736675, 5.072784284900555], [-74.24760980101544, 5.072507321658141], [-74.24768994425297, 5.072355432104327], [-74.24778789864244, 5.072221411627912], [-74.24786804182615, 5.072078455256909], [-74.24793928349071, 5.071953364352075], [-74.24804615547876, 5.071792537939005], [-74.24815301844679, 5.071658514716335], [-74.24825097980496, 5.071497683786515], [-74.24859832606084, 5.07110453445899], [-74.24899020995757, 5.070684572722028], [-74.24951570732463, 5.070184168411117], [-74.24986306409001, 5.069853548280956], [-74.25028172020436, 5.069630106855679], [-74.25043089186573, 5.0695112033237235], [-74.25053465611457, 5.069372396749681], [-74.25064997665535, 5.0693261053399885], [-74.25085757039973, 5.069302923373456], [-74.25096134923119, 5.069221939445494], [-74.25107665918735, 5.069129391454025], [-74.25120106843912, 5.069084801516288], [-74.25123811140803, 5.069071523244308], [-74.25143416904922, 5.069036778271307], [-74.25164176653412, 5.069036723887622], [-74.25169829970396, 5.069040758472539], [-74.25180323585467, 5.069048246193782], [-74.25190824598508, 5.06904120252947], [-74.25197623568334, 5.069036637322898], [-74.25210397588754, 5.069053258310773], [-74.25220502938582, 5.069066404917209], [-74.25225302681773, 5.069013434053159], [-74.25234399302744, 5.0689018904380205], [-74.25235679839034, 5.068886191640984], [-74.25251825099079, 5.068839890222485], [-74.2526335472703, 5.068701080107585], [-74.25277190236487, 5.068527567536637], [-74.25281941467118, 5.068448116568623], [-74.2529102416201, 5.068296232311981], [-74.25294856886615, 5.068137508082545], [-74.25297248909351, 5.068141499896392], [-74.25317577935871, 5.068081040303177], [-74.25352221000843, 5.068315019086615], [-74.25356154872837, 5.068345920740788], [-74.25380087056459, 5.068533911063227], [-74.25381900565861, 5.068563465832048], [-74.25395022656762, 5.0687773549668185], [-74.25397222313956, 5.068813203320928], [-74.25399149308092, 5.068839797158473], [-74.25408712082209, 5.0689717633951155], [-74.25416244210477, 5.0690548035160585], [-74.25426788523889, 5.069160480482646], [-74.25443057300188, 5.069247959255942], [-74.25472200223219, 5.069101745990772], [-74.25496486938374, 5.068994524554397], [-74.25526602879673, 5.068926244989177], [-74.25566436686887, 5.06891639905177], [-74.25586841305783, 5.069004023315052], [-74.2559655475051, 5.068935806719071], [-74.25605292118384, 5.068682479208151], [-74.25615975385946, 5.068536317251915], [-74.25633459223144, 5.068370651253396], [-74.25655801761229, 5.068234207472129], [-74.2567717357182, 5.068165945221676], [-74.25701460674591, 5.068117176406714], [-74.25717975277584, 5.068039194012465], [-74.25738374354289, 5.06790274255494], [-74.25747653362194, 5.067860071518216], [-74.25755389953653, 5.06782448885943], [-74.2576168888756, 5.067795520236742], [-74.25782550716936, 5.06785251455382], [-74.25793752217936, 5.067883116204337], [-74.25811243873962, 5.068029202584635], [-74.2582193657942, 5.068214269949941], [-74.25829636830768, 5.068397509894036], [-74.25829714245117, 5.068399348763762], [-74.2582472700556, 5.068689827117235], [-74.25822807917547, 5.068801608949235], [-74.25820419939734, 5.068929495506261], [-74.25818024458597, 5.069057777610647], [-74.2581655220744, 5.069116903686804], [-74.25812442650955, 5.069281931665528], [-74.25807461211275, 5.0694569340062285], [-74.25806062282831, 5.069506085881105], [-74.25797287801328, 5.069746256519013], [-74.25791705533558, 5.069893934543796], [-74.25788511857999, 5.0699784305084865], [-74.2578568167064, 5.070043971848989], [-74.25778141421262, 5.070218599631137], [-74.25769742985794, 5.070367686042111], [-74.25767768258275, 5.070402741379505], [-74.25761585399033, 5.070520610478388], [-74.25759789265354, 5.07055485706289], [-74.25757793048875, 5.070591712478032], [-74.2574688074533, 5.070793162801185], [-74.25721045223484, 5.071225203850117], [-74.2571459456505, 5.071328280037962], [-74.2569520956596, 5.071638038545474], [-74.2564495062042, 5.071647777124126], [-74.25625732777061, 5.0720097966389295], [-74.25596737301014, 5.07248498041037], [-74.25576439665518, 5.072814693034426], [-74.25566294108333, 5.07307651428915], [-74.25555661840711, 5.07322682933363], [-74.25548413401687, 5.073377129281764], [-74.2554406729922, 5.073575915732407], [-74.25535370576559, 5.073784395786007], [-74.25521356841041, 5.074041379111266], [-74.25495260720054, 5.07448261600048], [-74.25481730462985, 5.074744445112547], [-74.25471098707592, 5.074909297656223], [-74.25458050208961, 5.0751226450574665], [-74.25450320060337, 5.075297193239786], [-74.25445007631139, 5.07554929798389], [-74.25435827766107, 5.075772330391225], [-74.25427129830564, 5.075956577007155], [-74.25414864255438, 5.07614000530334], [-74.25408088584021, 5.0763014930518136], [-74.25405551292569, 5.076513975771437], [-74.25398775814803, 5.076683961472817], [-74.25387760313473, 5.076794480516724], [-74.25381861715208, 5.076907908661327], [-74.25377594530919, 5.0769899788708175], [-74.25374208533702, 5.077134467315108], [-74.25374119261097, 5.077149721391732], [-74.25373364510736, 5.077278945299295], [-74.25367879054082, 5.077394533341723], [-74.25364893816833, 5.0774574410691775], [-74.25358115948112, 5.0775679420465645], [-74.25349645247707, 5.0777464378145964], [-74.25347106106103, 5.077899422251643], [-74.25348807086105, 5.078111888743732], [-74.25342878070845, 5.078281876112535], [-74.25334407921504, 5.078468878881938], [-74.2532847958595, 5.078664370056822], [-74.25324992443332, 5.078730462504667], [-74.25320855736881, 5.078808866618651], [-74.25316621978024, 5.078953357065512], [-74.25308999360917, 5.0791743415336175], [-74.25303070624058, 5.079310334368677], [-74.25295447624279, 5.079522828130399], [-74.25288671904924, 5.079684313183583], [-74.25283590027048, 5.079828808342764], [-74.25280203913873, 5.080015794738572], [-74.25273429125794, 5.080194283832711], [-74.25263262396925, 5.080355789490391], [-74.25250549490524, 5.080364317113959], [-74.25236989383828, 5.080423843473593], [-74.25229365230322, 5.080568341836013], [-74.25217501406908, 5.080661859645723], [-74.2519970489594, 5.080729899179852], [-74.25182755016944, 5.080780938994513], [-74.25164108378921, 5.080789488417256], [-74.25144616063628, 5.080849022047497], [-74.25127666533746, 5.080900056299743], [-74.25110715618527, 5.080934103666544], [-74.25120566115496, 5.081161726185537], [-74.25126166628596, 5.081354070298895], [-74.25133362456454, 5.08146625814301], [-74.25150409831372, 5.081429812882019], [-74.25165588090242, 5.081418634429124], [-74.25181322780908, 5.081496525321217], [-74.25183133837011, 5.081677697016567], [-74.25182236303544, 5.081876984870634], [-74.25183145165933, 5.082121557695418], [-74.2517953762328, 5.082320863768587], [-74.25174121833055, 5.082511106191546], [-74.2516418910006, 5.082683248739246], [-74.2515425609061, 5.0828553849553835], [-74.2515155146133, 5.083063742408719], [-74.25154266222566, 5.083244900192131], [-74.25146333154042, 5.083500166672603], [-74.25142576780428, 5.08367363613732], [-74.2514258110745, 5.083839549843672], [-74.25147100943343, 5.08410348968557], [-74.25149361597495, 5.084269404825532], [-74.25150118615578, 5.084457938595088], [-74.25151627086217, 5.084631385477622], [-74.25153136295313, 5.084812384776828], [-74.25156150119975, 5.085015996778424], [-74.25158376277207, 5.085120038163634], [-74.2516066808765, 5.0852271482853], [-74.25165937176779, 5.085385510448102], [-74.25177224337875, 5.085611724903852], [-74.25187759269713, 5.08581531834748], [-74.25199046784496, 5.08602645861647], [-74.25208827749512, 5.086192342478359], [-74.25217858084564, 5.086373324951775], [-74.25219040378371, 5.086398708080252], [-74.25223126215388, 5.08648642762626], [-74.25216177278725, 5.086758999431442], [-74.2521107644506, 5.086933052409091], [-74.25205976866175, 5.087117341456781], [-74.25201899156556, 5.087373304014563], [-74.25191697408111, 5.087690702612459], [-74.25180472075739, 5.087926200690705], [-74.25168228828437, 5.0882436027728914], [-74.25136597212881, 5.088980799950195], [-74.25130151392395, 5.089077801185051], [-74.25124349513169, 5.089165109364655], [-74.25112104118293, 5.089400610062801], [-74.25097815699016, 5.08962587725136], [-74.25087610816904, 5.089820425587517], [-74.25073322298753, 5.090035452143367], [-74.25050861431349, 5.090086702404142], [-74.25025338565158, 5.090168666960025], [-74.25002879004629, 5.090260865970606], [-74.2498552573314, 5.090414475600488], [-74.24966130237615, 5.090568092266478], [-74.2495082012072, 5.09076264549935], [-74.24946741902986, 5.090977652916811], [-74.24951854315029, 5.091274534547036], [-74.24952472499703, 5.091397827168301], [-74.24952881384337, 5.091479292733956], [-74.24957991160555, 5.09170450268261], [-74.24964123235496, 5.0919194811002555], [-74.24964127431741, 5.0920832839619505], [-74.24958005843683, 5.092277822664911], [-74.24955969065311, 5.092462106590158], [-74.24948829525749, 5.092759018830732], [-74.24935558338107, 5.092851194174949], [-74.24895537327285, 5.093555143167178], [-74.24852355439623, 5.094073456779543], [-74.24846687107011, 5.09414148263479], [-74.24824007952137, 5.094478391287701], [-74.24802203652962, 5.094894049294607], [-74.24792682941143, 5.095066415549698], [-74.24782144032825, 5.0952572135152], [-74.24771240459614, 5.095414730618796], [-74.24760703472057, 5.0955533255682], [-74.24751613453753, 5.095672894166977], [-74.24731987953395, 5.0959791736143885], [-74.24708873359074, 5.096324832858811], [-74.24691429355833, 5.0966267404582], [-74.24667442324416, 5.097011774883177], [-74.24654361756012, 5.097335544027473], [-74.24646081914429, 5.097716163399678], [-74.24640976545953, 5.097927996867397], [-74.2463954457343, 5.097987421759271], [-74.24627337395195, 5.098350553114657], [-74.24617753126566, 5.098914919401368], [-74.24615599016563, 5.0990278642160645], [-74.24613831636567, 5.099120550084185], [-74.24613834439789, 5.099225411137698], [-74.24613835257739, 5.099260540357463], [-74.24613838480921, 5.099383487642896], [-74.24613839366674, 5.099418031449326], [-74.24623600533667, 5.09953143743302], [-74.2462513622825, 5.09985682877238], [-74.24625638432164, 5.100183578359109], [-74.24622152904284, 5.100367328634666], [-74.24620382431462, 5.100568883975222], [-74.2461771396189, 5.100722017748306], [-74.24612419779703, 5.10089207080763], [-74.2461038874681, 5.101001701642199], [-74.24592943338938, 5.1012642257270855], [-74.24574538698423, 5.101421020565632], [-74.24567294556394, 5.101550806682022], [-74.24561604463439, 5.101727291569569], [-74.2456212714833, 5.1019141536098225], [-74.24564201112837, 5.102049098349229], [-74.24579216732732, 5.102220339208088], [-74.2460355242016, 5.102422711987981], [-74.24620122221509, 5.102645861339025], [-74.24623231588951, 5.102780798601133], [-74.24621166321535, 5.102988431839228], [-74.24618064916169, 5.103180483550487], [-74.24620143335083, 5.103476334042187], [-74.24626879803277, 5.103756601988115], [-74.24636717714894, 5.103865575431147], [-74.24653803844309, 5.104000484771772], [-74.24680849538301, 5.1041704982065665], [-74.24664187437205, 5.104354371312802], [-74.24645859054974, 5.104434331330976], [-74.24611747983064, 5.104735477897547], [-74.2457763359442, 5.104913462637716], [-74.24557168307433, 5.105146148755497], [-74.2452578599379, 5.105419916853526], [-74.24517739903874, 5.10550684507696], [-74.24508049221578, 5.105611542178059], [-74.24478853381768, 5.105876672951792], [-74.2445074179004, 5.106090643669721], [-74.24427068497751, 5.106229954733461], [-74.243861585901, 5.106515694045059], [-74.2435386150777, 5.106775110967175], [-74.24330750598037, 5.106972852593861], [-74.2431019757706, 5.107103648368536], [-74.24204436976441, 5.107430060663108], [-74.24162588841375, 5.107612626141918], [-74.24126832976029, 5.107893357767519], [-74.24120744755508, 5.107941159074506], [-74.24102496119251, 5.108185256384545], [-74.24077087140199, 5.108525133402646], [-74.24071924128484, 5.108573882227805], [-74.24046159679408, 5.108817143980402], [-74.23997032922885, 5.108999725461985], [-74.23957004178169, 5.109182282862932], [-74.23924255480708, 5.109401316270657], [-74.23893325189441, 5.1095838532419044], [-74.23869674247824, 5.109784611799281], [-74.23860283048788, 5.109828102864329], [-74.23846021113957, 5.109894149915293], [-74.23822369364235, 5.110058416399237], [-74.23802359546255, 5.1103321554224905], [-74.23785992271544, 5.110733601697805], [-74.2378279348358, 5.1108027295586185], [-74.23781367485545, 5.110833542410354], [-74.23762348814832, 5.1112445421951485], [-74.23729598024839, 5.1113905901687104], [-74.23689571555522, 5.111664377720103], [-74.23598292284707, 5.112020395469921], [-74.23554617845542, 5.111947520268051], [-74.23506091993845, 5.111923311270515], [-74.23455141758409, 5.111972090999927], [-74.23420221709979, 5.1120071922888295], [-74.2340661786034, 5.112020867076793], [-74.23370228062845, 5.112191247015998], [-74.23334589541089, 5.112687807616232], [-74.23326570043433, 5.1127995462208915], [-74.23287763302501, 5.113359177085847], [-74.2326594209616, 5.113991752159566], [-74.23219859378634, 5.114673034823588], [-74.231664934263, 5.115184048294277], [-74.23122827161865, 5.115451754256216], [-74.23119019599594, 5.115507579358002], [-74.23111577790405, 5.115616691844389], [-74.23108813724421, 5.115645409468655], [-74.23087959644532, 5.115800375928627], [-74.23077146193289, 5.115877861135554], [-74.23059423954375, 5.115950098095701], [-74.23050110371088, 5.115970871453041], [-74.23032343903782, 5.116025135964155], [-74.23008397651965, 5.116087160241267], [-74.23006772151385, 5.116094686028842], [-74.2299835604616, 5.116133659628114], [-74.22997310141423, 5.116139212648714], [-74.22985224905771, 5.11620340237697], [-74.22981534179029, 5.116203411695002], [-74.22969774729862, 5.116203438350353], [-74.22952006918548, 5.116203481666334], [-74.22945827100574, 5.11620349801385], [-74.22936556560579, 5.11620351937268], [-74.22923423926386, 5.1162035478617085], [-74.22922741885802, 5.116204462143094], [-74.22903090359792, 5.116230781099241], [-74.22888662127737, 5.116250105122678], [-74.22877075004031, 5.116284988115342], [-74.22873212779655, 5.116296616677482], [-74.22854672966136, 5.1163199002358075], [-74.22843858727462, 5.11635090750835], [-74.22830726547413, 5.116374177794805], [-74.22817595285943, 5.116443919351926], [-74.22806782085594, 5.116529147608956], [-74.22797513547401, 5.1165988820473], [-74.22785155520283, 5.116684114556634], [-74.22781036520749, 5.1167329467648175], [-74.22776660105366, 5.116784829513923], [-74.22769709017821, 5.116854556609593], [-74.22766619472951, 5.116877805333648], [-74.2275103509216, 5.117034139408205], [-74.22731349633105, 5.117231613473966], [-74.22728003093823, 5.117272925419737], [-74.22721931565557, 5.117359212761579], [-74.22720324766857, 5.117382049422811], [-74.22718736056976, 5.117404626960082], [-74.22714878343011, 5.117613773893456], [-74.22710634415363, 5.117826793600907], [-74.2270870450667, 5.1178848925933345], [-74.22705618028439, 5.118039812728579], [-74.2270098620896, 5.118179247598686], [-74.22694807983667, 5.118264467493624], [-74.22688631702589, 5.11842714409386], [-74.22688230065637, 5.118503983305446], [-74.22669617375762, 5.118123874798624], [-74.22662053633918, 5.117875347341743], [-74.22648546700148, 5.117524171924005], [-74.22634616586404, 5.1173371073765335], [-74.22629636934298, 5.117270239096985], [-74.2260802616135, 5.117200002942288], [-74.22584253916513, 5.117178393974116], [-74.22553576633344, 5.117140044917655]]]], "type": "MultiPolygon"}}, {"type": "Feature", "properties": {"CODIGO": "25777000200000003", "SECTOR_CODIGO": "257770002", "NOMBRE": "ESMERALDA", "Area_ha": 342.0964865915996, "Perimetro": 10124.353802815795, "Shape_Length": 10160.57190263387, "Shape_Area": 3420964.865915996, "USO_CAMP": "Agricola", "Descripcion": "caf\u00e9 60% y ganader\u00eda multiprop\u00f3sito 40%."}, "geometry": {"coordinates": [[[[-74.24716263546264, 5.104364369847097], [-74.24709972967224, 5.104353573683876], [-74.24677244680453, 5.1042974061756965], [-74.24664187527267, 5.104354370406245], [-74.24680849538301, 5.1041704982065665], [-74.2467625030938, 5.104141586551544], [-74.24653803844309, 5.104000484771772], [-74.24636717714894, 5.103865575431147], [-74.24626879803277, 5.103756601988115], [-74.24620143335083, 5.103476334042187], [-74.24618064916169, 5.103180483550487], [-74.24621166321535, 5.102988431839228], [-74.24623231588951, 5.102780798601133], [-74.24620122221509, 5.102645861339025], [-74.2460355242016, 5.102422711987981], [-74.24579216732732, 5.102220339208088], [-74.24564201112837, 5.102049098349229], [-74.2456212714833, 5.1019141536098225], [-74.24561604463439, 5.101727291569569], [-74.24567294556394, 5.101550806682022], [-74.24574538698423, 5.101421020565632], [-74.24592943338938, 5.1012642257270855], [-74.2461038874681, 5.101001701642199], [-74.24612419779703, 5.10089207080763], [-74.2461771396189, 5.100722017748306], [-74.24620382431462, 5.100568883975222], [-74.24622152904284, 5.100367328634666], [-74.24625638432164, 5.100183578359109], [-74.2462513622825, 5.09985682877238], [-74.24623600533667, 5.09953143743302], [-74.24613839366674, 5.099418031449326], [-74.24613838480921, 5.099383487642896], [-74.24613835257739, 5.099260540357463], [-74.24613834439789, 5.099225411137698], [-74.24613831636567, 5.099120550084185], [-74.24615599016563, 5.0990278642160645], [-74.24617753126566, 5.098914919401368], [-74.24627337395195, 5.098350553114657], [-74.2463954457343, 5.097987421759271], [-74.24640976545953, 5.097927996867397], [-74.24646081914429, 5.097716163399678], [-74.24654361756012, 5.097335544027473], [-74.24667442324416, 5.097011774883177], [-74.24691429355833, 5.0966267404582], [-74.24708873359074, 5.096324832858811], [-74.24731987953395, 5.0959791736143885], [-74.24751613453753, 5.095672894166977], [-74.24760703472057, 5.0955533255682], [-74.24771240459614, 5.095414730618796], [-74.24782144032825, 5.0952572135152], [-74.24792682941143, 5.095066415549698], [-74.24802203652962, 5.094894049294607], [-74.24824007952137, 5.094478391287701], [-74.24846687107011, 5.09414148263479], [-74.24852355439623, 5.094073456779543], [-74.24895537327285, 5.093555143167178], [-74.24935558338107, 5.092851194174949], [-74.24948829525749, 5.092759018830732], [-74.24955969065311, 5.092462106590158], [-74.24958005843683, 5.092277822664911], [-74.24964127431741, 5.0920832839619505], [-74.24964123235496, 5.0919194811002555], [-74.24957991160555, 5.09170450268261], [-74.24952881384337, 5.091479292733956], [-74.24952472499703, 5.091397827168301], [-74.24951854315029, 5.091274534547036], [-74.24946741902986, 5.090977652916811], [-74.2495082012072, 5.09076264549935], [-74.24966130237615, 5.090568092266478], [-74.2498552573314, 5.090414475600488], [-74.25002879004629, 5.090260865970606], [-74.25025338565158, 5.090168666960025], [-74.25050861431349, 5.090086702404142], [-74.25073322298753, 5.090035452143367], [-74.25087610816904, 5.089820425587517], [-74.25097815699016, 5.08962587725136], [-74.25112104118293, 5.089400610062801], [-74.25124349513169, 5.089165109364655], [-74.25130151392395, 5.089077801185051], [-74.25136597212881, 5.088980799950195], [-74.25168228828437, 5.0882436027728914], [-74.25180472075739, 5.087926200690705], [-74.25191697408111, 5.087690702612459], [-74.25201899156556, 5.087373304014563], [-74.25205976866175, 5.087117341456781], [-74.2521107644506, 5.086933052409091], [-74.25216177278725, 5.086758999431442], [-74.25223126215388, 5.08648642762626], [-74.25219040378371, 5.086398708080252], [-74.25217858084564, 5.086373324951775], [-74.25208827749512, 5.086192342478359], [-74.25199046784496, 5.08602645861647], [-74.25187759269713, 5.08581531834748], [-74.25177224337875, 5.085611724903852], [-74.25165937176779, 5.085385510448102], [-74.2516066808765, 5.0852271482853], [-74.25158376277207, 5.085120038163634], [-74.25156150119975, 5.085015996778424], [-74.25153136295313, 5.084812384776828], [-74.25151627086217, 5.084631385477622], [-74.25150118615578, 5.084457938595088], [-74.25149361597495, 5.084269404825532], [-74.25147100943343, 5.08410348968557], [-74.2514258110745, 5.083839549843672], [-74.25142576780428, 5.08367363613732], [-74.25146333154042, 5.083500166672603], [-74.25154266222566, 5.083244900192131], [-74.2515155146133, 5.083063742408719], [-74.2515425609061, 5.0828553849553835], [-74.2516418910006, 5.082683248739246], [-74.25174121833055, 5.082511106191546], [-74.2517953762328, 5.082320863768587], [-74.25183145165933, 5.082121557695418], [-74.25182236303544, 5.081876984870634], [-74.25183133837011, 5.081677697016567], [-74.25181322780908, 5.081496525321217], [-74.25165588090242, 5.081418634429124], [-74.25150409831372, 5.081429812882019], [-74.25133362456454, 5.08146625814301], [-74.25126166628596, 5.081354070298895], [-74.25120566115496, 5.081161726185537], [-74.25110715618527, 5.080934103666544], [-74.25127666533746, 5.080900056299743], [-74.25144616063628, 5.080849022047497], [-74.25164108378921, 5.080789488417256], [-74.25182755016944, 5.080780938994513], [-74.2519970489594, 5.080729899179852], [-74.25217501406908, 5.080661859645723], [-74.25229365230322, 5.080568341836013], [-74.25236989383828, 5.080423843473593], [-74.25250549490524, 5.080364317113959], [-74.25263262396925, 5.080355789490391], [-74.25273429125794, 5.080194283832711], [-74.25280203913873, 5.080015794738572], [-74.25283590027048, 5.079828808342764], [-74.25288671904924, 5.079684313183583], [-74.25295447624279, 5.079522828130399], [-74.25303070624058, 5.079310334368677], [-74.25308999360917, 5.0791743415336175], [-74.25316621978024, 5.078953357065512], [-74.25320855736881, 5.078808866618651], [-74.25324992443332, 5.078730462504667], [-74.2532847958595, 5.078664370056822], [-74.25334407921504, 5.078468878881938], [-74.25342878070845, 5.078281876112535], [-74.25348807086105, 5.078111888743732], [-74.25347106106103, 5.077899422251643], [-74.25349645247707, 5.0777464378145964], [-74.25358115948112, 5.0775679420465645], [-74.25364893816833, 5.0774574410691775], [-74.25367879054082, 5.077394533341723], [-74.25373364510736, 5.077278945299295], [-74.25374119261097, 5.077149721391732], [-74.25374208533702, 5.077134467315108], [-74.25377594530919, 5.0769899788708175], [-74.25381861715208, 5.076907908661327], [-74.25387760313473, 5.076794480516724], [-74.25398775814803, 5.076683961472817], [-74.25405551292569, 5.076513975771437], [-74.25408088584021, 5.0763014930518136], [-74.25414864255438, 5.07614000530334], [-74.25427129830564, 5.075956577007155], [-74.25435827766107, 5.075772330391225], [-74.25445007631139, 5.07554929798389], [-74.25450320060337, 5.075297193239786], [-74.25458050208961, 5.0751226450574665], [-74.25471098707592, 5.074909297656223], [-74.25481730462985, 5.074744445112547], [-74.25495260720054, 5.07448261600048], [-74.25521356841041, 5.074041379111266], [-74.25535370576559, 5.073784395786007], [-74.2554406729922, 5.073575915732407], [-74.25548413401687, 5.073377129281764], [-74.25555661840711, 5.07322682933363], [-74.25566294108333, 5.07307651428915], [-74.25576439665518, 5.072814693034426], [-74.25596737301014, 5.07248498041037], [-74.25625732777061, 5.0720097966389295], [-74.2564495062042, 5.071647777124126], [-74.2569520956596, 5.071638038545474], [-74.2571459456505, 5.071328280037962], [-74.25721045223484, 5.071225203850117], [-74.2574688074533, 5.070793162801185], [-74.25757793048875, 5.070591712478032], [-74.25759789265354, 5.07055485706289], [-74.25761585399033, 5.070520610478388], [-74.25767768258275, 5.070402741379505], [-74.25769742985794, 5.070367686042111], [-74.25778141421262, 5.070218599631137], [-74.2578568167064, 5.070043971848989], [-74.25788511857999, 5.0699784305084865], [-74.25791705533558, 5.069893934543796], [-74.25797287801328, 5.069746256519013], [-74.25806062282831, 5.069506085881105], [-74.25807461211275, 5.0694569340062285], [-74.25812442650955, 5.069281931665528], [-74.2581655220744, 5.069116903686804], [-74.25818024458597, 5.069057777610647], [-74.25820419939734, 5.068929495506261], [-74.25822807917547, 5.068801608949235], [-74.2582472700556, 5.068689827117235], [-74.25829714245117, 5.068399348763762], [-74.25843319596441, 5.0685649350042565], [-74.25860810507407, 5.068672057518755], [-74.25878299317448, 5.068710976628568], [-74.25913274586291, 5.068691392460228], [-74.25922993871744, 5.0688082715203775], [-74.2593368589498, 5.06900309059823], [-74.25946323028302, 5.069246611837077], [-74.25959929847834, 5.069441422006637], [-74.25970621901571, 5.069626492588122], [-74.25980342513249, 5.069821314157448], [-74.25991034587855, 5.069996644439058], [-74.26005611741894, 5.070142739786937], [-74.26014358910275, 5.070249885563687], [-74.26015335723703, 5.070464206836207], [-74.26026028622825, 5.0706590274085075], [-74.26042550111194, 5.070844080012484], [-74.26059068329198, 5.070921975595876], [-74.26059651773583, 5.070921974169535], [-74.26071699276878, 5.070921942770611], [-74.26086269459545, 5.070824469790831], [-74.2609889666183, 5.070727019312692], [-74.26105694125314, 5.070600353292408], [-74.26112490972386, 5.0704347136991474], [-74.2612123140871, 5.0703080423420674], [-74.26134830308487, 5.070210581014993], [-74.2615620494727, 5.070220268771883], [-74.26163261359255, 5.070233514029293], [-74.26171750375023, 5.070249451160588], [-74.26197009815832, 5.0701909266093885], [-74.26222271922917, 5.070239564301039], [-74.26246566154967, 5.070453830838107], [-74.26257226080351, 5.07067508446817], [-74.26260176038484, 5.07073631108379], [-74.26276695250556, 5.07085317597349], [-74.26288549531107, 5.070948215777072], [-74.26291271579036, 5.070970040767414], [-74.26291816012713, 5.070977315616654], [-74.26300357147136, 5.071091451786216], [-74.26302934297507, 5.071125889862805], [-74.2630304316192, 5.0711349366865335], [-74.26305856175088, 5.071369438740185], [-74.26311688706883, 5.071486326842446], [-74.2631773432943, 5.071528268520412], [-74.26324321809099, 5.071573969919631], [-74.2634472746544, 5.071681081696039], [-74.26349994250884, 5.071865732556794], [-74.2635056262071, 5.07188565428602], [-74.26350566673808, 5.072031784649319], [-74.26341828707444, 5.072255883744814], [-74.26336977872484, 5.072518940105701], [-74.2634169928079, 5.0726473426894385], [-74.26343783672921, 5.072704017788938], [-74.26353503640425, 5.072840388035473], [-74.26367108223903, 5.072966994538522], [-74.26383627332163, 5.073054626543314], [-74.26405003769409, 5.073132511913815], [-74.26418607730407, 5.073210404527102], [-74.26427356456679, 5.0733662604694345], [-74.26434162661636, 5.073580570370444], [-74.26446800358426, 5.073814345161593], [-74.26457490732301, 5.073960450848732], [-74.26472068619219, 5.074116283942164], [-74.26484703524426, 5.07426238134058], [-74.26503169041635, 5.074476667245063], [-74.26519692400518, 5.0747104344393], [-74.26535243420125, 5.07494419980027], [-74.2654788027801, 5.075158492916413], [-74.2655373314496, 5.07528481367909], [-74.26560517801906, 5.07543124443059], [-74.26565219665021, 5.0754909290360235], [-74.26548794781584, 5.075796430349401], [-74.26542219085695, 5.075966130283442], [-74.26539404621566, 5.0761735402051364], [-74.26541290929487, 5.076428057083962], [-74.26533775662932, 5.076607187210291], [-74.26522497593004, 5.076739203756091], [-74.26516860576392, 5.076880623759055], [-74.26507466322607, 5.077097474877947], [-74.26500891502589, 5.07734259110619], [-74.26489617378874, 5.07757828631801], [-74.26479281672718, 5.077785714259764], [-74.26469886314865, 5.078002556355339], [-74.26464251133436, 5.078209970912944], [-74.2644921705365, 5.07847396786642], [-74.26437001254882, 5.078719098724052], [-74.26424788168616, 5.079020796063324], [-74.26413513911979, 5.079256503036243], [-74.26401299689617, 5.079520493595708], [-74.26390962813919, 5.079690202080062], [-74.26380627086516, 5.079907053547722], [-74.26369352263099, 5.080142760526226], [-74.26361838051145, 5.080387882529506], [-74.26356202708556, 5.080585867248719], [-74.26347748643956, 5.080840412201514], [-74.26338355276702, 5.081132674223452], [-74.26332720471505, 5.08135893950301], [-74.26322385431067, 5.081575789157554], [-74.26315810195307, 5.081773772392469], [-74.26307353842552, 5.081943481141967], [-74.26298897910334, 5.082132046005037], [-74.26290440737267, 5.0823017502451], [-74.26282926305383, 5.082518597143204], [-74.26277291054217, 5.082725999088963], [-74.2626507601447, 5.0829617091102195], [-74.26255678069182, 5.083084286028922], [-74.2625286861819, 5.083122719225236], [-74.26245340573146, 5.083225721177421], [-74.2623124276907, 5.0833765955704715], [-74.26217735184711, 5.083539071561104], [-74.26208909900943, 5.083707327160723], [-74.26201851720047, 5.083919846498716], [-74.26191260756416, 5.084123513617451], [-74.26180669013198, 5.084274070522555], [-74.26167428457059, 5.084451187328633], [-74.26150657016254, 5.084628309887824], [-74.26138297805193, 5.084752304616189], [-74.26123291239608, 5.08492057437583], [-74.26111815980843, 5.0850711259031], [-74.26102107321923, 5.085212816487631], [-74.26092397486286, 5.085354507995217], [-74.2608357271141, 5.085540476008351], [-74.2607563022858, 5.085708720631547], [-74.26067688023497, 5.085885830528776], [-74.26057980837398, 5.086080643984488], [-74.26052160494142, 5.086236402406685], [-74.26050039648173, 5.08629316250424], [-74.26039447776361, 5.086470278083582], [-74.26032389059354, 5.086665083165126], [-74.26023563050448, 5.086815626267012], [-74.26019152715928, 5.08700158122676], [-74.26014742166691, 5.08715211216444], [-74.26008566194236, 5.087329217378455], [-74.26005038907626, 5.087532863016649], [-74.25994447895225, 5.087692263396834], [-74.25977675614206, 5.087869396686161], [-74.25965318081005, 5.088055364104692], [-74.25958486964178, 5.0881924634950195], [-74.25955610844429, 5.088250180264985], [-74.25945902618463, 5.088453853583372], [-74.25934428832686, 5.088639828138833], [-74.25931784739618, 5.088834617491132], [-74.25927374543677, 5.089002864525464], [-74.25909720214293, 5.089241974277418], [-74.25893832949284, 5.08948107208845], [-74.25883242275198, 5.089675897364087], [-74.25868236002938, 5.089853015037659], [-74.25858525321676, 5.089968147726379], [-74.25844402267823, 5.090154120637951], [-74.25828514511916, 5.090393231072558], [-74.25816156801554, 5.0905703421791495], [-74.25799385692358, 5.090782888465399], [-74.25787026855446, 5.090915731945994], [-74.25772019521617, 5.0910662916810985], [-74.2575877883017, 5.09124340823106], [-74.257455392109, 5.091411679366126], [-74.25736711902415, 5.091544506299975], [-74.25729650950304, 5.0916684850153695], [-74.25718176499144, 5.091827887128003], [-74.25702285521365, 5.091943037265778], [-74.25685510767426, 5.092058182918975], [-74.2566608804445, 5.09218219395799], [-74.2564931199125, 5.092253073732666], [-74.25638722668782, 5.092483305738003], [-74.25632545016725, 5.0926249896143325], [-74.256228372729, 5.092819810194865], [-74.25614012116667, 5.09300577177904], [-74.25599888195858, 5.0931563285547075], [-74.2558753010413, 5.093324590490653], [-74.25573228005946, 5.093551196087114], [-74.25568943636034, 5.093628563743548], [-74.25555465846084, 5.093797582210373], [-74.25542599261135, 5.093908229616604], [-74.2552360233854, 5.094000465255432], [-74.25519121994044, 5.094097038530833], [-74.25515333481982, 5.094178693428982], [-74.25502472239705, 5.094473698683269], [-74.25491660562555, 5.094643321073941], [-74.25489750334341, 5.094702765233989], [-74.25478662468696, 5.094812075868275], [-74.25466426934473, 5.094913736112589], [-74.25464104048297, 5.094955942700933], [-74.25459355405933, 5.095042217261511], [-74.25458209756553, 5.095103575558938], [-74.25458544144357, 5.095153674529369], [-74.25458593860608, 5.095161097500408], [-74.25461653986811, 5.095214766157935], [-74.25467583863664, 5.095278023177767], [-74.25475235930931, 5.095377711217385], [-74.25477532804298, 5.0954716550335535], [-74.25477534566267, 5.095542595473467], [-74.25473520992892, 5.095628890997587], [-74.25464919552128, 5.095749712960542], [-74.25442397994054, 5.096066026650252], [-74.25425192253623, 5.096328878369244], [-74.25415027323932, 5.096540708239104], [-74.25404082131453, 5.09682707142127], [-74.25389223552281, 5.09708598487295], [-74.25375929342673, 5.0972939081739295], [-74.25355595767824, 5.097584218392174], [-74.25350937686488, 5.097547118006637], [-74.25337865730825, 5.097640190667671], [-74.25322941366947, 5.09771265171406], [-74.25306095530672, 5.097958918432025], [-74.25284920616346, 5.098393492962997], [-74.2528251935224, 5.0986059270108], [-74.25285712077411, 5.098725856728105], [-74.25278634439697, 5.09875471505671], [-74.25266174305624, 5.098819178385801], [-74.2525488309221, 5.098893394460878], [-74.25242036179385, 5.099067196805514], [-74.25228412541614, 5.099336675958444], [-74.2521659539752, 5.099528634001101], [-74.25195804140341, 5.099641224300419], [-74.2517748589453, 5.099820810829724], [-74.25164999080208, 5.100046319481276], [-74.2515625991574, 5.100242582332451], [-74.25147521172141, 5.100472253394547], [-74.25137947962914, 5.100639298146487], [-74.25122962122404, 5.1008314001767365], [-74.25102977347508, 5.100985941412341], [-74.25086327205901, 5.101223987571493], [-74.25056356840237, 5.101683366561853], [-74.25041374440498, 5.1020090805609755], [-74.25019729779571, 5.102359868874932], [-74.25001829299507, 5.102543629994177], [-74.2499849972914, 5.102627148870222], [-74.249989174564, 5.102702304974322], [-74.25001418410818, 5.102773284660289], [-74.25001836867747, 5.102840084844364], [-74.24993928677826, 5.102986249456798], [-74.24984354349219, 5.103119880510777], [-74.24966038412886, 5.103370455307204], [-74.24928570138147, 5.103733813351515], [-74.24903588852511, 5.103896721429772], [-74.24870694830292, 5.1040220600210855], [-74.24852791661796, 5.104113972944497], [-74.24839469084608, 5.104247618855591], [-74.24825317180121, 5.104489821738402], [-74.24820742234249, 5.104706954400761], [-74.24818946786719, 5.104846110898139], [-74.24813733422017, 5.10480336501751], [-74.24775515150375, 5.104611884756116], [-74.24755218484798, 5.104518444090171], [-74.24734586653089, 5.104423459917931], [-74.247250132897, 5.104379386224746], [-74.24716263546264, 5.104364369847097]]]], "type": "MultiPolygon"}}, {"type": "Feature", "properties": {"CODIGO": "25777000200000002", "SECTOR_CODIGO": "257770002", "NOMBRE": "LA ESPERANZA", "Area_ha": 167.08841080818053, "Perimetro": 7608.521433830403, "Shape_Length": 7604.241165805573, "Shape_Area": 1670884.1080818053, "USO_CAMP": "Ganadero multiproposito", "Descripcion": "80% pastos para ganader\u00eda, 20%  caf\u00e9."}, "geometry": {"coordinates": [[[[-74.25355595767824, 5.097584218392174], [-74.25375929342673, 5.0972939081739295], [-74.25389223552281, 5.09708598487295], [-74.25404082131453, 5.09682707142127], [-74.25415027323932, 5.096540708239104], [-74.25425192253623, 5.096328878369244], [-74.25442397994054, 5.096066026650252], [-74.25464919552128, 5.095749712960542], [-74.25473520992892, 5.095628890997587], [-74.25477534566267, 5.095542595473467], [-74.25477532804298, 5.0954716550335535], [-74.25475235930931, 5.095377711217385], [-74.25467583863664, 5.095278023177767], [-74.25461653986811, 5.095214766157935], [-74.25458593860608, 5.095161097500408], [-74.25458544144357, 5.095153674529369], [-74.25458209756553, 5.095103575558938], [-74.25459355405933, 5.095042217261511], [-74.25464104048297, 5.094955942700933], [-74.25466426934473, 5.094913736112589], [-74.25478662468696, 5.094812075868275], [-74.25489750334341, 5.094702765233989], [-74.25491660562555, 5.094643321073941], [-74.25502472239705, 5.094473698683269], [-74.25515333481982, 5.094178693428982], [-74.25519121994044, 5.094097038530833], [-74.2552360233854, 5.094000465255432], [-74.25542599261135, 5.093908229616604], [-74.25555465846084, 5.093797582210373], [-74.25568943636034, 5.093628563743548], [-74.25573228005946, 5.093551196087114], [-74.2558753010413, 5.093324590490653], [-74.25599888195858, 5.0931563285547075], [-74.25614012116667, 5.09300577177904], [-74.256228372729, 5.092819810194865], [-74.25632545016725, 5.0926249896143325], [-74.25638722668782, 5.092483305738003], [-74.2564931199125, 5.092253073732666], [-74.2566608804445, 5.09218219395799], [-74.25685510767426, 5.092058182918975], [-74.25702285521365, 5.091943037265778], [-74.25718176499144, 5.091827887128003], [-74.25729650950304, 5.0916684850153695], [-74.25736711902415, 5.091544506299975], [-74.257455392109, 5.091411679366126], [-74.2575877883017, 5.09124340823106], [-74.25772019521617, 5.0910662916810985], [-74.25787026855446, 5.090915731945994], [-74.25799385692358, 5.090782888465399], [-74.25816156801554, 5.0905703421791495], [-74.25828514511916, 5.090393231072558], [-74.25844402267823, 5.090154120637951], [-74.25858525321676, 5.089968147726379], [-74.25868236002938, 5.089853015037659], [-74.25883242275198, 5.089675897364087], [-74.25893832949284, 5.08948107208845], [-74.25909720214293, 5.089241974277418], [-74.25927374543677, 5.089002864525464], [-74.25931784739618, 5.088834617491132], [-74.25934428832686, 5.088639828138833], [-74.25945902618463, 5.088453853583372], [-74.25955610844429, 5.088250180264985], [-74.25958486964178, 5.0881924634950195], [-74.25965318081005, 5.088055364104692], [-74.25977675614206, 5.087869396686161], [-74.25994447895225, 5.087692263396834], [-74.26005038907626, 5.087532863016649], [-74.26008566194236, 5.087329217378455], [-74.26014742166691, 5.08715211216444], [-74.26019152715928, 5.08700158122676], [-74.26023563050448, 5.086815626267012], [-74.26032389059354, 5.086665083165126], [-74.26039447776361, 5.086470278083582], [-74.26050039648173, 5.08629316250424], [-74.26052160494142, 5.086236402406685], [-74.26057980837398, 5.086080643984488], [-74.26067688023497, 5.085885830528776], [-74.2607563022858, 5.085708720631547], [-74.2608357271141, 5.085540476008351], [-74.26092397486286, 5.085354507995217], [-74.26102107321923, 5.085212816487631], [-74.26111815980843, 5.0850711259031], [-74.26123291239608, 5.08492057437583], [-74.26138297805193, 5.084752304616189], [-74.26150657016254, 5.084628309887824], [-74.26167428457059, 5.084451187328633], [-74.26180669013198, 5.084274070522555], [-74.26191260756416, 5.084123513617451], [-74.26201851720047, 5.083919846498716], [-74.26208909900943, 5.083707327160723], [-74.26217735184711, 5.083539071561104], [-74.2623124276907, 5.0833765955704715], [-74.26245340573146, 5.083225721177421], [-74.2625286861819, 5.083122719225236], [-74.26255678069182, 5.083084286028922], [-74.2626507601447, 5.0829617091102195], [-74.26277291054217, 5.082725999088963], [-74.26282926305383, 5.082518597143204], [-74.26290440737267, 5.0823017502451], [-74.26298897910334, 5.082132046005037], [-74.26307353842552, 5.081943481141967], [-74.26315810195307, 5.081773772392469], [-74.26322385431067, 5.081575789157554], [-74.26332720471505, 5.08135893950301], [-74.26338355276702, 5.081132674223452], [-74.26347748643956, 5.080840412201514], [-74.26356202708556, 5.080585867248719], [-74.26361838051145, 5.080387882529506], [-74.26369352263099, 5.080142760526226], [-74.26380627086516, 5.079907053547722], [-74.26390962813919, 5.079690202080062], [-74.26401299689617, 5.079520493595708], [-74.26413513911979, 5.079256503036243], [-74.26424788168616, 5.079020796063324], [-74.26437001254882, 5.078719098724052], [-74.2644921705365, 5.07847396786642], [-74.26464251133436, 5.078209970912944], [-74.26469886314865, 5.078002556355339], [-74.26479281672718, 5.077785714259764], [-74.26489617378874, 5.07757828631801], [-74.26500891502589, 5.07734259110619], [-74.26507466322607, 5.077097474877947], [-74.26516860576392, 5.076880623759055], [-74.26522497593004, 5.076739203756091], [-74.26533775662932, 5.076607187210291], [-74.26541290929487, 5.076428057083962], [-74.26539404621566, 5.0761735402051364], [-74.26542219085695, 5.075966130283442], [-74.26548794781584, 5.075796430349401], [-74.26565219665021, 5.0754909290360235], [-74.26575096664789, 5.075616304087328], [-74.26596476324335, 5.075811091814956], [-74.26630485644378, 5.075976607484205], [-74.26642150470612, 5.076181163755297], [-74.26647984875383, 5.076366253506678], [-74.26646045853757, 5.076522132148583], [-74.26640222692123, 5.076746222290949], [-74.26638286874578, 5.076980043345989], [-74.26636885257012, 5.077053928126144], [-74.266344056089, 5.077184638511472], [-74.26633439595267, 5.077379480618982], [-74.26634418509978, 5.077632779201245], [-74.2662934119503, 5.077776304611892], [-74.2663426718426, 5.077892658873152], [-74.26634404425195, 5.077895874565972], [-74.26634632647716, 5.077901074517081], [-74.26634867361552, 5.077906246291911], [-74.26635108746468, 5.077911386267711], [-74.26635356532114, 5.07791649625942], [-74.2663561089825, 5.077921572644272], [-74.26635871664588, 5.07792661633062], [-74.26636138650485, 5.07793162641719], [-74.26636412216874, 5.077936602896931], [-74.26636692002293, 5.077941543062478], [-74.26636978097147, 5.0779464478168945], [-74.26637270320624, 5.077951315354104], [-74.26637568762776, 5.077956144767556], [-74.26637873243139, 5.0779609360607525], [-74.26638183942, 5.077965688325391], [-74.26638500498076, 5.077970399758922], [-74.26638823092009, 5.077975071262632], [-74.26639151542804, 5.077979700125635], [-74.26639485850635, 5.077984287252742], [-74.26639826105384, 5.07798883083259], [-74.26640171946119, 5.077993330872239], [-74.26640523462893, 5.0779977864651356], [-74.2664088074577, 5.078002196704697], [-74.26641243614098, 5.078006560689678], [-74.26641611887418, 5.078010878423604], [-74.26641985655606, 5.078015148095105], [-74.26642364828429, 5.0780193697059515], [-74.26642749315656, 5.078023543257914], [-74.2664313911658, 5.078027665131812], [-74.26643534051617, 5.078031739855148], [-74.26643934210115, 5.078035762902172], [-74.26644339411612, 5.078039734276425], [-74.26644749565695, 5.078043653074878], [-74.26645164762776, 5.078047520200559], [-74.26645584821857, 5.078051332942597], [-74.26646009652706, 5.078055091302777], [-74.26646439345731, 5.078058796184108], [-74.26646873539825, 5.078062446688894], [-74.26647312414748, 5.078066039194378], [-74.26647755971025, 5.078069576414959], [-74.26648203666736, 5.078073055646876], [-74.26648655953392, 5.0780764786908605], [-74.26649112559764, 5.078079842837825], [-74.26649573305568, 5.07808314899611], [-74.26650038371088, 5.0780863962573735], [-74.26650507575508, 5.078089582815562], [-74.26650980467838, 5.0780927095843245], [-74.26651457499064, 5.0780957756500085], [-74.2665193839849, 5.078098781017927], [-74.26652422985296, 5.078101723882023], [-74.26652911439946, 5.078104604238739], [-74.26653403401686, 5.0781074229999685], [-74.26653480094215, 5.078107854895793], [-74.26653803635514, 5.07810859500963], [-74.26654247499104, 5.078109545391128], [-74.26654692702417, 5.078110425171638], [-74.26655139245455, 5.078111234351188], [-74.2665558712804, 5.078111972024951], [-74.26656035989065, 5.078112637295226], [-74.26656485918936, 5.078113231065041], [-74.26656936737189, 5.078113753337922], [-74.26657388263531, 5.078114205022241], [-74.26657840497262, 5.078114582498773], [-74.26658293258438, 5.078114888485454], [-74.26658746456656, 5.078115122079289], [-74.26659200001498, 5.078115282377219], [-74.2665965371321, 5.078115373001994], [-74.26660107500676, 5.078115389431378], [-74.26660561274012, 5.078115333476772], [-74.26661014943164, 5.078115206044711], [-74.26661468237077, 5.078115005330912], [-74.26661921336573, 5.078114733141465], [-74.26662373790133, 5.078114387675591], [-74.26662825688517, 5.0781139716459345], [-74.2666327685073, 5.078113482341625], [-74.26663727186893, 5.078112921574062], [-74.26664176516537, 5.078112289346758], [-74.26664624929722, 5.078111584753158], [-74.2666507206569, 5.078110808705129], [-74.26665517924617, 5.078109962107501], [-74.26665962416094, 5.078109044057216], [-74.26666405360007, 5.078108056367446], [-74.26666846755826, 5.078106996323762], [-74.26667286333382, 5.078105866645891], [-74.26667724092675, 5.078104667333832], [-74.26668159763004, 5.078103398392898], [-74.26668593615425, 5.078102061627373], [-74.2666902519806, 5.0781006534269215], [-74.26669454421211, 5.078099176507707], [-74.26669881285052, 5.07809763177453], [-74.26670305609294, 5.078096020135731], [-74.2667072739376, 5.0780943406865315], [-74.26671146457983, 5.078092593430436], [-74.26671562712083, 5.078090780178864], [-74.26671975975418, 5.078088900030513], [-74.2667238624834, 5.078086954795013], [-74.26672793260329, 5.078084945382455], [-74.26673197191494, 5.078082869979703], [-74.26673597771492, 5.0780807304017035], [-74.26673994820028, 5.078078527556744], [-74.26674388337287, 5.078076262349675], [-74.26674778232676, 5.07807393297264], [-74.2667516441667, 5.078071543046617], [-74.26675546708627, 5.078069091670335], [-74.26675925018313, 5.078066578845598], [-74.26676299436491, 5.078064007284999], [-74.26676669601873, 5.078061375186061], [-74.26677035605228, 5.078058685261372], [-74.26677397356318, 5.078055937512738], [-74.2667775458409, 5.078053130135858], [-74.26678107379838, 5.078050268557756], [-74.26678455562568, 5.078047350067591], [-74.26678799132453, 5.0780443755701326], [-74.26679137819504, 5.078041348689935], [-74.2667947171342, 5.078038266710802], [-74.26679800724501, 5.078035132348916], [-74.26680124672457, 5.078031946512598], [-74.26680443557109, 5.078028708297088], [-74.26680757288757, 5.07802542041852], [-74.26681065686932, 5.078022082880448], [-74.26681368751636, 5.078018695682876], [-74.26681666483398, 5.078015261540216], [-74.26681958701751, 5.078011780455976], [-74.26682245316287, 5.078008251527165], [-74.26682526418122, 5.078004679276001], [-74.26682801736379, 5.078001062802984], [-74.26683071270884, 5.077997401203317], [-74.26683334932106, 5.077993698097979], [-74.26683592629641, 5.0779899525839465], [-74.26683844544478, 5.07798616737207], [-74.2668409031569, 5.077982342469435], [-74.26684330033687, 5.077978478779068], [-74.2668456360841, 5.0779745772075575], [-74.26684790859395, 5.077970637758411], [-74.26685011877579, 5.077966664049084], [-74.26685226572377, 5.077962654271736], [-74.26685434854441, 5.077958612952144], [-74.26685636813296, 5.077954536469347], [-74.26685832179126, 5.077950429352634], [-74.26686020951931, 5.077946291602014], [-74.26686203222299, 5.077942125025339], [-74.26686378899818, 5.077937928719544], [-74.26686547804552, 5.0779337054025975], [-74.2668671002709, 5.077929456882313], [-74.26686865476489, 5.077925179541266], [-74.26687014244399, 5.077920880616088], [-74.26687155969708, 5.077916559209065], [-74.2668729092294, 5.07791221441007], [-74.2668741892416, 5.077907848937056], [-74.26687540063776, 5.077903463693049], [-74.26687654161323, 5.077899058681611], [-74.26687761307741, 5.077894637520124], [-74.26687861412442, 5.077890198400805], [-74.2668793222233, 5.077886842905807], [-74.26688019591018, 5.077884647948209], [-74.26688255325381, 5.077878867058205], [-74.26688497652232, 5.077873114087691], [-74.26688746661804, 5.077867389034929], [-74.26689002173987, 5.077861693713023], [-74.26689264369068, 5.077856027213668], [-74.2668953306764, 5.077850394969158], [-74.26689808268644, 5.07784479155074], [-74.26690089792497, 5.077839221485927], [-74.26690377819486, 5.077833683866396], [-74.26690672349966, 5.077828180501711], [-74.26690973113416, 5.077822712302031], [-74.26691280199888, 5.077817278360752], [-74.26691593519682, 5.077811881394041], [-74.26691913162854, 5.0778065204953595], [-74.2669223885888, 5.077801196574786], [-74.2669257060829, 5.0777959123467316], [-74.26692908591198, 5.077790665998055], [-74.26693252627666, 5.0777854602466945], [-74.2669360253705, 5.077780294191391], [-74.26693958590229, 5.077775168731631], [-74.26694320426623, 5.077770085684092], [-74.2669468804623, 5.077765045048793], [-74.26695061629516, 5.077760046822171], [-74.2669544072567, 5.077755092822677], [-74.2669582578586, 5.0777501830414735], [-74.2669621635927, 5.077745319296993], [-74.26696612535955, 5.077740500682702], [-74.26697014316096, 5.077735728103342], [-74.26697421429166, 5.077731002469077], [-74.26697834146044, 5.077726324679358], [-74.26698252196383, 5.077721696549111], [-74.26698675579652, 5.077717115363936], [-74.26699104296384, 5.077712583838249], [-74.2669953807605, 5.077708102882124], [-74.26699977099123, 5.077703672492032], [-74.2670042118531, 5.077699293576335], [-74.26700870334787, 5.077694967039792], [-74.2670132436709, 5.077690692885979], [-74.26701783372451, 5.077686471113125], [-74.2670224726099, 5.077682303532577], [-74.26702715852241, 5.07767819014788], [-74.26703189236436, 5.0776741309572735], [-74.26703667233464, 5.077670127773881], [-74.2670414993338, 5.07766617969115], [-74.26704637066015, 5.077662289428787], [-74.26705128721072, 5.0776584542706065], [-74.2670562471897, 5.077654678744174], [-74.26706125058645, 5.077650957420667], [-74.26706629651281, 5.077647297540258], [-74.26707138405936, 5.077643695485524], [-74.26707651413376, 5.077640153969089], [-74.26708168492777, 5.077636671184892], [-74.26708689464209, 5.077633249850876], [-74.26709214327312, 5.077629888157438], [-74.26709743082266, 5.077626587009397], [-74.26710275549136, 5.077623349124648], [-74.26710811998443, 5.077620173593117], [-74.26711351798379, 5.077617059522386], [-74.26711895219997, 5.077614008716752], [-74.26712442173063, 5.077611021177969], [-74.26712779925354, 5.077609216704179], [-74.26713036184249, 5.077609196292101], [-74.26713180555913, 5.0776091871244216], [-74.26713322672458, 5.07760918162023], [-74.26713362736291, 5.07760918264337], [-74.26713607540002, 5.077609185076225], [-74.26713820944904, 5.077609199887879], [-74.26713929858154, 5.0776092077027055], [-74.26714006016272, 5.077609213446122], [-74.26714461530082, 5.077609293174891], [-74.26714587861139, 5.077609315124626], [-74.26714613939906, 5.077609321851117], [-74.26715220884756, 5.0776095008499045], [-74.26715828475542, 5.077609753125008], [-74.26716435629295, 5.077610077792872], [-74.26717042436249, 5.077610474851722], [-74.26717648625701, 5.077610944306874], [-74.26718254287887, 5.07761148615657], [-74.26718859242165, 5.07761209949954], [-74.26719463398474, 5.077612785242369], [-74.26720066757, 5.0776135442898225], [-74.2672066913656, 5.077614373026282], [-74.26721270447811, 5.077615275977494], [-74.26721870780102, 5.077616248617696], [-74.26722469773208, 5.077617294573183], [-74.26723067516652, 5.077618410222973], [-74.26723663920913, 5.077619599188032], [-74.26724258804636, 5.07762085694791], [-74.26724852258768, 5.077622187120029], [-74.26725444012426, 5.077623588804904], [-74.2672603415514, 5.077625058381591], [-74.26726622416744, 5.077626598569764], [-74.26727208797587, 5.07762821117905], [-74.2672779338702, 5.0776298916836575], [-74.26728375734588, 5.077631643711666], [-74.26728956110101, 5.077633462733757], [-74.2672953424357, 5.077635352374421], [-74.26730110044234, 5.077637309921068], [-74.26730683422034, 5.0776393362802335], [-74.26731254557612, 5.07764143235319], [-74.26731822999277, 5.07764359543442], [-74.26732388927492, 5.077645825520328], [-74.26732952071735, 5.077648123521078], [-74.26733512522064, 5.077650488530084], [-74.26734070097835, 5.077652919646076], [-74.2673462470917, 5.077655418680437], [-74.2673517644577, 5.077657982916986], [-74.26735725036937, 5.077660612361071], [-74.26736270392618, 5.077663307919215], [-74.26736812602685, 5.077666067780096], [-74.26737351396447, 5.077668891948982], [-74.26737886954368, 5.077671780422364], [-74.26738418915336, 5.077674732302532], [-74.26738947369587, 5.077677747587694], [-74.26739472227067, 5.077680827184443], [-74.26739993396653, 5.077683966570524], [-74.26740510789001, 5.0776871702717346], [-74.26741024403228, 5.077690433764065], [-74.26741533969337, 5.077693760672026], [-74.26742039666915, 5.077697146468086], [-74.26742541225262, 5.077700591157579], [-74.26743038734965, 5.077704096548289], [-74.2674353201538, 5.077707661738989], [-74.26744021156385, 5.077711284918321], [-74.26744505797052, 5.0777149660933425], [-74.26744986027613, 5.077718705262282], [-74.26745461847712, 5.077722500615579], [-74.26745933167473, 5.077726353964567], [-74.26746051745857, 5.077727337871389], [-74.26746400348003, 5.077730266206976], [-74.26746862395325, 5.077734230123912], [-74.26747319490437, 5.07773824842621], [-74.26747771994445, 5.077742322011583], [-74.26748219636121, 5.077746448170967], [-74.26748662325411, 5.077750627810918], [-74.26749099971902, 5.077754860028427], [-74.26749532575596, 5.077759144823461], [-74.26749960045906, 5.077763480388233], [-74.26750382563299, 5.077767866719181], [-74.26750799586198, 5.07777230292214], [-74.26751211385303, 5.077776788991796], [-74.26751617779796, 5.077781323122098], [-74.26752018860084, 5.077785906216072], [-74.2675241444535, 5.077790536467652], [-74.26752804445185, 5.077795212973829], [-74.26753188950171, 5.0777999375424265], [-74.2675356777914, 5.0778047065577985], [-74.26753940932089, 5.07780952001993], [-74.26754308409019, 5.077814377928823], [-74.26754669939054, 5.077819279385012], [-74.26755025792717, 5.07782422347837], [-74.26755375699308, 5.077829210214208], [-74.2675571956824, 5.077834237784726], [-74.2675605757998, 5.077839306186346], [-74.26756389463829, 5.0778444154244164], [-74.26756715309489, 5.077849562782743], [-74.26757035026726, 5.07785474826313], [-74.2675734861572, 5.077859972770343], [-74.2675765580524, 5.077865233595319], [-74.26757956956394, 5.077870531635759], [-74.26758251617485, 5.0778758641861605], [-74.26758539969161, 5.077881232147729], [-74.26758822011064, 5.077886633710901], [-74.26759097472494, 5.077892068880997], [-74.26759109339152, 5.077892304801492], [-74.26759484700352, 5.077898260080927], [-74.26759824287653, 5.0779035410799285], [-74.26759898142113, 5.077904687824382], [-74.26760317621725, 5.077911075637886], [-74.26760743049132, 5.077917424428009], [-74.2676117451421, 5.077923732383364], [-74.26761611836145, 5.077929997697933], [-74.26762055105696, 5.0779362230843015], [-74.267625042321, 5.077942405829863], [-74.26762959215006, 5.077948544125021], [-74.26763419784243, 5.07795464068947], [-74.26763886300213, 5.077960692801735], [-74.26764358492218, 5.077966700467124], [-74.26764836269848, 5.077972662782621], [-74.26765319633103, 5.077978579748227], [-74.26765808491749, 5.077984451365694], [-74.26766303025545, 5.07799027401227], [-74.26766802874268, 5.077996051314283], [-74.26767308307907, 5.078001779647174], [-74.26767819056118, 5.078007460825887], [-74.26768335028315, 5.07801309304258], [-74.26768359533268, 5.0780133576685165], [-74.26768856133555, 5.078018672679817], [-74.2676938282442, 5.078024206967151], [-74.26769914648685, 5.078029690484639], [-74.26770451696581, 5.078035123230491], [-74.26770993697231, 5.078040504305255], [-74.26771540921514, 5.078045834608381], [-74.26772093008141, 5.078051112337376], [-74.26772650137403, 5.078056336583897], [-74.26773212129187, 5.078061509161064], [-74.2677377907302, 5.078066626447933], [-74.26774350698908, 5.07807169206901], [-74.267749270962, 5.078076701498514], [-74.26775508355661, 5.078081657449082], [-74.2677609411565, 5.078086556308594], [-74.2677668446693, 5.0780914007896705], [-74.26777279408797, 5.078096187273137], [-74.26777878761311, 5.078100918476913], [-74.2677848270441, 5.078105591683058], [-74.26779090967571, 5.0781102078017035], [-74.2677970346056, 5.078114766834586], [-74.26780320273079, 5.0781192660655785], [-74.26780941405485, 5.078123707304251], [-74.26781566587074, 5.078128090555922], [-74.26782195817319, 5.078132413106201], [-74.26782829367095, 5.078136675854562], [-74.26783466694826, 5.078140877906845], [-74.26784107980976, 5.078145019259486], [-74.26784753225726, 5.078149100817314], [-74.26785402157842, 5.078153119871221], [-74.26786055048203, 5.07815707732072], [-74.26786711445644, 5.078160973174638], [-74.26787371620505, 5.0781648056180595], [-74.26788035302445, 5.0781685764659334], [-74.26788702490933, 5.078172283003814], [-74.26789373366789, 5.078175927037802], [-74.2679004747849, 5.078179506767128], [-74.2679072491645, 5.078183023094838], [-74.26791405589903, 5.078186473308289], [-74.26792089679846, 5.07818986011835], [-74.26792776824992, 5.078193181722493], [-74.26793466935109, 5.07819643812251], [-74.26794160370952, 5.078199628406497], [-74.26794856591297, 5.078202753489885], [-74.2679555577626, 5.078205811559546], [-74.26796257835784, 5.078208803522039], [-74.26796401514763, 5.078209405107618], [-74.26796873012601, 5.078210010205872], [-74.26797662200842, 5.07821096645994], [-74.26798452277447, 5.078211851217044], [-74.26799242971187, 5.078212661768086], [-74.26800034553291, 5.078213400822163], [-74.26800826753237, 5.0782140692893885], [-74.26801619389673, 5.07821466264932], [-74.26802412644305, 5.078215187231983], [-74.2680320624537, 5.078215637613921], [-74.2680400028328, 5.078216014698163], [-74.26804794668155, 5.078216320296063], [-74.26805589309406, 5.0782165525998115], [-74.26806383937041, 5.07821671523392], [-74.268071788207, 5.078216802764269], [-74.26807973780623, 5.078216818813626], [-74.26808768726399, 5.078216762478937], [-74.26809563567618, 5.078216632857176], [-74.26810358214225, 5.078216430854931], [-74.26811152756626, 5.078216157375225], [-74.2681194683354, 5.0782158106155615], [-74.26812740715837, 5.078215391475397], [-74.26813534132823, 5.078214899960071], [-74.2681432708467, 5.078214336974382], [-74.26815119390561, 5.078213700712262], [-74.26815911231314, 5.078212992979799], [-74.26816702426287, 5.0782122128757035], [-74.2681749270478, 5.078211360405301], [-74.26818282337666, 5.078210436468101], [-74.26819071053896, 5.078209439259792], [-74.26819858763588, 5.078208370591766], [-74.26820645557153, 5.07820723136703], [-74.26821431163535, 5.07820601978134], [-74.26822215853437, 5.078204735829348], [-74.26822999085812, 5.078203381331303], [-74.26823781221414, 5.078201955375314], [-74.26824562079779, 5.078200457964915], [-74.26825341390028, 5.078198888200661], [-74.26826119333514, 5.078197250602964], [-74.26826895818942, 5.078195539744823], [-74.26827670486084, 5.078193759252528], [-74.26828443785755, 5.078191907307618], [-74.26829215266964, 5.078189984823755], [-74.26829984929887, 5.07818799270574], [-74.26830752954817, 5.078185930045214], [-74.26831518800705, 5.078183798662444], [-74.26832282737722, 5.078181595837687], [-74.26833044766396, 5.0781793242853706], [-74.26833804615853, 5.078176983105998], [-74.26834562286268, 5.078174573204357], [-74.26835317957932, 5.078172093672133], [-74.26836071089797, 5.078169546329531], [-74.26836821861802, 5.078166928458647], [-74.2683757036506, 5.078164244581678], [-74.26838316418402, 5.078161491082984], [-74.26839059841889, 5.078158670680504], [-74.26839800815634, 5.078155781561098], [-74.26840539069292, 5.078152825539702], [-74.26841274603038, 5.078149803521092], [-74.26842007416165, 5.078146711886084], [-74.2684273723886, 5.078143555163986], [-74.26843464251233, 5.078140331541658], [-74.26844188363229, 5.078137041925688], [-74.26844909575024, 5.078133687220873], [-74.26845627435098, 5.078130265626457], [-74.26846342304916, 5.078126779849772], [-74.26847053913599, 5.078123228991342], [-74.26847762441616, 5.078119613047605], [-74.26848467528208, 5.078115932930454], [-74.26849169353667, 5.078112187731561], [-74.26849837632395, 5.078108545434603], [-74.26849864853428, 5.078108394702396], [-74.26849870892678, 5.078108362010817], [-74.26850100287572, 5.078107087159642], [-74.26850327518287, 5.078105819589403], [-74.2685056042608, 5.07810451300109], [-74.2685079243048, 5.078103201001703], [-74.2685102100832, 5.078101900832101], [-74.26851251567044, 5.078100578908287], [-74.26851481132495, 5.0780992533847815], [-74.2685171087664, 5.078097918809734], [-74.26851939537282, 5.078096580636753], [-74.26852166212973, 5.0780952434075965], [-74.26852396942782, 5.078093873525851], [-74.26852623254531, 5.078092520922185], [-74.26852847672093, 5.078091171974963], [-74.26853034505963, 5.078090046347814], [-74.26872462845988, 5.078012047806991], [-74.26894808946732, 5.078002245627146], [-74.26896850021032, 5.078003603419183], [-74.26909382544015, 5.078011941779394], [-74.26922987772387, 5.078119071575567], [-74.26943394545393, 5.078245658338192], [-74.2695700076251, 5.0784209802421705], [-74.26966720308523, 5.0785476070134], [-74.269727326533, 5.078592798504631], [-74.26982268563411, 5.078664468457722], [-74.26997815886571, 5.078752107477457], [-74.27014335103165, 5.078829989841834], [-74.27050286698336, 5.078956540725929], [-74.27064863726882, 5.0790928833158375], [-74.27067782987953, 5.079248755752268], [-74.2706876131611, 5.079463079501919], [-74.27071680297357, 5.079609206314284], [-74.27084312179308, 5.079677359640162], [-74.27096942254491, 5.07967732259308], [-74.27112484317523, 5.079531143411901], [-74.27126083683326, 5.079472653325606], [-74.27146486750092, 5.079482344385005], [-74.27168831909941, 5.079433560504176], [-74.27180488044364, 5.079345849149988], [-74.27203809251897, 5.079472427183222], [-74.27216442703967, 5.079560069610491], [-74.27231990732217, 5.079667192810807], [-74.27258224762701, 5.079725567153954], [-74.272708549209, 5.079725531571833], [-74.27284457720768, 5.079735232342252], [-74.27295054592533, 5.079788727751021], [-74.27303081761607, 5.079846188008184], [-74.27309389849852, 5.079909405037754], [-74.27283415455214, 5.079908729495446], [-74.27260589418614, 5.07996428485544], [-74.27236380065105, 5.080075351641327], [-74.27217703382576, 5.080110080665204], [-74.27193492502917, 5.08015177894939], [-74.27174815910313, 5.080193448589712], [-74.27143688026494, 5.080283713448979], [-74.27117402399074, 5.080339288588368], [-74.27088349405342, 5.080415676106806], [-74.2706137479925, 5.080554481042633], [-74.27037165462797, 5.080665542693879], [-74.2700742474754, 5.080845983910438], [-74.26976513938646, 5.081087197376248], [-74.26976301672079, 5.081088853723103], [-74.26951404612772, 5.081331702245565], [-74.26932731549749, 5.081498237557241], [-74.26913365178669, 5.081609283195872], [-74.26888465775441, 5.081768900669395], [-74.26877401658925, 5.081942347264801], [-74.26893317756719, 5.08212265620351], [-74.26894940622648, 5.082197396229494], [-74.26896781747118, 5.082282187932004], [-74.26903703325549, 5.082441711332095], [-74.26913359166673, 5.082697054652539], [-74.26912067625165, 5.0829053112535005], [-74.26912071075627, 5.083028962360949], [-74.2690882999987, 5.083165628665926], [-74.2690623731535, 5.0832827782937455], [-74.26906239529393, 5.083367381782194], [-74.26902348535569, 5.083471523288819], [-74.2689845747168, 5.0835886794727525], [-74.26891356780777, 5.083558340959333], [-74.26877591323947, 5.083499519218521], [-74.26857070839327, 5.083477539087799], [-74.26842415108116, 5.08347023070183], [-74.2682116247477, 5.0834335518609945], [-74.26814572789279, 5.083617276764463], [-74.26802852138522, 5.083771615975659], [-74.26800966086691, 5.083813256797058], [-74.26795528498965, 5.083933290798922], [-74.2678820442508, 5.08407292282944], [-74.26781614109376, 5.0842419546575215], [-74.26772091897112, 5.084410986236803], [-74.26760372983642, 5.084616766141337], [-74.26753051685161, 5.084866622084092], [-74.26751592313353, 5.085079722773034], [-74.26747201245959, 5.085270787642063], [-74.26747940269931, 5.085502405319511], [-74.26733016016294, 5.085613092880936], [-74.26720038155887, 5.085691222631993], [-74.26712253632189, 5.085821399474626], [-74.26702522493865, 5.085964592174272], [-74.26697335232564, 5.086127307139138], [-74.26697800165209, 5.086302886757662], [-74.26697990326922, 5.086374602218022], [-74.26697995841374, 5.0865698413760025], [-74.26688918776544, 5.086882244700663], [-74.26683084168306, 5.087110034066774], [-74.2667270582243, 5.087298788189743], [-74.2666232534253, 5.087448504628199], [-74.26649348576936, 5.087565684716009], [-74.26640912346608, 5.087630779218984], [-74.2663507505847, 5.087760953066512], [-74.26631835918909, 5.0879692191584995], [-74.26629894904231, 5.088183977031038], [-74.26628604685179, 5.088476836472952], [-74.26626013069325, 5.088620018215638], [-74.26624070150842, 5.088763191730771], [-74.26617586856231, 5.089017019632021], [-74.26616294993565, 5.089231779227883], [-74.26616298987148, 5.089374956091866], [-74.26614356917959, 5.089544163493843], [-74.26613063260787, 5.089700359747585], [-74.26607224918821, 5.089797992399647], [-74.2660138601462, 5.089882604944861], [-74.26597494853866, 5.089980234601028], [-74.26591657465752, 5.090116917629914], [-74.26589716359683, 5.090331681861071], [-74.2658517616226, 5.090448839073904], [-74.26578688686615, 5.090565995662347], [-74.26570255467307, 5.090683160640996], [-74.26556630434744, 5.090839393021495], [-74.26544952328476, 5.091008627146222], [-74.26532623523065, 5.091106277871884], [-74.26517699950305, 5.091236474683248], [-74.26502124590262, 5.091288587080517], [-74.26489794595498, 5.091314647917073], [-74.26478112294183, 5.091327703029529], [-74.264703280519, 5.091470892724637], [-74.26465788197547, 5.091594559977104], [-74.26464493179864, 5.091698681254705], [-74.26455410231429, 5.0918158480733435], [-74.26447625227433, 5.091933015629779], [-74.26437242743299, 5.092011137640932], [-74.26421668567374, 5.092095787525713], [-74.26411287312801, 5.092225970984769], [-74.26404799074463, 5.0922715457917915], [-74.26393117976556, 5.0923301485940975], [-74.26384033855062, 5.092388745627726], [-74.26378194819665, 5.092479869064562], [-74.26370410162772, 5.0926035439218165], [-74.2636002878395, 5.092720706311804], [-74.26347051212053, 5.092818359611023], [-74.26330827771123, 5.092916025939632], [-74.26317119368665, 5.093000260824179], [-74.263100244077, 5.093132469796915], [-74.26287337211517, 5.093546947964285], [-74.26282470975998, 5.093668070059876], [-74.2627679332071, 5.093814064858298], [-74.26275377954133, 5.093995660582269], [-74.2627609347237, 5.094205734817692], [-74.26277521272372, 5.094469211990601], [-74.26273977828875, 5.094729152135025], [-74.26266881257351, 5.094928560956043], [-74.26257652674154, 5.095056768248732], [-74.26249133307115, 5.095177858905345], [-74.2623102887248, 5.095384419976018], [-74.262232180356, 5.095409366691917], [-74.26214697040511, 5.0954699196202045], [-74.26204758489858, 5.0956301735974785], [-74.26198722718155, 5.095662237944134], [-74.26178485167164, 5.09576198972168], [-74.26162861077023, 5.095783391709315], [-74.261394256173, 5.095815506825926], [-74.26135988668214, 5.095823655940141], [-74.26113859997346, 5.095876099828661], [-74.26096107510706, 5.095954489089789], [-74.26080131080097, 5.096086270408061], [-74.26057409662164, 5.096253679396501], [-74.26033977893157, 5.096421095919591], [-74.2601981731251, 5.0964938727080185], [-74.26019420489446, 5.096495909961079], [-74.2599918265298, 5.096577856556567], [-74.25977171477689, 5.096752390349589], [-74.25946639423769, 5.096987471345567], [-74.259253382643, 5.097176240899571], [-74.25913620180485, 5.097197638278397], [-74.2590403335909, 5.0972225868911725], [-74.25899063861006, 5.097290252336756], [-74.25898270079892, 5.0974080988667065], [-74.25890466183104, 5.097443894653539], [-74.25876639665908, 5.097437222764275], [-74.25854117623619, 5.097466356806854], [-74.25846759257314, 5.0974842657760595], [-74.25837615179195, 5.097479812128463], [-74.25820444826914, 5.097477628246654], [-74.25817857780048, 5.0974689891148195], [-74.25811278742516, 5.097702294395549], [-74.25804506702885, 5.097734911231336], [-74.25792859998776, 5.097824588188394], [-74.25784193611312, 5.097935994549065], [-74.25776611694569, 5.098101714178792], [-74.25769026914445, 5.098128903579582], [-74.25761169656981, 5.09812892336598], [-74.25750875059579, 5.09812080503701], [-74.25733805257447, 5.098069233788563], [-74.25703189662707, 5.098023140830601], [-74.25655777338682, 5.098016982991584], [-74.25594764284945, 5.097989998554404], [-74.25547607287574, 5.097974873717204], [-74.25543122246853, 5.097973435790367], [-74.25525005001936, 5.097944257541655], [-74.25506055457427, 5.097921342269647], [-74.25483148450861, 5.097896345306551], [-74.25452538431756, 5.097890156582356], [-74.25420468818781, 5.097819253625845], [-74.25391313095665, 5.097729556017521], [-74.25355595767824, 5.097584218392174]]]], "type": "MultiPolygon"}}, {"type": "Feature", "properties": {"CODIGO": "25777000200000001", "SECTOR_CODIGO": "257770002", "NOMBRE": "IMPARAL", "Area_ha": 823.1247049287589, "Perimetro": 14042.943038434894, "Shape_Length": 14035.070862831448, "Shape_Area": 8231247.049287588, "USO_CAMP": "Agropecuario", "Descripcion": "50% caf\u00e9 y +N6:Q950% ca\u00f1a (Limite con Vergara), Ganader\u00eda lechera (limite con Esperanza)."}, "geometry": {"coordinates": [[[[-74.2533403839399, 5.107413306935057], [-74.25322853996974, 5.107360223166086], [-74.25320126925986, 5.107347279769539], [-74.25312983404464, 5.107339341138648], [-74.2530427201949, 5.107329659689134], [-74.25295560634667, 5.107319979131949], [-74.25272359633668, 5.107320043879427], [-74.25234146583168, 5.107333830646719], [-74.25201391419772, 5.1072928675864], [-74.2517545757346, 5.107169779459329], [-74.2513041308699, 5.106896215179553], [-74.25116990946587, 5.106828969131577], [-74.25098591498207, 5.106736787645686], [-74.25092194628617, 5.106704739160418], [-74.25044418490367, 5.106349076202347], [-74.24999370914213, 5.105952350101081], [-74.24965246115043, 5.105733492599855], [-74.24935245091254, 5.105590018347984], [-74.2492089255013, 5.105521381090119], [-74.24905189072884, 5.10544628350298], [-74.2484376473305, 5.105049602154309], [-74.24818946786719, 5.104846110898139], [-74.24820742234249, 5.104706954400761], [-74.24825317180121, 5.104489821738402], [-74.24839469084608, 5.104247618855591], [-74.24852791661796, 5.104113972944497], [-74.24870694830292, 5.1040220600210855], [-74.24903588852511, 5.103896721429772], [-74.24928570138147, 5.103733813351515], [-74.24966038412886, 5.103370455307204], [-74.24984354349219, 5.103119880510777], [-74.24993928677826, 5.102986249456798], [-74.25001836867747, 5.102840084844364], [-74.25001418410818, 5.102773284660289], [-74.249989174564, 5.102702304974322], [-74.2499849972914, 5.102627148870222], [-74.25001829299507, 5.102543629994177], [-74.25019729779571, 5.102359868874932], [-74.25041374440498, 5.1020090805609755], [-74.25056356840237, 5.101683366561853], [-74.25086327205901, 5.101223987571493], [-74.25102977347508, 5.100985941412341], [-74.25122962122404, 5.1008314001767365], [-74.25137947962914, 5.100639298146487], [-74.25147521172141, 5.100472253394547], [-74.2515625991574, 5.100242582332451], [-74.25164999080208, 5.100046319481276], [-74.2517748589453, 5.099820810829724], [-74.25195804140341, 5.099641224300419], [-74.2521659539752, 5.099528634001101], [-74.25228412541614, 5.099336675958444], [-74.25242036179385, 5.099067196805514], [-74.2525488309221, 5.098893394460878], [-74.25266174305624, 5.098819178385801], [-74.25278634439697, 5.09875471505671], [-74.25285712077411, 5.098725856728105], [-74.2528251935224, 5.0986059270108], [-74.25284920616346, 5.098393492962997], [-74.25306095530672, 5.097958918432025], [-74.25322941366947, 5.09771265171406], [-74.25337865730825, 5.097640190667671], [-74.25350937686488, 5.097547118006637], [-74.25355595767824, 5.097584218392174], [-74.25391313095665, 5.097729556017521], [-74.25420468818781, 5.097819253625845], [-74.25452538431756, 5.097890156582356], [-74.25483148450861, 5.097896345306551], [-74.25506055457427, 5.097921342269647], [-74.25525005001936, 5.097944257541655], [-74.25543122246853, 5.097973435790367], [-74.25547607287574, 5.097974873717204], [-74.25594764284945, 5.097989998554404], [-74.25655777338682, 5.098016982991584], [-74.25703189662707, 5.098023140830601], [-74.25733805257447, 5.098069233788563], [-74.25750875059579, 5.09812080503701], [-74.25761169656981, 5.09812892336598], [-74.25769026914445, 5.098128903579582], [-74.25776611694569, 5.098101714178792], [-74.25784193611312, 5.097935994549065], [-74.25792859998776, 5.097824588188394], [-74.25804506702885, 5.097734911231336], [-74.25811278742516, 5.097702294395549], [-74.25817857780048, 5.0974689891148195], [-74.25820444826914, 5.097477628246654], [-74.25837615179195, 5.097479812128463], [-74.25846759257314, 5.0974842657760595], [-74.25854117623619, 5.097466356806854], [-74.25876639665908, 5.097437222764275], [-74.25890466183104, 5.097443894653539], [-74.25898270079892, 5.0974080988667065], [-74.25899063861006, 5.097290252336756], [-74.2590403335909, 5.0972225868911725], [-74.25913620180485, 5.097197638278397], [-74.259253382643, 5.097176240899571], [-74.25946639423769, 5.096987471345567], [-74.25977171477689, 5.096752390349589], [-74.2599918265298, 5.096577856556567], [-74.26019420489446, 5.096495909961079], [-74.2601981731251, 5.0964938727080185], [-74.26033977893157, 5.096421095919591], [-74.26057409662164, 5.096253679396501], [-74.26080131080097, 5.096086270408061], [-74.26096107510706, 5.095954489089789], [-74.26113859997346, 5.095876099828661], [-74.26135988668214, 5.095823655940141], [-74.261394256173, 5.095815506825926], [-74.26162861077023, 5.095783391709315], [-74.26178485167164, 5.09576198972168], [-74.26198722718155, 5.095662237944134], [-74.26204758489858, 5.0956301735974785], [-74.26214697040511, 5.0954699196202045], [-74.262232180356, 5.095409366691917], [-74.2623102887248, 5.095384419976018], [-74.26249133307115, 5.095177858905345], [-74.26257652674154, 5.095056768248732], [-74.26266881257351, 5.094928560956043], [-74.26273977828875, 5.094729152135025], [-74.26277521272372, 5.094469211990601], [-74.2627609347237, 5.094205734817692], [-74.26275377954133, 5.093995660582269], [-74.2627679332071, 5.093814064858298], [-74.26282470975998, 5.093668070059876], [-74.26287337211517, 5.093546947964285], [-74.263100244077, 5.093132469796915], [-74.26317119368665, 5.093000260824179], [-74.26330827771123, 5.092916025939632], [-74.26347051212053, 5.092818359611023], [-74.2636002878395, 5.092720706311804], [-74.26370410162772, 5.0926035439218165], [-74.26378194819665, 5.092479869064562], [-74.26384033855062, 5.092388745627726], [-74.26393117976556, 5.0923301485940975], [-74.26404799074463, 5.0922715457917915], [-74.26411287312801, 5.092225970984769], [-74.26421668567374, 5.092095787525713], [-74.26437242743299, 5.092011137640932], [-74.26447625227433, 5.091933015629779], [-74.26455410231429, 5.0918158480733435], [-74.26464493179864, 5.091698681254705], [-74.26465788197547, 5.091594559977104], [-74.264703280519, 5.091470892724637], [-74.26478112294183, 5.091327703029529], [-74.26489794595498, 5.091314647917073], [-74.26502124590262, 5.091288587080517], [-74.26517699950305, 5.091236474683248], [-74.26532623523065, 5.091106277871884], [-74.26544952328476, 5.091008627146222], [-74.26556630434744, 5.090839393021495], [-74.26570255467307, 5.090683160640996], [-74.26578688686615, 5.090565995662347], [-74.2658517616226, 5.090448839073904], [-74.26589716359683, 5.090331681861071], [-74.26591657465752, 5.090116917629914], [-74.26597494853866, 5.089980234601028], [-74.2660138601462, 5.089882604944861], [-74.26607224918821, 5.089797992399647], [-74.26613063260787, 5.089700359747585], [-74.26614356917959, 5.089544163493843], [-74.26616298987148, 5.089374956091866], [-74.26616294993565, 5.089231779227883], [-74.26617586856231, 5.089017019632021], [-74.26624070150842, 5.088763191730771], [-74.26626013069325, 5.088620018215638], [-74.26628604685179, 5.088476836472952], [-74.26629894904231, 5.088183977031038], [-74.26631835918909, 5.0879692191584995], [-74.2663507505847, 5.087760953066512], [-74.26640912346608, 5.087630779218984], [-74.26649348576936, 5.087565684716009], [-74.2666232534253, 5.087448504628199], [-74.2667270582243, 5.087298788189743], [-74.26683084168306, 5.087110034066774], [-74.26688918776544, 5.086882244700663], [-74.26697995841374, 5.0865698413760025], [-74.26697990326922, 5.086374602218022], [-74.26697800165209, 5.086302886757662], [-74.26697335232564, 5.086127307139138], [-74.26702522493865, 5.085964592174272], [-74.26712253632189, 5.085821399474626], [-74.26720038155887, 5.085691222631993], [-74.26733016016294, 5.085613092880936], [-74.26747940269931, 5.085502405319511], [-74.26747201245959, 5.085270787642063], [-74.26751592313353, 5.085079722773034], [-74.26753051685161, 5.084866622084092], [-74.26760372983642, 5.084616766141337], [-74.26772091897112, 5.084410986236803], [-74.26781614109376, 5.0842419546575215], [-74.2678820442508, 5.08407292282944], [-74.26795528498965, 5.083933290798922], [-74.26800966086691, 5.083813256797058], [-74.26802852138522, 5.083771615975659], [-74.26814572789279, 5.083617276764463], [-74.2682116247477, 5.0834335518609945], [-74.26842415108116, 5.08347023070183], [-74.26857070839327, 5.083477539087799], [-74.26877591323947, 5.083499519218521], [-74.26891356780777, 5.083558340959333], [-74.2689845747168, 5.0835886794727525], [-74.26902348535569, 5.083471523288819], [-74.26906239529393, 5.083367381782194], [-74.2690623731535, 5.0832827782937455], [-74.2690882999987, 5.083165628665926], [-74.26912071075627, 5.083028962360949], [-74.26912067625165, 5.0829053112535005], [-74.26913359166673, 5.082697054652539], [-74.26903703325549, 5.082441711332095], [-74.26896781747118, 5.082282187932004], [-74.26894940622648, 5.082197396229494], [-74.26893317756719, 5.08212265620351], [-74.26877401658925, 5.081942347264801], [-74.26888465775441, 5.081768900669395], [-74.26913365178669, 5.081609283195872], [-74.26932731549749, 5.081498237557241], [-74.26951404612772, 5.081331702245565], [-74.26976301672079, 5.081088853723103], [-74.26976513938646, 5.081087197376248], [-74.2700742474754, 5.080845983910438], [-74.27037165462797, 5.080665542693879], [-74.2706137479925, 5.080554481042633], [-74.27088349405342, 5.080415676106806], [-74.27117402399074, 5.080339288588368], [-74.27143688026494, 5.080283713448979], [-74.27174815910313, 5.080193448589712], [-74.27193492502917, 5.08015177894939], [-74.27217703382576, 5.080110080665204], [-74.27236380065105, 5.080075351641327], [-74.27260589418614, 5.07996428485544], [-74.27283415455214, 5.079908729495446], [-74.27309389849852, 5.079909405037754], [-74.27313978133444, 5.079989864402425], [-74.2731226108409, 5.0800933396470445], [-74.27305383399136, 5.080139352384398], [-74.27293918827081, 5.080179626890599], [-74.27282454839198, 5.080214150453238], [-74.27274429919848, 5.08024866225327], [-74.27264112075467, 5.080283183083802], [-74.2725666099314, 5.08033493719859], [-74.27247488618423, 5.080340718835684], [-74.27240608131478, 5.0802947467782], [-74.27236022236872, 5.080300510324299], [-74.27230863583259, 5.080323520720291], [-74.27226279619515, 5.080415502727712], [-74.272222688661, 5.080501745134609], [-74.27219405159855, 5.080576474851036], [-74.27209086183085, 5.080570763648369], [-74.27199913937966, 5.080570791593205], [-74.27190741958468, 5.080593804187446], [-74.271775574715, 5.080628343419915], [-74.27167814214157, 5.080697350158902], [-74.2715807041055, 5.080777850591384], [-74.27149474553833, 5.0808813465374065], [-74.27142598772704, 5.080990584829018], [-74.27138588498431, 5.081094073630479], [-74.27135726751321, 5.081249285392397], [-74.27132864419403, 5.081398754392217], [-74.27131721496517, 5.081513721995696], [-74.27128859525452, 5.081663193705067], [-74.27127144511907, 5.081824150074212], [-74.27124854851259, 5.081956374941729], [-74.27112696705736, 5.08205977914351], [-74.27111291399886, 5.082071731220472], [-74.27102207304915, 5.082175883716826], [-74.27091179614081, 5.082351628935321], [-74.27084045010771, 5.082501328718977], [-74.27078209010116, 5.0826770557704855], [-74.27071722732916, 5.082826754541364], [-74.27070650157391, 5.083038263113609], [-74.27071274408897, 5.083144214848386], [-74.27081224569358, 5.083324928408146], [-74.27090552132829, 5.083449548368804], [-74.27104229442051, 5.083586629441066], [-74.27128472178805, 5.0836675709419765], [-74.27148985180393, 5.083736078823584], [-74.27162661679704, 5.083792127544094], [-74.27171987803426, 5.083891820082382], [-74.27190017045385, 5.084041347458636], [-74.27203693803447, 5.0841285592235055], [-74.27219857557857, 5.084222000286585], [-74.27230427484295, 5.084377777584572], [-74.27245971034147, 5.084533552586229], [-74.27259026353909, 5.084608294725423], [-74.27275186014506, 5.084595787112319], [-74.27297561388069, 5.084564562155735], [-74.27319937283775, 5.084564495740079], [-74.2734417870337, 5.084589355844444], [-74.27371528959164, 5.084657831863585], [-74.27394528916726, 5.0847450172379425], [-74.27404477988, 5.084900792820576], [-74.27401374360224, 5.085037923291027], [-74.27393920232366, 5.085181293299265], [-74.27387638558123, 5.085283107981131], [-74.27385843832154, 5.085312196596624], [-74.27376524595316, 5.085449337719297], [-74.27367826694208, 5.085574011978971], [-74.27358507271123, 5.085711158525871], [-74.2734670375974, 5.085910627058067], [-74.27336763374699, 5.0860851649908], [-74.2732620248284, 5.086253476580202], [-74.27318124716857, 5.086353213117492], [-74.27315268412667, 5.086385694894158], [-74.27323563405473, 5.086411934896018], [-74.27336392026135, 5.086411899463518], [-74.27344639628052, 5.086421059545632], [-74.27357468608605, 5.0864210231587785], [-74.27373963088296, 5.086420974914791], [-74.2738312774732, 5.086457699661619], [-74.27387711125218, 5.086522008228618], [-74.27396876332124, 5.086577112150663], [-74.27408790708756, 5.086623019594444], [-74.27421619782051, 5.0866321676963], [-74.27422242510431, 5.086634566674885], [-74.27433533980646, 5.086678078710043], [-74.2744361625313, 5.086760747249364], [-74.27450075220187, 5.086809758292798], [-74.27455778790531, 5.086853036073937], [-74.27467445394015, 5.086898503125279], [-74.27474777309017, 5.08692604767372], [-74.27485777012232, 5.087036272660967], [-74.27495635391278, 5.087071548470307], [-74.27498607189452, 5.087082178067049], [-74.27511437913378, 5.087137272581165], [-74.27520603046553, 5.087192378089216], [-74.2752789344641, 5.087234989208828], [-74.27531601206805, 5.087256664494259], [-74.27540766338042, 5.087302579007424], [-74.27547182943732, 5.087376069215649], [-74.2755359964116, 5.087449559411889], [-74.27557266801021, 5.087513866030807], [-74.27557999600128, 5.087550548394138], [-74.27559102488264, 5.087605748301435], [-74.27560936807646, 5.087670061346158], [-74.27566438005701, 5.0877711189899], [-74.2757285424855, 5.087826231771382], [-74.27583851039138, 5.0878353859102186], [-74.27591756147818, 5.087805724733913], [-74.27592036891242, 5.087749043423774], [-74.27592045316727, 5.087747382044618], [-74.27613568978504, 5.0879568068081635], [-74.27639196400428, 5.0878588277451495], [-74.27664215206111, 5.0878159158981955], [-74.27693505795706, 5.087772998008596], [-74.27728291187603, 5.087809607865044], [-74.2777507353814, 5.087927719132424], [-74.27788823974018, 5.087996603792161], [-74.2780944984871, 5.088088452428824], [-74.2782625765919, 5.088203279923974], [-74.27839245151763, 5.088310464340539], [-74.2784841385693, 5.088409997534019], [-74.27853000236199, 5.0885248747612115], [-74.27867333386729, 5.0887041629375975], [-74.27888872275612, 5.088832062906703], [-74.27904828315276, 5.088951976610173], [-74.27926365723809, 5.0890238956537885], [-74.27942317334937, 5.088999857696152], [-74.27964650373251, 5.088983791768582], [-74.27977384625355, 5.088979634545214], [-74.27989375752726, 5.088975719168811], [-74.28011710925308, 5.089047623857494], [-74.28021293825452, 5.089121063145785], [-74.28025273514385, 5.089151561692692], [-74.28041876370705, 5.089374551191983], [-74.28063984418294, 5.089430838827046], [-74.2807695779705, 5.089532984060698], [-74.28086223514914, 5.08957940320812], [-74.28105683364386, 5.089718693403179], [-74.28150416385881, 5.089924905242869], [-74.28162838595134, 5.090002701344122], [-74.28173709985896, 5.090127198649212], [-74.28180699494762, 5.0902594884103785], [-74.28186914276723, 5.0904151445954815], [-74.28196232479286, 5.090547434107072], [-74.2820632825947, 5.090703066364066], [-74.28215645881451, 5.090788643859043], [-74.28241264615227, 5.09090532117987], [-74.28265329833015, 5.090983078707328], [-74.2828473808607, 5.091099770965566], [-74.28297937744766, 5.091216471969346], [-74.28309584633251, 5.091317620561082], [-74.28318128715065, 5.091496615470393], [-74.2832434237037, 5.0916522578549746], [-74.28332885233473, 5.091784552552233], [-74.28340651917071, 5.091932402592697], [-74.28346090458027, 5.092080266463697], [-74.28347648892277, 5.092290411580809], [-74.28359296840416, 5.092422686813792], [-74.28375601175446, 5.09254717746145], [-74.28398891206584, 5.092656071143548], [-74.28411058789077, 5.092681714625395], [-74.28428389517825, 5.092718240191669], [-74.28451678906808, 5.09281157025111], [-74.28477298887137, 5.092967155255838], [-74.28492051662761, 5.093091640297682], [-74.28514564970463, 5.09319275052932], [-74.28537075364312, 5.093216028337574], [-74.28558032457454, 5.093184827646153], [-74.28576659426508, 5.093106936201971], [-74.285847653717, 5.093054072587693], [-74.28592180829867, 5.093005708742218], [-74.28613138310477, 5.092997863386481], [-74.28634097348103, 5.093005577708313], [-74.2865738625363, 5.093067772905845], [-74.28671360261268, 5.093153346887328], [-74.28693872478115, 5.093192189300315], [-74.28717934815195, 5.093168760635822], [-74.2873578741359, 5.093168705735859], [-74.28754416542637, 5.093153085434659], [-74.28773266284045, 5.093222201998899], [-74.28805215875464, 5.093304464473622], [-74.28837700325862, 5.093533709090225], [-74.28857516614875, 5.094020666634243], [-74.28867425050976, 5.0943042671274625], [-74.28880163897959, 5.094587855217594], [-74.28882999173345, 5.0948147499638035], [-74.28888664161785, 5.0950558186245125], [-74.28899983770768, 5.095225957472743], [-74.28909893608989, 5.095509556864224], [-74.28924047636593, 5.0958640513990545], [-74.28936785019923, 5.096105100326485], [-74.28933962769327, 5.096332015197532], [-74.28926392369061, 5.096496630608279], [-74.2892548321983, 5.0965163986950035], [-74.28911345556273, 5.09670080332393], [-74.28909794403135, 5.096728823341373], [-74.28908865394338, 5.096734072582499], [-74.28906446094325, 5.096744929756426], [-74.28905325183858, 5.0967485134972055], [-74.28904226875896, 5.096750958552799], [-74.28902067971971, 5.0967526485528465], [-74.28899927714926, 5.096750557945349], [-74.28898592535685, 5.096747553644094], [-74.28898491878076, 5.096747326748503], [-74.28895548727174, 5.0967371886998185], [-74.28893245979937, 5.096727068577341], [-74.28888459250295, 5.096704350109051], [-74.28884816011363, 5.096689018085638], [-74.28881628582766, 5.096679730003431], [-74.2888008729303, 5.096677564954053], [-74.2887787868742, 5.096678439816484], [-74.28875837151642, 5.096685422315517], [-74.28874893978548, 5.096691592012634], [-74.28874007772276, 5.096699714925265], [-74.28872367948463, 5.096721559679184], [-74.2887083135125, 5.096750182898159], [-74.28867699843687, 5.096824529320663], [-74.28863914058799, 5.096916631884543], [-74.28861593487636, 5.096967849973092], [-74.28857387220751, 5.097049620060442], [-74.28854050374169, 5.097106504434123], [-74.28846889897798, 5.097220918100364], [-74.28842026094595, 5.097302296013042], [-74.28839698920584, 5.09734710918874], [-74.28838727436744, 5.097368796686956], [-74.28837529273504, 5.097400858583722], [-74.2883636012154, 5.097448998108296], [-74.28836034702101, 5.097481899359464], [-74.2883601722531, 5.097498797663072], [-74.28836180430422, 5.09752490497015], [-74.28836573486008, 5.0975520219470285], [-74.28837983943899, 5.097608556951224], [-74.28840083710959, 5.097666450716307], [-74.28841783087992, 5.097704797166734], [-74.28843019532307, 5.09772988859692], [-74.28844692424416, 5.097760305952391], [-74.28845674224934, 5.097778155980601], [-74.28847238969061, 5.0978038144703595], [-74.28850443895463, 5.097851966772438], [-74.28859589171022, 5.097978259358771], [-74.28862873590187, 5.098029999378454], [-74.28864303903008, 5.09805620162241], [-74.28866211796424, 5.098097159642691], [-74.28867867239435, 5.098141427937944], [-74.2886861111464, 5.09816528423345], [-74.28870297988429, 5.098235040876119], [-74.28870914383292, 5.0982725865595455], [-74.28871450948094, 5.098331093418166], [-74.28871409826938, 5.098390967239299], [-74.28871133912615, 5.098420968532629], [-74.28870669557071, 5.098450822502668], [-74.28869177006784, 5.098509840529372], [-74.28866948627751, 5.0985677142640995], [-74.28865065911532, 5.098605526289357], [-74.28863637287382, 5.098630347213807], [-74.28860372413303, 5.098678926860912], [-74.28858306187368, 5.098705574679693], [-74.28853807550806, 5.0987570192074445], [-74.2884905004208, 5.098805368189955], [-74.28845628172522, 5.098836829544616], [-74.28839864829138, 5.098889821281514], [-74.28832510440691, 5.09895634715992], [-74.28829535428956, 5.098986060537859], [-74.28825778712327, 5.099031200051373], [-74.28824685455058, 5.099047235024984], [-74.28822722163709, 5.099081016894834], [-74.28821059536726, 5.09911660594848], [-74.28820120452893, 5.099141046093247], [-74.28818653857104, 5.099190867264844], [-74.28817885971226, 5.099228541131497], [-74.28816515853711, 5.099305607370388], [-74.28815527742266, 5.09934574488393], [-74.28814873679225, 5.099366395463861], [-74.28812172864453, 5.099430832096922], [-74.28805022934293, 5.099569303179208], [-74.28803860542969, 5.0995925199924645], [-74.28797715494798, 5.099715242882092], [-74.2879349719841, 5.099787455875666], [-74.28790256465525, 5.099834515878498], [-74.28788520420962, 5.099857614800821], [-74.28783043015687, 5.099930497237068], [-74.28777425148468, 5.100009448233397], [-74.28773750250181, 5.100067633247396], [-74.28766259985423, 5.100196836085311], [-74.28760072206445, 5.1003030654069805], [-74.28750709501672, 5.100451535370965], [-74.28745844436688, 5.1005240047049165], [-74.28741558242051, 5.100584739912095], [-74.28738797868435, 5.100623851609294], [-74.28736595737982, 5.100653674350858], [-74.28732388487495, 5.100708015595095], [-74.28730677966952, 5.100728353470199], [-74.28728326305583, 5.100756318042061], [-74.2872288445319, 5.10081341468819], [-74.28720056179108, 5.100839638931708], [-74.28715621139258, 5.100877065059466], [-74.28706802348768, 5.10094893136198], [-74.28702876879252, 5.10098549857974], [-74.28701136112967, 5.101004402051158], [-74.2869814949682, 5.101043882000329], [-74.28696417114418, 5.101071352811863], [-74.28693150593826, 5.101128539785717], [-74.28690507867994, 5.101173011841434], [-74.28689012289148, 5.10119562458657], [-74.28685961799047, 5.101236083897174], [-74.28684257163897, 5.101256083255387], [-74.28681496439563, 5.1012853100587225], [-74.2867695144978, 5.101326173883342], [-74.28672000582986, 5.10136162791833], [-74.28669400815178, 5.101376692349391], [-74.2866401776542, 5.101401064050449], [-74.28660348396245, 5.10141415029909], [-74.28655753892464, 5.101428423161935], [-74.28653008084085, 5.101436954268502], [-74.28650394508925, 5.101445673638226], [-74.28647668664101, 5.101454766221232], [-74.28645104213842, 5.101465029091783], [-74.28642629000937, 5.101476621129233], [-74.28637947384551, 5.101503412669247], [-74.28633601375678, 5.1015339297699995], [-74.28630879315047, 5.101555685792527], [-74.28625820466365, 5.101600835041004], [-74.28621238765365, 5.101646336653382], [-74.28619125519381, 5.10166941505871], [-74.28616182056707, 5.101704960073362], [-74.28612287931615, 5.101761681862635], [-74.28609000021355, 5.101823888150369], [-74.28607075904743, 5.101868244470047], [-74.28603631258164, 5.10196265286336], [-74.28602023774059, 5.102011966554786], [-74.28599159991737, 5.102109169997891], [-74.28597525143641, 5.102175142433355], [-74.28597316968366, 5.102185564419614], [-74.28596069342966, 5.102248008543583], [-74.28595338055854, 5.102279668416244], [-74.28594577673927, 5.102303429098999], [-74.28594378497725, 5.102309649033389], [-74.2859375942979, 5.102324366167486], [-74.28593022962298, 5.10233907207971], [-74.285911976622, 5.102368974118551], [-74.28588925080163, 5.102400331879165], [-74.28583134782693, 5.102471391016076], [-74.2857668080893, 5.1025465920184825], [-74.28571888289827, 5.102602434227961], [-74.28565548554667, 5.102670392761942], [-74.28562662710307, 5.102699411228372], [-74.28556976504485, 5.102755785243041], [-74.28552978036662, 5.102797902990589], [-74.28549391889773, 5.102841087382873], [-74.28547804387473, 5.102863425088149], [-74.28546374831637, 5.102886382132041], [-74.2854391066098, 5.1029330872508165], [-74.28541155570322, 5.102993403608769], [-74.28539873134403, 5.103021070790621], [-74.28537903826204, 5.103057385281527], [-74.2853594117859, 5.103083188623769], [-74.28534803380022, 5.103094025514796], [-74.28532799966732, 5.103108148755755], [-74.28530334679931, 5.103120238209379], [-74.2852889189673, 5.103125706714291], [-74.28523541588127, 5.103140589999524], [-74.28520198560638, 5.103147634679455], [-74.2851636780789, 5.103154690926212], [-74.28507543472, 5.103169033877235], [-74.28494458091237, 5.103188852838353], [-74.28487848703888, 5.103199156777827], [-74.28478469844634, 5.103215219944989], [-74.28474206210308, 5.103223555161614], [-74.28466586906472, 5.103240714112587], [-74.28460059723291, 5.103258278276567], [-74.28456244345469, 5.103270056315022], [-74.28449709464432, 5.103293382366771], [-74.2844436032213, 5.103316421404759], [-74.28442035715864, 5.103328536970625], [-74.28438886113067, 5.103348540761971], [-74.28437905842881, 5.103356545192624], [-74.28436029806716, 5.10337186290898], [-74.28434672769635, 5.103385161598702], [-74.28432017883597, 5.10341535435968], [-74.28426321182971, 5.103484390232251], [-74.28422921420442, 5.103519704556885], [-74.2842100549174, 5.103536800993465], [-74.28416722705961, 5.103569095571095], [-74.2840757966029, 5.103627082204724], [-74.28401704393173, 5.103666248876295], [-74.28400171679273, 5.103678715042288], [-74.28397745457502, 5.103703048286186], [-74.28395982274921, 5.103726836253675], [-74.28395062009653, 5.103742549251711], [-74.28393532449931, 5.103774055891207], [-74.28392167139607, 5.103801574523248], [-74.2839113958377, 5.103822283238041], [-74.28389596398243, 5.10384653006272], [-74.28387654512501, 5.103870599374683], [-74.28386494182696, 5.103882505263974], [-74.28383768575296, 5.103906032888337], [-74.28377326342334, 5.103953339573725], [-74.28372393410767, 5.103990694085585], [-74.2837034770301, 5.104008163169697], [-74.28366390539804, 5.104043912065324], [-74.28363294368253, 5.104070357822232], [-74.28359856382882, 5.104095454120375], [-74.28357942999239, 5.104107214005029], [-74.28355874458094, 5.104118314679356], [-74.28351327075899, 5.104138730015484], [-74.283463736779, 5.104157122195346], [-74.28335911375383, 5.104189774583333], [-74.28326683637668, 5.104218541518609], [-74.2832625843582, 5.10421986739959], [-74.28325762893071, 5.104221412742198], [-74.28321142257468, 5.1042401167446885], [-74.28316993620861, 5.104262765274818], [-74.28315135219508, 5.1042760368713465], [-74.28314148290508, 5.104284605111674], [-74.28313434757806, 5.104290800035893], [-74.28312754334331, 5.104298318920947], [-74.2831039747744, 5.104324361730136], [-74.28308537672514, 5.104349188513179], [-74.28304866098063, 5.104403079187075], [-74.28303272662771, 5.104425593415541], [-74.2830184893679, 5.104445708351103], [-74.2830016859997, 5.104467296898896], [-74.28296449803314, 5.104510606915983], [-74.28290832053982, 5.1045679294588275], [-74.28287777457113, 5.104596098905069], [-74.28282939407431, 5.104637358389887], [-74.28275273605969, 5.1046958474084665], [-74.28270107036884, 5.1047313734187725], [-74.28266732062957, 5.10475300757742], [-74.2826338798389, 5.104772542893659], [-74.28260363513114, 5.104790212466686], [-74.28248934935917, 5.104848285320596], [-74.28246084897188, 5.104866436375845], [-74.28244844150028, 5.104876465497844], [-74.28243726312421, 5.104887439487277], [-74.28241847635346, 5.104912223207745], [-74.28240424370439, 5.104940579018709], [-74.28239713459753, 5.104961342927132], [-74.28239052499359, 5.104995528501491], [-74.28238831076493, 5.105006974986808], [-74.28238583955175, 5.105063486304951], [-74.28238714140166, 5.105101962006856], [-74.28238876138327, 5.105125244626845], [-74.28239212491913, 5.105173600213124], [-74.2823940451074, 5.105229898275718], [-74.28239366377052, 5.105234623887293], [-74.28239225733915, 5.105252064848957], [-74.28238789875992, 5.105270614654719], [-74.28238459126206, 5.105278628714451], [-74.28237559538283, 5.105292619462592], [-74.28235068536664, 5.105319790506841], [-74.28232914879273, 5.1053480686179356], [-74.28231463672175, 5.105374315001385], [-74.28228208379733, 5.105444714415676], [-74.2822503685171, 5.105511152765132], [-74.28221464849585, 5.1055771231896365], [-74.28219480870905, 5.105610119141786], [-74.282163790573, 5.105656382743199], [-74.2821325349835, 5.105695314342899], [-74.28211728055078, 5.105710809599664], [-74.28210248458412, 5.1057231570563975], [-74.28209290906719, 5.10572972510097], [-74.2820745143807, 5.105739309255552], [-74.28204893980595, 5.105746296503835], [-74.28203338298077, 5.105747206129105], [-74.28200624330114, 5.1057435443249375], [-74.28198192750506, 5.105735981728817], [-74.28193919203856, 5.1057163388699935], [-74.28193849658167, 5.105716019960532], [-74.28190236373706, 5.105701825269785], [-74.28188711077135, 5.10569716254363], [-74.28188277406198, 5.105695835722386], [-74.28185386832673, 5.105689840346285], [-74.28183019361892, 5.105688842576527], [-74.28181897543396, 5.105690233933568], [-74.28180254294865, 5.105695050406069], [-74.28177798071839, 5.105709253189803], [-74.28175244873563, 5.105732692269343], [-74.28173463301987, 5.1057530097736326], [-74.28169668134882, 5.105803062924222], [-74.28165346399922, 5.105862935493563], [-74.28162727523197, 5.105895538763613], [-74.28157868940974, 5.105946640991362], [-74.28152404289823, 5.105993010559396], [-74.28149321446531, 5.106015779799336], [-74.2814468212888, 5.106046384890502], [-74.28144365901933, 5.106048471332061], [-74.28139126100199, 5.106078383570177], [-74.28136439733443, 5.106091944912526], [-74.28131707294727, 5.106113028863832], [-74.28130999651114, 5.106116180825822], [-74.28120040788637, 5.106160967162923], [-74.2811462133717, 5.106186406034044], [-74.28111948701046, 5.10620095603803], [-74.28109556393875, 5.106216228808535], [-74.28107265294898, 5.106230858057229], [-74.2810494454638, 5.106247954374889], [-74.28101468524254, 5.106276566484202], [-74.28096217763206, 5.106326754521808], [-74.28090849897771, 5.10638661084542], [-74.28088095911579, 5.1064204835118145], [-74.2808650823426, 5.106441153624219], [-74.28085285165224, 5.106457079846009], [-74.28081938943954, 5.1065036360180915], [-74.280795308522, 5.106537139862025], [-74.28074422923866, 5.106612746232447], [-74.28073681369062, 5.106623722651076], [-74.28072723661471, 5.106638613917584], [-74.28062091804483, 5.106803903651419], [-74.28051264948138, 5.106977417357134], [-74.28046332435756, 5.1070612149734], [-74.28041817659928, 5.107143800874046], [-74.28039738342915, 5.1071848079747975], [-74.2803790154606, 5.107224264842806], [-74.28035948567202, 5.107266214936555], [-74.28029359015984, 5.107420444295292], [-74.28026266047338, 5.107489562870996], [-74.28024705829819, 5.107521308059606], [-74.28021839483588, 5.107572425688309], [-74.28020338619812, 5.107595419394249], [-74.28017973124373, 5.107626703818398], [-74.28015436957584, 5.107654185162832], [-74.28014092702848, 5.107666505464714], [-74.28011231732197, 5.107688327444098], [-74.28009704277386, 5.10769782571652], [-74.28007280463616, 5.10771034036824], [-74.28004692462083, 5.10772080259379], [-74.27999162683325, 5.107736493510127], [-74.27993444257905, 5.107746925880993], [-74.27982792780799, 5.107760261504574], [-74.27977205030493, 5.10776984707962], [-74.2797517859948, 5.107775433902549], [-74.27974926163728, 5.107776130202274], [-74.27972110129556, 5.107788401131065], [-74.27969975907486, 5.107805120925553], [-74.27969149322205, 5.107815520869372], [-74.27968473187819, 5.1078274143486], [-74.2796753249503, 5.10785486205501], [-74.27967059048424, 5.107885484427615], [-74.27966956139618, 5.107906673226858], [-74.2796713410629, 5.107948168232496], [-74.27967521277121, 5.107985741291283], [-74.27967548871425, 5.108003391537894], [-74.27967059063481, 5.1080293210503465], [-74.279662100427, 5.108046715529544], [-74.27965585460042, 5.108055557907437], [-74.27964359301357, 5.108069128993195], [-74.2796275693886, 5.108083131026379], [-74.27958580468403, 5.1081121434138765], [-74.27953438938154, 5.108141751399574], [-74.27941869025712, 5.10819926395159], [-74.27930653959604, 5.108249676701628], [-74.27925278716378, 5.108271570498316], [-74.27917363767322, 5.108299949845471], [-74.27913868515719, 5.108310867147524], [-74.27906938326534, 5.108331517973379], [-74.27901835264556, 5.108348088830019], [-74.27898113889191, 5.108362705827585], [-74.27896855607906, 5.108367649390829], [-74.27894424542126, 5.108379114590095], [-74.27889667155324, 5.108406038487328], [-74.2788651661256, 5.1084265334331995], [-74.2788005351767, 5.108471910297714], [-74.27872132267511, 5.108526799407767], [-74.27866250667448, 5.108564020585717], [-74.2785312544695, 5.108643594037994], [-74.27842331283371, 5.108712942948711], [-74.2783904266667, 5.108726570496197], [-74.27837116480173, 5.108733502533125], [-74.27833827647636, 5.108742854910702], [-74.27832434374305, 5.108745544586876], [-74.27832394406123, 5.108745579765525], [-74.27830069680753, 5.108747703499559], [-74.27828160380362, 5.108746499251092], [-74.27825199294439, 5.108738571589656], [-74.27819613429202, 5.108717210197813], [-74.27816670186499, 5.108705063101521], [-74.27813328334565, 5.108691393930078], [-74.27808442397105, 5.108673909216648], [-74.27805935852798, 5.108666971387927], [-74.27802201866481, 5.108660320398929], [-74.27799710940525, 5.108658429222068], [-74.27798037097844, 5.108658278888067], [-74.27794627125702, 5.10866059523167], [-74.27790621290909, 5.108666883744283], [-74.27781401090364, 5.108683199029215], [-74.2777402854308, 5.108690168035019], [-74.27770214577062, 5.108691570421911], [-74.2776472299715, 5.108690641069823], [-74.2775980501278, 5.108685847659059], [-74.27756801629451, 5.108680772730619], [-74.27751160913077, 5.108667217157228], [-74.2774698036997, 5.108654785219569], [-74.27737392500866, 5.1086230557167225], [-74.27729353347961, 5.10859756200247], [-74.27725053798697, 5.108586580095319], [-74.27720757955319, 5.1085788191946095], [-74.27718657423301, 5.108576609867802], [-74.27716606604145, 5.108575727795272], [-74.27713422531511, 5.108577315759765], [-74.27712609573268, 5.108577722814433], [-74.27710288328096, 5.108581476882581], [-74.27708651495031, 5.108584125235411], [-74.27705974959241, 5.108590483146277], [-74.27700367591189, 5.108607264763187], [-74.2769422024887, 5.108628183004987], [-74.27690908957673, 5.108639884617805], [-74.27685621888617, 5.1086587300291635], [-74.27676910632859, 5.10868923947919], [-74.27670565823146, 5.1087104828352], [-74.27656947075643, 5.108751390143006], [-74.2764988869283, 5.1087691180585555], [-74.27646345523767, 5.108776889294694], [-74.2764280859257, 5.108783807179543], [-74.27637188225336, 5.108793289994414], [-74.276357843289, 5.108795659542644], [-74.27628864626331, 5.108806024138706], [-74.27615530320834, 5.108827876976706], [-74.27609207571305, 5.108841603675394], [-74.27597412257994, 5.1088693595419725], [-74.27591990453134, 5.108879512447123], [-74.27589409319948, 5.108882803863122], [-74.27586913902424, 5.108884676658065], [-74.2758208257546, 5.108885068601885], [-74.27575633275866, 5.108882192911873], [-74.27572253896031, 5.108880892956104], [-74.27566800258361, 5.108881119016767], [-74.27563850365786, 5.108882795449755], [-74.27557629514942, 5.108889339588546], [-74.27553385474853, 5.108895774751528], [-74.27545138493097, 5.108912672967306], [-74.27539575229132, 5.108928025810646], [-74.27535319848879, 5.10894328660109], [-74.2753339911641, 5.108951819942886], [-74.27530702876255, 5.108966253514643], [-74.27526890541216, 5.1089928218197755], [-74.27525007031915, 5.109008888684305], [-74.27521093468604, 5.109047875561469], [-74.27515316181915, 5.1091158358707816], [-74.27512264561061, 5.1091561655270255], [-74.27507640123514, 5.109223548277965], [-74.27503124854202, 5.109298141919453], [-74.27500966079069, 5.10933774446616], [-74.27498901138694, 5.109378655297505], [-74.27495067196757, 5.1094630144698385], [-74.27491637261544, 5.109548356368482], [-74.27489580982851, 5.109604331034373], [-74.27486033466857, 5.109710215123729], [-74.2748464417252, 5.109756799192626], [-74.27483117723769, 5.109807983273717], [-74.27482895497144, 5.109815432380528], [-74.27479514647023, 5.109942764146017], [-74.27477891492609, 5.11000642371585], [-74.27472259784557, 5.110228871121761], [-74.2746885334551, 5.110375583300738], [-74.27465316631253, 5.110536592998328], [-74.27463205551635, 5.110630340519235], [-74.27459386521005, 5.110790177781057], [-74.27454550032198, 5.1109759043898695], [-74.2745419803696, 5.111013907538934], [-74.27453360985376, 5.1111042656981915], [-74.2744108356503, 5.1112822005693515], [-74.27436993513413, 5.111419054979768], [-74.2741652906391, 5.111651752663009], [-74.27390603864482, 5.111829725226013], [-74.27366039292666, 5.111870854999422], [-74.27330555663825, 5.111884648554569], [-74.27301896804069, 5.111925787919836], [-74.27278699913971, 5.112062702231922], [-74.27263692815777, 5.1122406431545295], [-74.27252781235651, 5.112459623233476], [-74.27252172357265, 5.1125147186524655], [-74.27250059194954, 5.112705951220241], [-74.27233688206043, 5.112911263167331], [-74.27220044150067, 5.1130344637335385], [-74.27200939442878, 5.113102943542496], [-74.27157269278082, 5.113185180426377], [-74.27134090888961, 5.113203129033839], [-74.27132824679202, 5.113204110519553], [-74.27121785987748, 5.113212658118339], [-74.27109216018235, 5.1132036946899975], [-74.27102678872313, 5.113199033386536], [-74.2708630163267, 5.113199081210722], [-74.27079730938041, 5.113199099273481], [-74.2705491182296, 5.113199174115917], [-74.27016697404068, 5.1131719205698545], [-74.26988034652499, 5.113089902694645], [-74.26945725594798, 5.113048974116383], [-74.26939624035332, 5.113043893234371], [-74.26896592540233, 5.113008067224836], [-74.26820165873154, 5.113021979887122], [-74.26746467402884, 5.112994831176401], [-74.26686417516686, 5.112995008369877], [-74.26641379592374, 5.1129814566749126], [-74.26619540515605, 5.112885730176454], [-74.26601539919626, 5.112781308639877], [-74.26593605424812, 5.11273528058041], [-74.26547200857532, 5.112653310455331], [-74.26533024070686, 5.112620778500353], [-74.26508174408383, 5.112563755095289], [-74.26498063429163, 5.112540552775724], [-74.26481687448285, 5.112502975473315], [-74.2647016580364, 5.112484524909974], [-74.2644756653727, 5.112448336991988], [-74.26401159937846, 5.112297947248462], [-74.26364420636457, 5.1121998252869], [-74.2636021377776, 5.112188590009898], [-74.26337012695888, 5.112188657231784], [-74.26323364962992, 5.112188699024186], [-74.26296069583691, 5.112188774376859], [-74.26272866463613, 5.112120421059784], [-74.26251024411957, 5.111915220047226], [-74.26250228742592, 5.111908576357961], [-74.26226452575727, 5.111710027420345], [-74.261913593561, 5.1114395149068015], [-74.26190960803842, 5.1114364427969745], [-74.26185611050973, 5.111397844173687], [-74.26156834576067, 5.1111902221718735], [-74.26130895776477, 5.110902926848034], [-74.26107227310231, 5.110737936162152], [-74.26099499872018, 5.110684068567928], [-74.2607220378534, 5.110656780635348], [-74.26035359861694, 5.110821095222429], [-74.26027551013927, 5.110854397997151], [-74.25980775627312, 5.11105388451612], [-74.2591079982469, 5.111269989752315], [-74.25909813753032, 5.11127303568507], [-74.25900816677407, 5.111215077701765], [-74.25871593403745, 5.1110268257723455], [-74.25830641894791, 5.110725886806949], [-74.25773310961742, 5.110342887063771], [-74.25735089884333, 5.1100693075234735], [-74.25705059699249, 5.109877810384238], [-74.25681855626404, 5.109768400832683], [-74.25658649459852, 5.109576887328267], [-74.25654934682116, 5.109543381843046], [-74.25631347291598, 5.1093306452997655], [-74.25593129412222, 5.109166538843361], [-74.2555900687617, 5.109043477215335], [-74.25530259858517, 5.108905218936474], [-74.25524883218151, 5.108879360714112], [-74.25519165043579, 5.108822055385515], [-74.25500310554641, 5.1086331079564165], [-74.25475454554794, 5.108416509296522], [-74.25468913566958, 5.108359511339259], [-74.2541840986918, 5.108085963144293], [-74.2540230452136, 5.107956846202424], [-74.25401223679756, 5.107948181179302], [-74.25397934067738, 5.107921808819285], [-74.25388134487598, 5.107828512954077], [-74.25386812761134, 5.107815928487084], [-74.25378712895231, 5.107738817146664], [-74.25370631744555, 5.107661880958005], [-74.25346060703507, 5.107470368132317], [-74.2533403839399, 5.107413306935057]]]], "type": "MultiPolygon"}}, {"type": "Feature", "properties": {"CODIGO": "25777000100000008", "SECTOR_CODIGO": "257770001", "NOMBRE": "PARAISO", "Area_ha": 643.2493881789711, "Perimetro": 13540.418028214963, "Shape_Length": 13532.730390758481, "Shape_Area": 6432493.881789711, "USO_CAMP": "Descanso", "Descripcion": "60% Vivienda de descanso y 40% caf\u00e9."}, "geometry": {"coordinates": [[[[-74.235918950495, 5.023141015920449], [-74.23610631391354, 5.023322509798126], [-74.23624777445742, 5.023480059599188], [-74.23625566547021, 5.02361400341692], [-74.23624000799725, 5.023866132653541], [-74.23622436260284, 5.024141901065479], [-74.23618513022389, 5.024386160566123], [-74.2363894215335, 5.024457019395738], [-74.2366330080291, 5.02455151432407], [-74.23681371435622, 5.024543585720873], [-74.2370022781394, 5.024527787469979], [-74.23714368663796, 5.024480477955124], [-74.2373558221676, 5.024464665662959], [-74.23758368356256, 5.024535526417272], [-74.23779583458122, 5.024637906248158], [-74.23794515415919, 5.024771806837718], [-74.23810232266518, 5.024905714193256], [-74.23827520786763, 5.025055377949596], [-74.23843237874999, 5.025197164309267], [-74.23873882818953, 5.0253310340674995], [-74.23890384719093, 5.025441301546764], [-74.23912385876939, 5.025520039383064], [-74.23935955950165, 5.025527861476503], [-74.23962668944604, 5.025512032528517], [-74.23986237881459, 5.025464709681186], [-74.24009809073856, 5.025464653276163], [-74.24039668211323, 5.025590640774731], [-74.24060098219537, 5.025708775471967], [-74.24071101086496, 5.025850567562151], [-74.24078177468436, 5.026039649312901], [-74.24080538490519, 5.026212987448832], [-74.24086827590851, 5.026362666863195], [-74.24101757600219, 5.026457176384369], [-74.24122737025337, 5.026616225939714], [-74.24134310491166, 5.026777878493598], [-74.24141277442435, 5.026912542194961], [-74.24146509472385, 5.027013670350652], [-74.24156093139136, 5.027118465169292], [-74.24174385331804, 5.0271882958860825], [-74.24204871893126, 5.027301761359808], [-74.24229263164013, 5.027441454820926], [-74.24243205330204, 5.027712182362496], [-74.24257146387323, 5.0279217752845495], [-74.24278924472758, 5.028096405153093], [-74.24296349802192, 5.028314719946689], [-74.24324225567635, 5.028489336458441], [-74.2436429494835, 5.028663930056877], [-74.24401641796453, 5.0287970317755235], [-74.24414709131842, 5.028917099728999], [-74.24424512212664, 5.029091765714402], [-74.24428872852717, 5.02934286012022], [-74.24432144457519, 5.029572126810973], [-74.24432148489706, 5.0297359022556565], [-74.24437597207294, 5.0299324129681375], [-74.24447399147176, 5.030063400889824], [-74.24465398687398, 5.030169513627401], [-74.2446283335248, 5.030298316480099], [-74.2445832837229, 5.030615091275598], [-74.24449312829312, 5.03098844690209], [-74.2444932084105, 5.031316527976826], [-74.24452473511049, 5.031390250639505], [-74.24456093561517, 5.031474893592803], [-74.24469633972672, 5.031587990607999], [-74.24489944132367, 5.031735011695511], [-74.24515895146048, 5.031893330010701], [-74.24535076422248, 5.0320177277664335], [-74.24542974996805, 5.032062960275902], [-74.24545226844032, 5.03189325597309], [-74.2456440159994, 5.031746138783374], [-74.24591471548, 5.031519811726252], [-74.24608572928766, 5.031465606681823], [-74.24612904406439, 5.031451878355047], [-74.24626444668787, 5.031553663028901], [-74.24646113558983, 5.0316231751970895], [-74.24646567597203, 5.031675394029478], [-74.24646715560304, 5.031692407985104], [-74.2465676280062, 5.031723797235429], [-74.24656776228481, 5.031722764588717], [-74.24666089874272, 5.031615975129095], [-74.246674739255, 5.031600109011886], [-74.24681994719172, 5.0316000735561195], [-74.2469957435543, 5.031661350134975], [-74.24716388931101, 5.031668965197503], [-74.24734730802633, 5.031638264791899], [-74.24753836719239, 5.031607563276991], [-74.24771415594341, 5.031607519717476], [-74.24794345207191, 5.031676438712217], [-74.24808868508512, 5.031753041301101], [-74.24818807267327, 5.031875649046408], [-74.24829509624946, 5.031998243941108], [-74.2481952205625, 5.032163053914699], [-74.24815994147329, 5.032221269192008], [-74.24789411365661, 5.03265993235269], [-74.24804602974729, 5.032824885911457], [-74.24821058424472, 5.032913688033177], [-74.24844475570195, 5.033015165131887], [-74.24862828174925, 5.033091271543161], [-74.24883712860039, 5.033154668315716], [-74.24895735915626, 5.033141952233063], [-74.24908390953762, 5.033103838644767], [-74.24915987310516, 5.033192667452197], [-74.24919153135512, 5.033268810753167], [-74.24916624524029, 5.033364004601156], [-74.24915993252637, 5.033433806547397], [-74.2492675560819, 5.033611464061299], [-74.24936250263961, 5.033712975317182], [-74.24949541251044, 5.033782744430288], [-74.24963464544327, 5.033865205812938], [-74.24977389026121, 5.033934970837791], [-74.24978658231748, 5.034093619412648], [-74.24994482482165, 5.034239532924156], [-74.25003341139819, 5.034207786767678], [-74.25014099649239, 5.034252179170881], [-74.25016632825432, 5.034315625568684], [-74.25011572910365, 5.034429867238333], [-74.25000818267478, 5.034531432391639], [-74.24997657711063, 5.034671042844962], [-74.25000823995792, 5.034759884157454], [-74.25011581727387, 5.034778891206802], [-74.25021073712364, 5.034734449221156], [-74.2502676621867, 5.034664631516593], [-74.2503625994425, 5.03468364108925], [-74.25044487156562, 5.034734388563851], [-74.25050817572964, 5.03481051980884], [-74.2505271849526, 5.034912050914286], [-74.25060313922123, 5.034975483262962], [-74.25069173672817, 5.034988160428003], [-74.25076136332288, 5.035051592243069], [-74.25079302810303, 5.035140433481779], [-74.25086266204264, 5.035248297758288], [-74.25095759507289, 5.035299042523189], [-74.25107152461035, 5.035362464237107], [-74.25118544115998, 5.035419554092553], [-74.25130567366335, 5.035419522912118], [-74.25141957513404, 5.035381413209146], [-74.25148286694638, 5.035444860717836], [-74.25146391721225, 5.035571781312808], [-74.25151457443926, 5.035692339350074], [-74.25158421167735, 5.035806551640773], [-74.2516411957426, 5.035927104728177], [-74.25166654224363, 5.036047667986642], [-74.25167289058753, 5.036130165351583], [-74.25167924122651, 5.0362063127586865], [-74.25176150707223, 5.036225329242037], [-74.25185643169478, 5.036212617745481], [-74.25195135120323, 5.036218931672331], [-74.25205895716488, 5.03631409697701], [-74.25219820469609, 5.0364282847009685], [-74.25238810455751, 5.036624953213724], [-74.25251469097788, 5.036732802589292], [-74.2525716747878, 5.036872403571945], [-74.25259070583103, 5.037024690647729], [-74.25258440462265, 5.0371389222633445], [-74.25270465109068, 5.037196005887779], [-74.25288185065459, 5.037227682258439], [-74.2529704511445, 5.037240355400824], [-74.25295149096559, 5.037354580619086], [-74.25295785331325, 5.03748149859065], [-74.25298320590632, 5.037633791546816], [-74.25309714358475, 5.037728957053315], [-74.25313513152088, 5.037836819441094], [-74.25314150779673, 5.037995468116005], [-74.25315417603625, 5.038065266910828], [-74.25319217358252, 5.038154103851984], [-74.25318586805072, 5.0382556418908], [-74.2531542449916, 5.0383254527211045], [-74.2531163018123, 5.038414305667962], [-74.25310366365134, 5.0384968006329345], [-74.25317961771619, 5.038560243367377], [-74.25326822148368, 5.038591955404146], [-74.25335049846174, 5.038610967053959], [-74.25335052519755, 5.038712501934096], [-74.25335689650935, 5.038902873194388], [-74.25336327192294, 5.039086900830213], [-74.25336964787837, 5.03925189942916], [-74.25336970493811, 5.039480349968445], [-74.25335077661258, 5.0396897610137], [-74.25337612194282, 5.03981033312857], [-74.25345839580673, 5.039873766317116], [-74.25354065149604, 5.039816628334686], [-74.25355498597739, 5.0398038456139345], [-74.25359759579166, 5.039765848370398], [-74.25369251716296, 5.039765824627031], [-74.2537431667425, 5.039867343324868], [-74.25375585089054, 5.039956186461059], [-74.25376855153539, 5.040140217242847], [-74.25376226583907, 5.040317902111139], [-74.25380658109977, 5.040362309720463], [-74.25390151957102, 5.0404257401184465], [-74.25393950119296, 5.04050187889792], [-74.25397116817322, 5.040584371654525], [-74.25406608606632, 5.0405716597038985], [-74.25415468833512, 5.040590668936235], [-74.25414838213459, 5.040679512484069], [-74.25414207413421, 5.040768357845121], [-74.25421170266674, 5.040806410068369], [-74.25431294876947, 5.04080004667069], [-74.25439521296227, 5.040812712713977], [-74.25440157084272, 5.0409078971492], [-74.25433831231553, 5.040996757378439], [-74.25427504386326, 5.041060229604594], [-74.2543636552306, 5.041104636744813], [-74.25447123627225, 5.041136329091436], [-74.25459152961201, 5.041333027591233], [-74.2547118261559, 5.041574131319483], [-74.25488347786144, 5.041847400419539], [-74.25495203677659, 5.042005942465424], [-74.25499423153195, 5.042138056188186], [-74.25497845922312, 5.042280761317271], [-74.25503119479758, 5.042375876978576], [-74.25512608647615, 5.042476274927467], [-74.25519989303821, 5.042566106510976], [-74.25532113994589, 5.042650633853513], [-74.25544238982361, 5.042761586982083], [-74.25554255798016, 5.0428778323109755], [-74.25566909362753, 5.043073352084514], [-74.2558114600642, 5.043290011010718], [-74.25589054005665, 5.043406263522764], [-74.25595908830806, 5.043517229675759], [-74.2559696622101, 5.043638790976418], [-74.256011856404, 5.043749762812264], [-74.25610148174292, 5.043829021731435], [-74.25619635971005, 5.043876559682001], [-74.25635977835103, 5.044003361962946], [-74.25646521877542, 5.044135459045223], [-74.25654229888511, 5.044259353673873], [-74.25665507240012, 5.0443033019346215], [-74.25678662995404, 5.044366076358698], [-74.25690567471707, 5.044479121629083], [-74.25696209790922, 5.044642421596258], [-74.25706236152769, 5.0447868728266005], [-74.25718767390308, 5.044887342635203], [-74.25730044934534, 5.044962694793479], [-74.25736936711566, 5.045006651760264], [-74.25743203254652, 5.045107137795106], [-74.25746338180349, 5.045232762981845], [-74.25755111151061, 5.04533952326864], [-74.25763256650309, 5.045396034550827], [-74.25772654028252, 5.045458827180915], [-74.25779547171197, 5.045565596670083], [-74.25788946868124, 5.045684920663015], [-74.2579145599272, 5.04579797747907], [-74.25792083636246, 5.0458607996503515], [-74.25790834844084, 5.0460115583592104], [-74.25792718309232, 5.046168588242926], [-74.25798357576687, 5.0462188279101365], [-74.25809008531508, 5.046313024637982], [-74.25809011418725, 5.046419815332195], [-74.25805882952672, 5.046551730744861], [-74.25805260300923, 5.046677366210422], [-74.25816537654474, 5.04675900200104], [-74.2582656186535, 5.046834349208001], [-74.25831575746656, 5.046897155137939], [-74.2583032651662, 5.047047913840595], [-74.25830329574514, 5.047167262335491], [-74.25830332941784, 5.047292895612656], [-74.25832842268802, 5.047405963228067], [-74.25835350370276, 5.047525305699376], [-74.25840365295794, 5.047625792267119], [-74.25851015012172, 5.047688586648914], [-74.25857915519117, 5.048021490555254], [-74.25864810881659, 5.048203634727704], [-74.25870367349253, 5.048327842922692], [-74.25902577100095, 5.048986217051284], [-74.25912761201403, 5.049105304687525], [-74.2592069477281, 5.049198078943479], [-74.25934284129171, 5.049341834256321], [-74.25951647722388, 5.049530993666332], [-74.25958942494347, 5.049607956990014], [-74.25965991159309, 5.049682312901593], [-74.2597505007073, 5.049773108115792], [-74.25983354500784, 5.049871473994024], [-74.25998451914805, 5.049984946723996], [-74.26011285181794, 5.050090866615537], [-74.26025627564766, 5.050204354822225], [-74.26036952160135, 5.050332975665148], [-74.26032121098811, 5.050447568180996], [-74.26028655636347, 5.050529773784423], [-74.26023377982129, 5.050749261006511], [-74.26029418637548, 5.0508400604153785], [-74.26043761331147, 5.050961115417826], [-74.2605508466345, 5.051044333043106], [-74.26064897132859, 5.051104849459989], [-74.26079238693924, 5.051165352046601], [-74.26088298801749, 5.051286421790628], [-74.26094338569939, 5.0513772247392685], [-74.26101135650264, 5.051543704492359], [-74.26108685279094, 5.051649636281905], [-74.26113215970517, 5.0517101692980155], [-74.26116991916025, 5.051816117420776], [-74.261185048801, 5.051952332758892], [-74.26114734582153, 5.052043162598911], [-74.26108697826558, 5.052111290585279], [-74.26102663223018, 5.052209694235012], [-74.26105685409301, 5.052323212140997], [-74.26111725282058, 5.052414010514755], [-74.26122294694973, 5.05253506799662], [-74.26125316526267, 5.052648584982237], [-74.26132113765384, 5.05283020294537], [-74.26148717289323, 5.052799880318082], [-74.26136670095403, 5.053054499819774], [-74.26125400706414, 5.05315949275909], [-74.26118962147328, 5.053264470469585], [-74.26110108124341, 5.053369457144648], [-74.26102866904297, 5.053563258050714], [-74.26095914772901, 5.053665565707305], [-74.26090794695449, 5.053740908910051], [-74.26081136702624, 5.053870123807967], [-74.2606664499505, 5.0539508979772005], [-74.26052957870297, 5.053950935124959], [-74.2604168528134, 5.053942892447306], [-74.26025580339238, 5.053886418912972], [-74.25995593043784, 5.054335865071652], [-74.25989327102523, 5.054660975999624], [-74.25987560508962, 5.05475264728379], [-74.2598649444966, 5.054793810439068], [-74.25980377069986, 5.055029971518486], [-74.25975696450855, 5.05521067897152], [-74.25973286636612, 5.055396384787666], [-74.25978925872947, 5.0555094067429005], [-74.25982954700658, 5.055630494662655], [-74.2598617843236, 5.055759673617178], [-74.25988597939396, 5.0558888482911515], [-74.25988602676996, 5.056066478831883], [-74.25988606585761, 5.056211806904731], [-74.25988609549988, 5.056316767975451], [-74.25987807025258, 5.056421730225509], [-74.25983785293485, 5.056567068685244], [-74.25983789087503, 5.056704325890271], [-74.25986208971683, 5.056890021974511], [-74.25986212379411, 5.057019201980397], [-74.2598138575271, 5.057180694214958], [-74.2597655939504, 5.057342185541036], [-74.25995882355566, 5.0573259821201875], [-74.26010375199401, 5.057317878286855], [-74.26024064727791, 5.057366285222986], [-74.26043389891957, 5.0574146757115255], [-74.26053853807504, 5.057293532213453], [-74.26064319060524, 5.057220834700107], [-74.26078006462409, 5.057228873648982], [-74.26086060205478, 5.057285368662066], [-74.26094114748159, 5.05741453673668], [-74.26098949434913, 5.057551774978262], [-74.26105395073083, 5.057705161596379], [-74.26110231111737, 5.057890846704648], [-74.26109429956922, 5.058044252189032], [-74.26108628027114, 5.058157288879805], [-74.26108631257708, 5.0582784033865575], [-74.26108632972428, 5.058339473210226], [-74.26108634786091, 5.058407579705353], [-74.26092272716325, 5.058478704622158], [-74.2607989736219, 5.058578035250302], [-74.26074123616945, 5.058693903022554], [-74.2606505118211, 5.058851154747673], [-74.26058453260359, 5.059000119159954], [-74.26052679262854, 5.059107720629347], [-74.26041954779912, 5.059231874121793], [-74.26034531258892, 5.059372562953202], [-74.26030410350467, 5.059554629449031], [-74.26030413546253, 5.05967047620776], [-74.26028766642187, 5.059802888589151], [-74.26021342508835, 5.05990220699786], [-74.26010616952513, 5.059984987347279], [-74.26001962677802, 5.060164451150162], [-74.25986139770377, 5.0603106634389015], [-74.25980312930625, 5.0604693820378275], [-74.25987266016571, 5.0606365852277255], [-74.25992815887923, 5.060770045626227], [-74.26003232821034, 5.060953769198051], [-74.26004903033079, 5.061112466805111], [-74.25999492213707, 5.0612168916867315], [-74.25970341926718, 5.061371498416838], [-74.25950771054215, 5.061509364395014], [-74.25933281327751, 5.061592941300446], [-74.25912875160228, 5.061651456556572], [-74.25891638409253, 5.06179351600451], [-74.25878736138955, 5.062106773744239], [-74.25858365864643, 5.062593299610316], [-74.25857925852064, 5.062603810252301], [-74.25836279193734, 5.0630131519901385], [-74.25811632876027, 5.062989894346228], [-74.25783326787844, 5.0629116791861035], [-74.25768685550987, 5.062862786505345], [-74.25752090376531, 5.062745378153273], [-74.25740375302401, 5.062618189004065], [-74.25740235113712, 5.062616482546856], [-74.25726706734879, 5.0624518433359285], [-74.25702397736812, 5.0627567123242905], [-74.25691582229351, 5.062892355638218], [-74.2567596281884, 5.062794525328415], [-74.25649607299992, 5.062677145080888], [-74.25638235060887, 5.062653421880887], [-74.25626181839625, 5.062628275944294], [-74.25608613116658, 5.06260874636943], [-74.25591234064925, 5.062769766458371], [-74.25570168827306, 5.062917070570088], [-74.25553726936438, 5.063075917170128], [-74.25552934464127, 5.063083575448824], [-74.2553186890341, 5.063218080080308], [-74.25508887379257, 5.063346185013149], [-74.2549739736783, 5.06342304227988], [-74.25484633272167, 5.063621543048375], [-74.25479824685891, 5.063774849161416], [-74.25471533922435, 5.063679448622539], [-74.25447241512732, 5.063897145737453], [-74.25420070694602, 5.064140636744781], [-74.25414590310857, 5.063881896412923], [-74.25414321045345, 5.063869184555699], [-74.25413496073236, 5.063712885930268], [-74.25418413162983, 5.063523669520999], [-74.25415948975915, 5.063400285184735], [-74.25414303261873, 5.063186406911514], [-74.25410195819838, 5.062997214244899], [-74.25408550624819, 5.062808010967566], [-74.2540116185199, 5.062594155254042], [-74.25395414932528, 5.062437866890565], [-74.25392128947449, 5.062273357722055], [-74.25390484689125, 5.062117064077539], [-74.25389659684318, 5.061952536193162], [-74.25387192053032, 5.061705751444991], [-74.25381445051758, 5.061533022676589], [-74.25376517695044, 5.061327369250431], [-74.25372412524479, 5.061179314454601], [-74.2537158620029, 5.060973661236692], [-74.25368301337478, 5.060842049912745], [-74.25354352147976, 5.060702235720868], [-74.2534040261399, 5.060578884475902], [-74.25335154414823, 5.060318342455345], [-74.25323047380046, 5.0599968956665675], [-74.25300052707831, 5.0596512087990595], [-74.25266773968967, 5.059287356662795], [-74.25243176938969, 5.059050852588747], [-74.25242084898387, 5.0590350476930395], [-74.25226838943155, 5.058814340182017], [-74.25207473033454, 5.058456508841072], [-74.25192950129374, 5.0582442544128625], [-74.25186108666244, 5.058160453816353], [-74.2517661266915, 5.058044124132654], [-74.25150596254623, 5.057813694998571], [-74.25133050544491, 5.057674236324821], [-74.2512643846227, 5.057579154565854], [-74.25119132574032, 5.057474096193736], [-74.25100548382161, 5.057254592690505], [-74.25085637718755, 5.057078476187722], [-74.2507752098542, 5.056982604532713], [-74.25040422896814, 5.056591223961152], [-74.25023832102656, 5.056649979310742], [-74.25009511319081, 5.05685399147915], [-74.24995903671046, 5.056963219231291], [-74.2498320268839, 5.057081530055352], [-74.24968686644583, 5.057181666572481], [-74.24946911648446, 5.057272712155357], [-74.24925134029158, 5.057281865211222], [-74.24881577107526, 5.057200081071172], [-74.24844372280259, 5.057145583660756], [-74.24823810366911, 5.057011193784434], [-74.24823498317672, 5.057009154018847], [-74.24800808764672, 5.056854523704406], [-74.24775398267305, 5.056718100683166], [-74.2475543201824, 5.0565998625846955], [-74.24723595443379, 5.056422356115411], [-74.24705192499484, 5.056246292058836], [-74.24684281201486, 5.056120547448813], [-74.24667550419213, 5.055952873051166], [-74.2464998458334, 5.055810345762596], [-74.24624053992716, 5.055625915466754], [-74.2462321022612, 5.055307236509636], [-74.24624358822516, 5.054856218718448], [-74.24611547711501, 5.054770621921521], [-74.24597028785195, 5.054736401404111], [-74.24585072291035, 5.054676484748865], [-74.24573115054716, 5.054599450865803], [-74.24553778979806, 5.054542594832801], [-74.24540075310891, 5.0544635775956674], [-74.24523750707998, 5.054369446922788], [-74.24518358408665, 5.054374127007149], [-74.2451418854135, 5.054428333790173], [-74.24507600280648, 5.054482421428994], [-74.24505648817903, 5.054428353902323], [-74.24500088967251, 5.054351325495223], [-74.24497508767837, 5.0542173453411525], [-74.24503992260175, 5.05396945277738], [-74.24512767459727, 5.053933883556756], [-74.24512465807875, 5.0538289221980355], [-74.24510748138263, 5.053443577068644], [-74.24509034839792, 5.053229499044692], [-74.24504762177074, 5.053109629330561], [-74.2448938570077, 5.052895582817622], [-74.24476570675822, 5.052655851972345], [-74.24464611385687, 5.052476051129462], [-74.24460336774985, 5.052296234011111], [-74.24459478849448, 5.052124972377788], [-74.24461609035859, 5.051958141281118], [-74.24461309895078, 5.0519078720765345], [-74.244588524417, 5.051494851071128], [-74.24458733399636, 5.051474838924873], [-74.2445395050742, 5.0511818215123805], [-74.24450056676284, 5.050943274781552], [-74.24392186972356, 5.0508338544379985], [-74.24384464750405, 5.0507863840361535], [-74.2434704564274, 5.050556359697387], [-74.24341513406983, 5.05047762039511], [-74.24335293828274, 5.050389099664861], [-74.24333292452906, 5.050350403916188], [-74.24331093184297, 5.050343816494839], [-74.24326710707915, 5.05028754243407], [-74.24295425559451, 5.0498858106972175], [-74.24290447918055, 5.049821893284032], [-74.24286133910046, 5.049715269596942], [-74.24278353083977, 5.049643294206201], [-74.24271703394521, 5.049581782107644], [-74.24266655860905, 5.049535090007079], [-74.24259483450801, 5.049468741723972], [-74.24241703373012, 5.049186186200067], [-74.24241422053035, 5.049182963214507], [-74.24224135220896, 5.048984956493614], [-74.24211587010578, 5.048792103322902], [-74.24202382805045, 5.04863278181592], [-74.24182913393604, 5.048332170220285], [-74.24173121122072, 5.048078175777485], [-74.24087818616547, 5.047481133677648], [-74.23997263644208, 5.047100529375529], [-74.23933305158974, 5.0465264609634595], [-74.23908223400443, 5.0464857207767615], [-74.23872128198009, 5.0464270915726965], [-74.23870499678429, 5.046415899325927], [-74.23835956019306, 5.046469279774063], [-74.23811146285583, 5.046651179727432], [-74.23786332395278, 5.046660812183384], [-74.23769149833683, 5.046517296881651], [-74.23739530869992, 5.046459520688022], [-74.2373722798771, 5.04645364979514], [-74.2373706396049, 5.0464532321817535], [-74.23737105040858, 5.046450986555401], [-74.23737157455604, 5.046448082008454], [-74.23737182712907, 5.046446615728479], [-74.23737186907418, 5.046446371348764], [-74.23737265704966, 5.046441749866895], [-74.23737269987308, 5.046441492818112], [-74.2373729424437, 5.046439985840566], [-74.23737339989654, 5.04643712123251], [-74.23737375298575, 5.046434892907574], [-74.23737398465335, 5.046433346138984], [-74.23737411386303, 5.046432489033886], [-74.23737473659747, 5.046428280462064], [-74.23737479714111, 5.046427851464854], [-74.23737495736206, 5.046426693902412], [-74.23737543799749, 5.046423206738133], [-74.23737564891051, 5.046421659104256], [-74.23737585696581, 5.04642003185219], [-74.2373760445631, 5.046418560267121], [-74.2373764908255, 5.0464150279276225], [-74.23737662314379, 5.046413906610909], [-74.2373766861749, 5.046413361792759], [-74.23737716292052, 5.046409250314179], [-74.23737726234582, 5.046408388741782], [-74.237377442279, 5.046406681919659], [-74.2373776629893, 5.046404590473868], [-74.23737795985888, 5.046401739743992], [-74.23737812798848, 5.046399994037351], [-74.23737813417426, 5.046399925259698], [-74.23737857287138, 5.046395257392971], [-74.2373785887853, 5.046395084543175], [-74.23737873969925, 5.04639330086714], [-74.23737896644846, 5.04639058689779], [-74.23737914461533, 5.046388424052748], [-74.23737928011309, 5.046386599689458], [-74.2373793311469, 5.046385913743174], [-74.23737963095645, 5.046381757361013], [-74.23737966425804, 5.046381237029477], [-74.23737974923513, 5.046379893218712], [-74.23737995495777, 5.046376558586973], [-74.23738004510349, 5.046375085377936], [-74.23738014526077, 5.046373181458359], [-74.23738021226562, 5.046371876588825], [-74.23738038796044, 5.0463684090066385], [-74.23738043889539, 5.046367194649125], [-74.2373804690992, 5.046366468025898], [-74.2373806294298, 5.046362510968572], [-74.23738065862845, 5.046361730058408], [-74.23738071984295, 5.046359750208641], [-74.23738077755111, 5.046357824654388], [-74.23738085891041, 5.046355047625047], [-74.23738089860348, 5.046353138391761], [-74.23738090020235, 5.046353029811027], [-74.2373809853651, 5.046348450384857], [-74.23738098700514, 5.046348363519577], [-74.23738100566763, 5.046346307746496], [-74.23738102791418, 5.046343762462171], [-74.23738104382006, 5.046341680454743], [-74.23738104075372, 5.046339585816037], [-74.23738103978512, 5.046339074597951], [-74.23738102934838, 5.04633499481127], [-74.23738102188027, 5.046334386790443], [-74.23738100365429, 5.04633286311831], [-74.23738096156744, 5.046329699063748], [-74.23738094179402, 5.046328311116661], [-74.23738089166591, 5.04632614146806], [-74.23738086606672, 5.04632501230889], [-74.23738078386047, 5.046321627556139], [-74.23738074079189, 5.046320326515587], [-74.23738070930177, 5.046319421761533], [-74.23738057852289, 5.0463156407927645], [-74.23738055465057, 5.046314946845867], [-74.23738045475726, 5.046312704002148], [-74.23738037655623, 5.046310956955202], [-74.23738025326203, 5.046308268987547], [-74.23738014391833, 5.04630627679532], [-74.23738012803754, 5.046305990904334], [-74.23737988150117, 5.04630159488255], [-74.2373803541251, 5.04630007027522], [-74.23738063212988, 5.046299168550773], [-74.23738093703732, 5.0462981790080885], [-74.23738135567253, 5.046296733222443], [-74.237381391533, 5.046296611004229], [-74.23738192486, 5.046294741547103], [-74.2373820485199, 5.046294288904469], [-74.23738235671595, 5.046293130155291], [-74.2373827025479, 5.046291833802689], [-74.23738284497777, 5.046291287023639], [-74.23738325238942, 5.046289632247333], [-74.23738331866058, 5.046289368820173], [-74.23738369558437, 5.046287814536328], [-74.2373839040831, 5.046286897562444], [-74.23738407854825, 5.04628611456589], [-74.23738445790636, 5.046284416411963], [-74.23738447848605, 5.046284324986538], [-74.23738483520103, 5.046282581635042], [-74.23738496750332, 5.046281928107244], [-74.2373851900771, 5.046280820190782], [-74.23738544730904, 5.046279431715939], [-74.23738551874199, 5.0462790352712865], [-74.23738583306782, 5.0462773019535225], [-74.23738589552579, 5.046276930860754], [-74.2373861318763, 5.046275474564637], [-74.2373863022231, 5.046274422846156], [-74.23738640565703, 5.0462737720877975], [-74.23738667371713, 5.046271907660129], [-74.23738690784819, 5.046270232403241], [-74.2373870118244, 5.046269391632883], [-74.23738714243584, 5.046268321893842], [-74.23738731743528, 5.046266868429049], [-74.23738734054186, 5.046266681993328], [-74.23738753986275, 5.046264730834488], [-74.23738758062959, 5.04626434078195], [-74.23738770013401, 5.046263123579377], [-74.23738780953315, 5.046261811390573], [-74.23738786419159, 5.0462611335807], [-74.23738799113954, 5.046259558962394], [-74.23738800955465, 5.046259277530127], [-74.2373881181275, 5.046257529222524], [-74.2373881653584, 5.046256741039506], [-74.237388209951, 5.046255989054066], [-74.23738828687144, 5.046254202804575], [-74.23738829897046, 5.046253921384342], [-74.23738835747581, 5.046252416567116], [-74.23738837680064, 5.046251662820191], [-74.23738840581817, 5.046250310067886], [-74.23738843063794, 5.0462491229045705], [-74.23738843641745, 5.046248839686752], [-74.23738844228497, 5.046246697980708], [-74.23738844206383, 5.046246581260128], [-74.2373884422747, 5.046245263850462], [-74.23738842190932, 5.046244039675837], [-74.23738840385938, 5.046243085131404], [-74.23738837865507, 5.04624168814652], [-74.23738837108012, 5.0462414999596295], [-74.23738829505629, 5.046239473320996], [-74.23738827513775, 5.0462389612341845], [-74.23738824105047, 5.046238114393178], [-74.2373881458104, 5.04623642257236], [-74.23738811317568, 5.046235866173877], [-74.23738803397582, 5.04623454439144], [-74.2373879849112, 5.046233888494733], [-74.23738785731528, 5.046232263691785], [-74.23738778701609, 5.046231353582794], [-74.23738775652885, 5.046230978143044], [-74.2373875485279, 5.046228824177068], [-74.23738753198482, 5.046228664961314], [-74.2373874069118, 5.046227419270645], [-74.23738727756042, 5.046226296642846], [-74.23738713178084, 5.046225075421615], [-74.23738698782985, 5.046223866864293], [-74.23738697592512, 5.046223774595927], [-74.23738666211196, 5.046221492347948], [-74.23738662918181, 5.046221256254232], [-74.23738649838928, 5.046220325449753], [-74.2373862499661, 5.0462187434032595], [-74.23738611847698, 5.046217921177797], [-74.23738593858667, 5.0462167932174085], [-74.23738584008426, 5.046216236944433], [-74.2373855044834, 5.046214360999455], [-74.23738539231623, 5.046213735986645], [-74.23738530842715, 5.046213272881684], [-74.23738490576314, 5.046211242341281], [-74.23738481833344, 5.046210815435618], [-74.23738460701188, 5.046209766253919], [-74.23738438583703, 5.046208755093186], [-74.23738406092428, 5.046207281770121], [-74.23738383795173, 5.0462062742320635], [-74.23738323861832, 5.046203784420812], [-74.23738299763922, 5.04620279772778], [-74.23738261771892, 5.046201341700984], [-74.23738233597189, 5.046200268223469], [-74.23738208968872, 5.046199339448659], [-74.23738196341225, 5.046198887282205], [-74.23738136662061, 5.046196786536149], [-74.23738127032564, 5.046196442890277], [-74.23738111409851, 5.046195898489856], [-74.23738053936142, 5.04619400852345], [-74.23738032963989, 5.046193327598017], [-74.23738006907425, 5.046192480283678], [-74.23737977864197, 5.046191585071092], [-74.23737922322341, 5.04618989050772], [-74.23737898636097, 5.0461891716318], [-74.23737895731773, 5.046189082110543], [-74.2373781516994, 5.046186772750284], [-74.23737804646892, 5.046186475266944], [-74.23737777612888, 5.04618570759486], [-74.2373772872792, 5.046184382973602], [-74.23737680209013, 5.046183085489796], [-74.23737653001751, 5.046182355823207], [-74.23737639220488, 5.046182005922709], [-74.23737549098935, 5.046179721174562], [-74.2373754592598, 5.046179642516188], [-74.23737521718584, 5.046179030418258], [-74.23737449295544, 5.046177292745423], [-74.23737411045968, 5.04617638232638], [-74.23737383853964, 5.046175733187947], [-74.23737349690269, 5.046174957508345], [-74.2373726650212, 5.046173073460718], [-74.23737247109644, 5.046172634090547], [-74.23737239317143, 5.046172461419529], [-74.23737140291992, 5.046170330659377], [-74.23737115286929, 5.0461697945810275], [-74.23737088380014, 5.046169221441531], [-74.23737030679277, 5.046168038139205], [-74.2373695749097, 5.046166547495178], [-74.23736931222864, 5.046166012345701], [-74.23736918362584, 5.046165761052406], [-74.23736802259845, 5.046163503038813], [-74.23736793204128, 5.046163330391844], [-74.2373676748477, 5.046162834138918], [-74.23736682731631, 5.046161262281949], [-74.23736622518005, 5.0461601505078155], [-74.23736597617402, 5.046159689527028], [-74.23736560679559, 5.046159035145369], [-74.23736445521803, 5.046157002412466], [-74.23736435382303, 5.0461568243572685], [-74.23736421440468, 5.046156579418263], [-74.23736306389912, 5.0461546362599075], [-74.23736262126663, 5.046153893346025], [-74.23736239044882, 5.046153507430159], [-74.2373617496475, 5.046152466305174], [-74.23736072602759, 5.046150820588902], [-74.2373605079071, 5.046150469031787], [-74.2373604065498, 5.0461503108824255], [-74.23735902560362, 5.046148180866563], [-74.23735876950607, 5.046147786855526], [-74.237358563184, 5.046147471468486], [-74.2373576167188, 5.046146068095376], [-74.23735675170549, 5.046144793955517], [-74.23735656168822, 5.046144512015526], [-74.23735618260223, 5.046143972563743], [-74.23735471785042, 5.046141899710817], [-74.23735467623503, 5.0461418418819965], [-74.23735449891335, 5.046141593395949], [-74.2373532188576, 5.046139851353089], [-74.23735253858494, 5.046138931548367], [-74.23735238027663, 5.046138717409039], [-74.23735169463475, 5.0461378211397045], [-74.23735034598214, 5.046136067464941], [-74.23735020487236, 5.0461358822468805], [-74.23735014608418, 5.0461358090689465], [-74.23734856149656, 5.04613382602089], [-74.23734809571292, 5.046133246017619], [-74.23734797270907, 5.046133092433572], [-74.23734695078177, 5.046131863833324], [-74.23734578868641, 5.046130470823939], [-74.23734568559136, 5.046130347965638], [-74.23734531664324, 5.046129920691472], [-74.23734365278035, 5.046128004750651], [-74.23734342761121, 5.046127742783549], [-74.23734334532558, 5.046127649744452], [-74.23734196099426, 5.046126114197822], [-74.23734100888157, 5.046125063712926], [-74.23734095101283, 5.046124999581381], [-74.23734024398499, 5.04612424540859], [-74.23733850536001, 5.046122397471235], [-74.23733673160544, 5.046120581269306], [-74.23733600927282, 5.0461198452219325], [-74.2373349353363, 5.046118787730592], [-74.23733345823123, 5.046117338318019], [-74.23733311925949, 5.046117016849986], [-74.23733127346173, 5.046115274980029], [-74.23733086308509, 5.046114888501403], [-74.23733081879881, 5.046114849678766], [-74.23732940155222, 5.0461135621138595], [-74.23732821660744, 5.046112491261759], [-74.23732814610825, 5.046112428059084], [-74.23732750983501, 5.046111871905765], [-74.23732559741129, 5.046110206167099], [-74.23732552601152, 5.046110143870938], [-74.23732542479651, 5.046110060820871], [-74.23732365256998, 5.04610857487311], [-74.23732278679954, 5.046107853576008], [-74.23732265576588, 5.046107747962383], [-74.23732168882844, 5.04610696894992], [-74.23732000437846, 5.046105616747401], [-74.2373198417284, 5.04610549219291], [-74.23731970708555, 5.046105386586175], [-74.23731769833715, 5.046103837751985], [-74.23731717604824, 5.046103437009531], [-74.23731698268406, 5.046103293512452], [-74.2373156670862, 5.046102317914723], [-74.23731430541804, 5.0461013143555], [-74.23731408134319, 5.04610115372547], [-74.237313617839, 5.046100824351333], [-74.23731154788871, 5.046099357066971], [-74.23731139429417, 5.046099249686715], [-74.23731113680347, 5.046099072833684], [-74.23730945364665, 5.046097926926277], [-74.23730844267666, 5.046097243003142], [-74.23730814906493, 5.046097050837075], [-74.23730734140838, 5.046096523059456], [-74.2373054505655, 5.046095294304796], [-74.23730521117389, 5.046095145466522], [-74.23730512444878, 5.04609509043807], [-74.23730305935281, 5.046093804107255], [-74.23730242067612, 5.046093408110568], [-74.23730205753951, 5.046093190742158], [-74.2373008877395, 5.046092493549377], [-74.23729935390573, 5.046091581704311], [-74.23729895646467, 5.0460913553531075], [-74.23729870173915, 5.046091209258496], [-74.23729649775115, 5.046089955765548], [-74.2372962520623, 5.046089816892222], [-74.2372958185105, 5.046089580656851], [-74.23729427127769, 5.046088740317621], [-74.23729311514928, 5.046088115483899], [-74.23729264458787, 5.046087871175701], [-74.23729203222523, 5.046087552942888], [-74.23728994587013, 5.046086475664572], [-74.23728977698113, 5.046086391838586], [-74.23728943830254, 5.046086225093178], [-74.23728750286935, 5.046085273296493], [-74.23728674423171, 5.046084901053489], [-74.23728619695275, 5.046084645128853], [-74.23728521347167, 5.0460841828327485], [-74.23728351113459, 5.04608339074411], [-74.23728291511101, 5.04608312405456], [-74.23728059334721, 5.046082095179809], [-74.23728024838339, 5.046081944732994], [-74.23727962529775, 5.04608168171426], [-74.23727825812263, 5.04608110523768], [-74.23727695868496, 5.0460805630150025], [-74.23727629770285, 5.046080300068457], [-74.2372759130311, 5.046080146078033], [-74.23727364204449, 5.046079248304562], [-74.23727355445823, 5.046079214993294], [-74.23727294226529, 5.046078986336731], [-74.23727117972459, 5.046078326465593], [-74.23727030026824, 5.046078001503042], [-74.2372695598874, 5.046077740517366], [-74.23726879422335, 5.046077469626882], [-74.2372669333511, 5.046076819896001], [-74.23726639885516, 5.0460766435706335], [-74.23726615417661, 5.046076561698659], [-74.2372639900159, 5.04607585101817], [-74.23726354400507, 5.046075706192727], [-74.23726272423922, 5.0460754544064095], [-74.23726157042623, 5.046075099202807], [-74.23726013403478, 5.046074660389781], [-74.23725927457814, 5.0460744141079426], [-74.23725914006386, 5.046074376361991], [-74.23725670344194, 5.046073683391971], [-74.23725475715617, 5.046074623582153], [-74.23725396204986, 5.046075005118706], [-74.23725279908737, 5.046075535745517], [-74.23725118445104, 5.046076266291844], [-74.2372508256281, 5.046076420793786], [-74.23724883766008, 5.046077267867494], [-74.23724837875756, 5.046077462371884], [-74.23724683608901, 5.046078078774538], [-74.23724554676718, 5.046078589736154], [-74.23724482273497, 5.0460788616548], [-74.23724279578472, 5.046079611987637], [-74.23724268758447, 5.04607965200557], [-74.23724075431717, 5.046080319821864], [-74.23723980210485, 5.046080645559217], [-74.23723870377178, 5.0460809987193285], [-74.23723690386109, 5.046081569466462], [-74.23723685245926, 5.046081584946227], [-74.23723664234227, 5.046081647778652], [-74.23723456910405, 5.04608225523902], [-74.23723398022442, 5.046082425561027], [-74.23723390988123, 5.04608244469612], [-74.23723248587368, 5.046082827430659], [-74.23723103570636, 5.046083213834294], [-74.23723095002755, 5.046083234808226], [-74.23723039537009, 5.046083370682109], [-74.23722829487438, 5.046083878664817], [-74.23722807481496, 5.046083932468052], [-74.23722797109191, 5.046083954381171], [-74.23722618527685, 5.0460843450434245], [-74.23722509754509, 5.046084578747859], [-74.23722497848813, 5.0460846034046405], [-74.23722407020553, 5.046084779763946], [-74.23722210661218, 5.046085157192634], [-74.23722195417535, 5.046085184627439], [-74.23721981730664, 5.046085544289909], [-74.2372191011071, 5.046085664184845], [-74.2372189477577, 5.0460856861924945], [-74.2372176830814, 5.046085870469203], [-74.23721608554135, 5.046086099715878], [-74.23721591504658, 5.046086120851375], [-74.23721554338579, 5.046086166800061], [-74.23721340000901, 5.046086425135714], [-74.23721306082062, 5.046086465593651], [-74.23721287227477, 5.046086484049096], [-74.23721125023901, 5.046086642766922], [-74.2372100278404, 5.046086758197206], [-74.23720982124345, 5.046086773972598], [-74.23720909860442, 5.0460868287331655], [-74.23720697848853, 5.046086982066061], [-74.23720676646924, 5.0460869933277], [-74.23720478700889, 5.046087092103818], [-74.23720394523578, 5.046087130804657], [-74.237203707043, 5.0460871384969], [-74.23720262794683, 5.046087167696869], [-74.23720090102346, 5.046087209893443], [-74.23720064296985, 5.046087212194625], [-74.23720046882818, 5.046087213431156], [-74.23719830872669, 5.046087216641048], [-74.23719785396712, 5.0460872166024915], [-74.23719757966016, 5.046087212600929], [-74.23719614855491, 5.046087182753686], [-74.23719480767939, 5.046087152734563], [-74.23719451801624, 5.046087139714123], [-74.23719399012775, 5.0460871171945], [-74.23719183163887, 5.046087019062121], [-74.23719176395971, 5.046087015571773], [-74.23719145714092, 5.046086996250307], [-74.23718967667178, 5.046086874777499], [-74.23718872551842, 5.046086806918619], [-74.23718840063484, 5.046086777678608], [-74.2371875252556, 5.04608669972243], [-74.23718569055264, 5.046086527683311], [-74.23718536746163, 5.046086492106196], [-74.23718322763648, 5.046086243739078], [-74.23718266447442, 5.046086176950748], [-74.23718230887499, 5.046086127863332], [-74.23718108773936, 5.0460859573699075], [-74.23717964637974, 5.046085753817838], [-74.23717927632471, 5.046085694805], [-74.23717894959196, 5.046085642043344], [-74.23717681859611, 5.046085291415392], [-74.23717663988468, 5.046085261896942], [-74.2371762544666, 5.0460851902459725], [-74.23717469473465, 5.04608489643796], [-74.23717364498066, 5.046084696663996], [-74.23717324510355, 5.046084613277986], [-74.23717257713443, 5.04608447249452], [-74.23717066438313, 5.046084062637927], [-74.2371704657903, 5.046084016870684], [-74.23717025004527, 5.04608396661205], [-74.23716836428919, 5.046083517797001], [-74.23716769989328, 5.046083358005642], [-74.23716727109124, 5.046083247530298], [-74.23716626994303, 5.046082985231566], [-74.2371647533174, 5.046082583668548], [-74.23716431185748, 5.046082459645091], [-74.23716418366098, 5.046082422791896], [-74.23716210813797, 5.046081824139169], [-74.23716182466063, 5.046081742341042], [-74.23716137053428, 5.046081600245439], [-74.23716004336882, 5.046081186558927], [-74.23715891752362, 5.046080829492232], [-74.23715844983367, 5.046080672040613], [-74.23715799026782, 5.046080516383147], [-74.23715603101262, 5.0460798496478505], [-74.23715594613839, 5.046079819045842], [-74.23715555246253, 5.046079675025463], [-74.23715391636173, 5.046079077345303], [-74.23715316963568, 5.046078800989723], [-74.2371526793249, 5.046078610103071], [-74.23715189825839, 5.046078305763657], [-74.23715033339968, 5.046077687137063], [-74.23714989182494, 5.046077502491284], [-74.23714982951671, 5.0460774763703515], [-74.23714789976312, 5.046076664808579], [-74.23714752320176, 5.0460765053737475], [-74.23714700935926, 5.046076276529701], [-74.23714592387236, 5.046075789997684], [-74.23714474175226, 5.046075257504203], [-74.23714422065709, 5.046075010577699], [-74.23714396146467, 5.046074888016686], [-74.23714199447352, 5.046073948042213], [-74.23714145979932, 5.046073677616395], [-74.23714008247107, 5.046072980818567], [-74.23713927052081, 5.046072567960263], [-74.2371387313026, 5.046072280351639], [-74.2371381667926, 5.046071978314171], [-74.2371365843515, 5.046071128088613], [-74.2371362673075, 5.046070950444119], [-74.23713603787549, 5.046070819683069], [-74.23713438579468, 5.046069883632821], [-74.23713393234783, 5.046069623910041], [-74.23713337771, 5.046069293804522], [-74.23713252587869, 5.046068786016697], [-74.2371313154189, 5.046068059042118], [-74.23713075442558, 5.046067708137978], [-74.23713067944234, 5.046067659420837], [-74.23712885100052, 5.046066505646266], [-74.23712873626995, 5.04606643257486], [-74.23712816981654, 5.046066057251127], [-74.23712704865335, 5.046065313819806], [-74.23712619760956, 5.046064745407906], [-74.23712562569953, 5.046064347474214], [-74.23712526339841, 5.0460640948163356], [-74.23712369763653, 5.046062999354347], [-74.23712349524087, 5.046062851350337], [-74.23712312117048, 5.046062577904151], [-74.23712175047622, 5.046061572552015], [-74.23712123905612, 5.0460611935041815], [-74.23712066074262, 5.046060749437152], [-74.23712003002046, 5.046060265658124], [-74.23711882277912, 5.046059332379771], [-74.23711832575465, 5.046058931588996], [-74.23711824171075, 5.046058862983201], [-74.23711664580118, 5.04605757123392], [-74.23711645150733, 5.046057413261521], [-74.23711587039439, 5.046056920339853], [-74.23711499375722, 5.04605617825239], [-74.23711412614816, 5.046055438862151], [-74.23711354318436, 5.046054921514029], [-74.2371133588072, 5.04605475899866], [-74.23711184850966, 5.046053410987829], [-74.23711174817983, 5.046053318887892], [-74.23711126369156, 5.046052867403623], [-74.23711016636085, 5.046051844339297], [-74.23710961768948, 5.046051329640292], [-74.23710903372572, 5.046050760719651], [-74.23710860705302, 5.0460503453178305], [-74.23710743729859, 5.04604919571746], [-74.23710706935577, 5.046048822730049], [-74.23710685509485, 5.0460486032683], [-74.23710556048235, 5.04604727384773], [-74.2371053055375, 5.046047011937228], [-74.23710472689154, 5.0460463923368595], [-74.23710407952873, 5.046045697767813], [-74.23710322691942, 5.04604477919578], [-74.23710263555904, 5.046044116188556], [-74.2371011978283, 5.04604249388079], [-74.23710062991736, 5.046041825400006], [-74.23709978708764, 5.046040829900149], [-74.23709923001458, 5.046040166827611], [-74.2370986638534, 5.046039469389435], [-74.2370984115229, 5.0460391586139846], [-74.23709731264039, 5.046037792628009], [-74.23709706209051, 5.046037469181755], [-74.2370967527439, 5.046037068033487], [-74.2370957432865, 5.0460357534515845], [-74.23709545202699, 5.046035373984402], [-74.23709490019974, 5.046034622230078], [-74.23709445421721, 5.046034015949237], [-74.23709364907835, 5.046032911799861], [-74.23709319127512, 5.046032257586381], [-74.2370931035175, 5.046032133794], [-74.23709195446709, 5.046030481982286], [-74.2370919028939, 5.046030406980952], [-74.23709136901321, 5.046029602713207], [-74.23709075550586, 5.0460286800664855], [-74.23709021798857, 5.046027861328665], [-74.23708969218058, 5.046027031710754], [-74.23708958358098, 5.0460268609077294], [-74.23708859076173, 5.046025279373937], [-74.23708843869419, 5.046025025410791], [-74.23708807843506, 5.046024421681106], [-74.23708732714957, 5.046023167230012], [-74.23708702752258, 5.046022657485506], [-74.2370865241692, 5.046021773535981], [-74.23708625076026, 5.046021290885984], [-74.23708552286595, 5.046020000197744], [-74.23708519960614, 5.046019399112038], [-74.2370850329939, 5.0460190881732965], [-74.23708417909758, 5.046017490088249], [-74.23708408310961, 5.046017308403431], [-74.23708360672404, 5.046016371018491], [-74.2370831973501, 5.046015561084715], [-74.23708270554665, 5.046014582107708], [-74.23708224264585, 5.046013618457466], [-74.23708139199029, 5.046011825831202], [-74.23708131678427, 5.046011659488634], [-74.23708094798802, 5.046010835905362], [-74.23708043149522, 5.046009684155861], [-74.23708014514393, 5.04600903775912], [-74.23707971553044, 5.046008022471086], [-74.23707957866316, 5.0460076951890445], [-74.23707896231099, 5.046006223325512], [-74.23707875197374, 5.046005693505037], [-74.23707855069375, 5.046005181763582], [-74.23707796225283, 5.046003678178411], [-74.23707784619322, 5.046003379810791], [-74.23707745528428, 5.046002314684238], [-74.23707720949523, 5.046001646494718], [-74.23707679770149, 5.046000511737252], [-74.23707648649632, 5.045999605706201], [-74.23707642479222, 5.0459994221464415], [-74.23707581503119, 5.045997619108387], [-74.23707579415496, 5.045997554001522], [-74.23707546463137, 5.0459965041398975], [-74.23707514509816, 5.04599548864219], [-74.23707490179666, 5.045994704631712], [-74.23707457120112, 5.045993565195528], [-74.23707452669892, 5.045993412366684], [-74.23707405709733, 5.045991769213776], [-74.23707393896407, 5.045991328794268], [-74.23707374901466, 5.045990606209532], [-74.23707338820456, 5.045989235198472], [-74.2370732809366, 5.045988814664198], [-74.23707299626909, 5.045987628090193], [-74.23707287712557, 5.045987130669328], [-74.2370725742219, 5.045985843695686], [-74.23707239580868, 5.045985018844981], [-74.23707231296787, 5.04598463264711], [-74.23707193877671, 5.045982866257739], [-74.23707170182472, 5.045981623494385], [-74.23707154140774, 5.045980772369784], [-74.23707137003296, 5.045979852500177], [-74.23707116377794, 5.045978619631311], [-74.23707087347302, 5.045976838605129], [-74.23707082501032, 5.045976500296935], [-74.23707069150117, 5.045975564068564], [-74.23707052138431, 5.045974355560841], [-74.23707044727169, 5.045973813718305], [-74.23707029413394, 5.045972518316097], [-74.23707025835482, 5.045972207128158], [-74.23707009414102, 5.045970780548977], [-74.23707002419027, 5.0459700541164345], [-74.23706996893165, 5.0459694624732085], [-74.23706982430274, 5.045967895610532], [-74.23706981047009, 5.045967738199226], [-74.23706971500225, 5.0459664019705235], [-74.23706966862608, 5.045965736115626], [-74.23706959807038, 5.04596469028482], [-74.23706954452466, 5.045963573846129], [-74.23706953324466, 5.0459633349966735], [-74.23706945694357, 5.0459616377106205], [-74.23706945109792, 5.045961409708582], [-74.2370694236657, 5.045960265170895], [-74.23706940097975, 5.045959244583718], [-74.23706938889943, 5.045958583187581], [-74.2370693871694, 5.045957193396313], [-74.23706938695175, 5.045957078485321], [-74.23706939123274, 5.045955527625687], [-74.23706940450414, 5.045954912326775], [-74.23706942285857, 5.045954122389042], [-74.23706945724784, 5.045952747006016], [-74.23706946394867, 5.045952473739367], [-74.23706953073496, 5.045951053053923], [-74.23706955240294, 5.045950583414088], [-74.23706961155868, 5.045949421520026], [-74.23706967823787, 5.045948420668555], [-74.23706970989625, 5.045947985392658], [-74.237069826853, 5.045946375505481], [-74.23706983656234, 5.0459462614804105], [-74.2370699630579, 5.045944923924139], [-74.23707004001024, 5.045944106730387], [-74.23707011524023, 5.045943332970988], [-74.23707027594256, 5.045941952823306], [-74.23707028571015, 5.045941869561787], [-74.23707047492779, 5.045940300253633], [-74.23707054436441, 5.045939802473594], [-74.2370706823662, 5.045938823201818], [-74.23707084889188, 5.045937659293634], [-74.23707090500825, 5.045937274640728], [-74.23707115032428, 5.045935787563813], [-74.23707119403129, 5.045935520560404], [-74.23707140729475, 5.045934260652895], [-74.23707157166538, 5.045933388098972], [-74.2370716904884, 5.045932763550883], [-74.23707197818155, 5.045931260106595], [-74.23707194588651, 5.045930882860598], [-74.23707164216032, 5.045927256039084], [-74.23707150639848, 5.045925606821415], [-74.23707147492006, 5.045925184333162], [-74.23707133590977, 5.045923249200415], [-74.23707110408031, 5.045919947070239], [-74.23707107431565, 5.045919476623552], [-74.2370710612345, 5.045919239587151], [-74.23707082625516, 5.04591522718386], [-74.23707077303679, 5.045914283564044], [-74.23707074860023, 5.045913767866508], [-74.2370706300729, 5.045911213801845], [-74.2370705141702, 5.045908616301126], [-74.23707049415601, 5.045908053544825], [-74.2370704645653, 5.045907198551798], [-74.2370703324393, 5.0459031814285265], [-74.23707032477363, 5.0459029452866275], [-74.23707031189042, 5.045902336371234], [-74.23707024452413, 5.04589916331624], [-74.23707020936203, 5.045897272321588], [-74.23707020361323, 5.045896619056704], [-74.23707018819111, 5.045895146048615], [-74.23707016342902, 5.045891600129033], [-74.23707016433733, 5.045891126909503], [-74.23707016480778, 5.045890898895435], [-74.23707018108695, 5.045887107693058], [-74.23707018787178, 5.045885925992812], [-74.23707019999242, 5.045885179498041], [-74.23707023393187, 5.045883090217489], [-74.23707028540234, 5.0458802526222195], [-74.23707030736425, 5.0458794617728016], [-74.23707031835549, 5.045879071776965], [-74.23707043797214, 5.045875055079037], [-74.2370704533172, 5.045874581831995], [-74.23707048692158, 5.04587374481489], [-74.23707059999845, 5.0458710392051485], [-74.23707069161638, 5.04586891362217], [-74.23707073957183, 5.045868031337018], [-74.2370707927063, 5.045867025082467], [-74.23707100210619, 5.045863248894105], [-74.23707101699796, 5.045863012709239], [-74.23707106350871, 5.045862320437812], [-74.23707128641135, 5.045859003869341], [-74.23707138388606, 5.045857588554322], [-74.23707145964134, 5.045856615734808], [-74.23707158831085, 5.045854996777195], [-74.23707183605366, 5.0458519326045606], [-74.2370719208919, 5.045850991436257], [-74.23707192796803, 5.0458509163231975], [-74.23707229227855, 5.045846989640644], [-74.23707235861242, 5.045846282854443], [-74.23707246939107, 5.0458452222012475], [-74.23707270247087, 5.045842991390393], [-74.23707295337209, 5.045840642014954], [-74.237073082111, 5.045839536086835], [-74.23707314515785, 5.0458389994119575], [-74.23707361761893, 5.045835006472], [-74.23707376793242, 5.045833857976528], [-74.23707413792059, 5.045831023393869], [-74.23707435407007, 5.045829381649296], [-74.23707452414841, 5.0458281878754825], [-74.23707468800147, 5.045827042068662], [-74.23707516091751, 5.0458237657406615], [-74.23707526876905, 5.045823065209075], [-74.23707535166814, 5.0458225294012], [-74.23707589015196, 5.0458190946058386], [-74.23707603636011, 5.045818160559152], [-74.23707625229449, 5.045816881645464], [-74.23707654854276, 5.045815131170637], [-74.23707698491445, 5.04581256881062], [-74.23707722242342, 5.04581124732958], [-74.23707723581735, 5.045811173109301], [-74.23707795919238, 5.045807219503289], [-74.23707800115821, 5.045806985981297], [-74.23707826565895, 5.045805623732215], [-74.23707872409021, 5.045803274866319], [-74.23707908871255, 5.045801418398008], [-74.23707938020337, 5.045800014476072], [-74.23707952058042, 5.045799336502904], [-74.23708024577115, 5.045795865159381], [-74.23708034685842, 5.045795404416431], [-74.23708056425205, 5.045794419564575], [-74.23708121465923, 5.045791481299032], [-74.23708147323633, 5.0457903262636785], [-74.23708181961133, 5.045788839899112], [-74.23708211856561, 5.045787565351388], [-74.23708276840634, 5.045784804430488], [-74.23708305135918, 5.045783656587227], [-74.23708314538231, 5.04578327729102], [-74.23708401935949, 5.045779756804158], [-74.23708413398462, 5.045779297845066], [-74.23708454156501, 5.045777731740283], [-74.23708502798542, 5.045775868706295], [-74.23708556907576, 5.045773810128334], [-74.23708600726054, 5.045772205058253], [-74.23708606729971, 5.045771985978877], [-74.23708707096942, 5.04576833947585], [-74.23708713641037, 5.045768114052479], [-74.2370875433695, 5.045766696338405], [-74.23708824885013, 5.045764251996515], [-74.23708864418393, 5.0457628894982545], [-74.2370891489947, 5.0457612082968835], [-74.23708939379313, 5.045760400736415], [-74.2370902833055, 5.04575746020586], [-74.23709056582216, 5.045756558472872], [-74.2370908241379, 5.045755741838515], [-74.23709177667051, 5.045752726993163], [-74.23709199194163, 5.045752050686982], [-74.23709256789503, 5.045750296060175], [-74.23709302453702, 5.045748908110346], [-74.23709376829284, 5.045746663659488], [-74.23709430219989, 5.045745100028563], [-74.23709438117017, 5.04574487186499], [-74.23709561055627, 5.045741300031639], [-74.2371483915962, 5.045674179015077], [-74.23713757048542, 5.0455227771666715], [-74.23716669817269, 5.045449701379144], [-74.23720224231441, 5.045360537538142], [-74.23738554387123, 5.045198271916548], [-74.23756884958877, 5.045046825118008], [-74.23759035808382, 5.044808891345572], [-74.2375729960303, 5.044617879270773], [-74.23756873856517, 5.044570977297062], [-74.23774124101648, 5.04437626568236], [-74.2379676721457, 5.044170732870115], [-74.23804313336439, 5.044008490773856], [-74.23797837545906, 5.043824656442423], [-74.23784892755641, 5.043673282475597], [-74.23772487644317, 5.043554348438033], [-74.23752258397433, 5.043216434590747], [-74.23732028386627, 5.042851484793266], [-74.237239302686, 5.0424729823648535], [-74.23703701992932, 5.042135070003722], [-74.23684821682716, 5.041837710086557], [-74.23680770806217, 5.0415538346979405], [-74.23672674257757, 5.041242918971686], [-74.23648403004061, 5.040959093360102], [-74.236308724999, 5.0407428376596455], [-74.23609296822526, 5.040472521011194], [-74.23587720294677, 5.04017516749278], [-74.23585870708605, 5.040077904298758], [-74.23582322002108, 5.039891285840138], [-74.23582111525643, 5.039828413358148], [-74.23580964469042, 5.039485738375524], [-74.23582300897873, 5.0389855503770224], [-74.23580943976135, 5.038607034227278], [-74.2356610884782, 5.038323185206272], [-74.23544533889769, 5.038079898490941], [-74.23520260884018, 5.0377690343031745], [-74.2349329290449, 5.037485203612642], [-74.23469018742294, 5.037106751250593], [-74.2345014012265, 5.0368364149838065], [-74.23419126106013, 5.036512043405476], [-74.23437980135937, 5.035937036656298], [-74.23458718059295, 5.035118711073178], [-74.23447266337888, 5.035147449863098], [-74.23435811905286, 5.035066127849743], [-74.2342865226591, 5.034989582324663], [-74.23424351159808, 5.0347216177443554], [-74.23421959295004, 5.034472790896568], [-74.23412886827411, 5.034223980302928], [-74.23397128008666, 5.033735923844233], [-74.23386624811437, 5.03352061302328], [-74.23380414875223, 5.033252653744307], [-74.23385168928817, 5.0325013595081405], [-74.23388026223334, 5.032257304652433], [-74.23388493940385, 5.0318601296926735], [-74.23389917437451, 5.0315251580799325], [-74.23393248995941, 5.0311614721922595], [-74.2340040060936, 5.0309030516755815], [-74.23408908462136, 5.03078079559792], [-74.23417815505219, 5.0303918855247804], [-74.23409578058887, 5.0301370916785935], [-74.23404202389928, 5.029832045338348], [-74.23415653357415, 5.029771004940119], [-74.234317540115, 5.029591520243372], [-74.23434970890642, 5.029422832456192], [-74.23439972692091, 5.029060337378413], [-74.23444618215345, 5.02876603414215], [-74.23448905892917, 5.028478908351162], [-74.2345892640098, 5.028464529225907], [-74.23471785340477, 5.028417841453394], [-74.23475717180683, 5.0282132642039885], [-74.23484660524129, 5.028051739947565], [-74.23490735071343, 5.02765694258379], [-74.23500032394954, 5.027337505058734], [-74.23514339057913, 5.02697498847848], [-74.23515408014887, 5.026774006029091], [-74.23516835933167, 5.026626856005718], [-74.23511106338513, 5.026483312446077], [-74.23511819382063, 5.026364875801462], [-74.2351078963219, 5.026098148503353], [-74.2350566473385, 5.0258984695800715], [-74.23504540189568, 5.025854657098011], [-74.23505921773072, 5.02563200562984], [-74.23511466252674, 5.025367615811191], [-74.23514929873251, 5.025138005792192], [-74.23505906841706, 5.024984962471417], [-74.23506598944016, 5.024873636259869], [-74.23515617958249, 5.024859706840707], [-74.2352394463799, 5.0249362159582045], [-74.23534352393025, 5.024957064835302], [-74.23541288357269, 5.024880520900037], [-74.2354128501763, 5.024734410485809], [-74.23539197527738, 5.0244561098381295], [-74.23540581016887, 5.024275213770105], [-74.23548214062608, 5.024330851964897], [-74.23560702847996, 5.02434474137759], [-74.23576659220706, 5.024302963273024], [-74.23584980901951, 5.024163789810363], [-74.23583588354323, 5.023955064477244], [-74.23580116183405, 5.023788099564775], [-74.23576641735693, 5.023551551685047], [-74.23584960987017, 5.0233080196204885], [-74.235918950495, 5.023141015920449]]]], "type": "MultiPolygon"}}, {"type": "Feature", "properties": {"CODIGO": "25777000100000006", "SECTOR_CODIGO": "257770001", "NOMBRE": "PROVIDENCIA", "Area_ha": 239.9644568419585, "Perimetro": 7970.977303526743, "Shape_Length": 7966.496249140551, "Shape_Area": 2399644.568419585, "USO_CAMP": "Agricola", "Descripcion": "80% caf\u00e9, 10% ca\u00f1a, 10% ganader\u00eda."}, "geometry": {"coordinates": [[[[-74.25749250951897, 5.067394491202096], [-74.25749246378807, 5.067223370639411], [-74.25742416192718, 5.067052282334139], [-74.25739000064254, 5.066915399011375], [-74.25731316738178, 5.0667443010221085], [-74.25727045967028, 5.066590308111162], [-74.25725336046426, 5.06645342146342], [-74.25728744696252, 5.066307967250038], [-74.25739833599815, 5.066179600337081], [-74.25753482083, 5.0660683433220575], [-74.25766279879745, 5.066042636910327], [-74.25776517040734, 5.066008390024093], [-74.25786754470373, 5.065948473757232], [-74.25791870294954, 5.06582867562516], [-74.25792721183282, 5.0657260105897715], [-74.257913678435, 5.06559840760549], [-74.25790518131916, 5.064946902783359], [-74.25790510507532, 5.064667086976418], [-74.25800917802634, 5.064470773281325], [-74.25805079070932, 5.064349650086168], [-74.2580538764956, 5.0642529600810615], [-74.25805491937739, 5.064220185056445], [-74.25804524270913, 5.064172470797805], [-74.25800070755558, 5.0639529173839986], [-74.257950683243, 5.063781703965324], [-74.25793815131324, 5.063673119863153], [-74.25796311087046, 5.063547820788882], [-74.25807970395688, 5.06345591556421], [-74.25836279193734, 5.0630131519901385], [-74.25857925852064, 5.062603810252301], [-74.25858365864643, 5.062593299610316], [-74.25878736138955, 5.062106773744239], [-74.25891638409253, 5.06179351600451], [-74.25912875160228, 5.061651456556572], [-74.25933281327751, 5.061592941300446], [-74.25950771054215, 5.061509364395014], [-74.25970341926718, 5.061371498416838], [-74.25999492213707, 5.0612168916867315], [-74.26004903033079, 5.061112466805111], [-74.26003232821034, 5.060953769198051], [-74.25992815887923, 5.060770045626227], [-74.25987266016571, 5.0606365852277255], [-74.25980312930625, 5.0604693820378275], [-74.25986139770377, 5.0603106634389015], [-74.26001962677802, 5.060164451150162], [-74.26010616952513, 5.059984987347279], [-74.26021342508835, 5.05990220699786], [-74.26028766642187, 5.059802888589151], [-74.26030413546253, 5.05967047620776], [-74.26030410350467, 5.059554629449031], [-74.26034531258892, 5.059372562953202], [-74.26041954779912, 5.059231874121793], [-74.26052679262854, 5.059107720629347], [-74.26058453260359, 5.059000119159954], [-74.2606505118211, 5.058851154747673], [-74.26074123616945, 5.058693903022554], [-74.2607989736219, 5.058578035250302], [-74.26092272716325, 5.058478704622158], [-74.26108634786091, 5.058407579705353], [-74.26108632972428, 5.058339473210226], [-74.26108631257708, 5.0582784033865575], [-74.26108628027114, 5.058157288879805], [-74.26109429956922, 5.058044252189032], [-74.26110231111737, 5.057890846704648], [-74.26105395073083, 5.057705161596379], [-74.26098949434913, 5.057551774978262], [-74.26094114748159, 5.05741453673668], [-74.26086060205478, 5.057285368662066], [-74.26078006462409, 5.057228873648982], [-74.26064319060524, 5.057220834700107], [-74.26053853807504, 5.057293532213453], [-74.26043389891957, 5.0574146757115255], [-74.26024064727791, 5.057366285222986], [-74.26010375199401, 5.057317878286855], [-74.25995882355566, 5.0573259821201875], [-74.2597655939504, 5.057342185541036], [-74.2598138575271, 5.057180694214958], [-74.25986212379411, 5.057019201980397], [-74.25986208971683, 5.056890021974511], [-74.25983789087503, 5.056704325890271], [-74.25983785293485, 5.056567068685244], [-74.25987807025258, 5.056421730225509], [-74.25988609549988, 5.056316767975451], [-74.25988606585761, 5.056211806904731], [-74.25988602676996, 5.056066478831883], [-74.25988597939396, 5.0558888482911515], [-74.2598617843236, 5.055759673617178], [-74.25982954700658, 5.055630494662655], [-74.25978925872947, 5.0555094067429005], [-74.25973286636612, 5.055396384787666], [-74.25975696450855, 5.05521067897152], [-74.25980377069986, 5.055029971518486], [-74.2598649444966, 5.054793810439068], [-74.25987560508962, 5.05475264728379], [-74.25989327102523, 5.054660975999624], [-74.25995593043784, 5.054335865071652], [-74.26025580339238, 5.053886418912972], [-74.2604168528134, 5.053942892447306], [-74.26052957870297, 5.053950935124959], [-74.2606664499505, 5.0539508979772005], [-74.26081136702624, 5.053870123807967], [-74.26090794695449, 5.053740908910051], [-74.26095914772901, 5.053665565707305], [-74.26102866904297, 5.053563258050714], [-74.26110108124341, 5.053369457144648], [-74.26118962147328, 5.053264470469585], [-74.26125400706414, 5.05315949275909], [-74.26136670095403, 5.053054499819774], [-74.26148717289323, 5.052799880318082], [-74.26132113765384, 5.05283020294537], [-74.26125316526267, 5.052648584982237], [-74.26122294694973, 5.05253506799662], [-74.26111725282058, 5.052414010514755], [-74.26105685409301, 5.052323212140997], [-74.26102663223018, 5.052209694235012], [-74.26108697826558, 5.052111290585279], [-74.26114734582153, 5.052043162598911], [-74.261185048801, 5.051952332758892], [-74.26116991916025, 5.051816117420776], [-74.26113215970517, 5.0517101692980155], [-74.26108685279094, 5.051649636281905], [-74.26101135650264, 5.051543704492359], [-74.26094338569939, 5.0513772247392685], [-74.26088298801749, 5.051286421790628], [-74.26079238693924, 5.051165352046601], [-74.26064897132859, 5.051104849459989], [-74.2605508466345, 5.051044333043106], [-74.26043761331147, 5.050961115417826], [-74.26029418637548, 5.0508400604153785], [-74.26023377982129, 5.050749261006511], [-74.26028655636347, 5.050529773784423], [-74.26032121098811, 5.050447568180996], [-74.26036952160135, 5.050332975665148], [-74.26025627564766, 5.050204354822225], [-74.26011285181794, 5.050090866615537], [-74.25998451914805, 5.049984946723996], [-74.25983354500784, 5.049871473994024], [-74.2597505007073, 5.049773108115792], [-74.25965991159309, 5.049682312901593], [-74.25958942494347, 5.049607956990014], [-74.2599348647494, 5.049531104532716], [-74.26014672647418, 5.049466379608752], [-74.26043228365221, 5.049383162957051], [-74.26073626201139, 5.049299939371357], [-74.26091128667743, 5.049262940272642], [-74.26098216271258, 5.04924784614339], [-74.2611005067279, 5.049056200017154], [-74.26129359311574, 5.048852788241675], [-74.26149634563106, 5.048688104150725], [-74.26178602243235, 5.04856213600358], [-74.26216662481079, 5.048498033497309], [-74.26232814417195, 5.048447362496084], [-74.26252131274065, 5.048456117248546], [-74.26280635828888, 5.048462945144595], [-74.26311204530954, 5.048500392076864], [-74.2636173643817, 5.048512763604803], [-74.26434594914896, 5.048537330108698], [-74.26435349462584, 5.048537582330403], [-74.26498124217571, 5.048581579733058], [-74.26542028523052, 5.048612349690221], [-74.2654645046689, 5.0483259860957785], [-74.26556095955166, 5.04815731626174], [-74.2656588686233, 5.048002937689125], [-74.26573578864956, 5.047862594639239], [-74.26582669849167, 5.047701200281288], [-74.26591759712537, 5.047504725776812], [-74.26599451399093, 5.047329295325235], [-74.26602446991747, 5.0471788883147015], [-74.2660434230237, 5.047083723864396], [-74.26609233502363, 5.046866216714016], [-74.2661202531991, 5.046627667654066], [-74.26616918570103, 5.046480316273564], [-74.26619013343951, 5.046311923039528], [-74.2662390723043, 5.0461715884063265], [-74.26628800954771, 5.046052297712738], [-74.26640693728777, 5.046010172497654], [-74.26654686775032, 5.045982072393456], [-74.26677773238713, 5.045918860430305], [-74.26675670133555, 5.04578556409925], [-74.26675665078832, 5.04561015979508], [-74.26674961474454, 5.045434764588652], [-74.26674955860653, 5.045238318170453], [-74.26674951928368, 5.045097995808143], [-74.26673548263426, 5.04494364913228], [-74.2668054311957, 5.044901523494034], [-74.26693836324432, 5.044873424347768], [-74.26709228451864, 5.044866364361302], [-74.26726718841066, 5.04485228013234], [-74.26742111041901, 5.044831195609478], [-74.26763231134176, 5.044762608384044], [-74.2676540347705, 5.044884401438181], [-74.26769377876515, 5.045083398797559], [-74.26772690992091, 5.045282395480737], [-74.26777985673401, 5.045395153740225], [-74.26783282053349, 5.045527808589626], [-74.2678725541814, 5.045687006333624], [-74.26793876864886, 5.04590589836826], [-74.26798514207385, 5.046131428756863], [-74.26802842608733, 5.0462681885532525], [-74.26807121263273, 5.0464033840028755], [-74.26814405150628, 5.046635541033788], [-74.26820363445546, 5.046808004185101], [-74.26823012981153, 5.046940660873113], [-74.26825664423097, 5.047146303491068], [-74.26823685271647, 5.047318780495432], [-74.26826336086923, 5.047477972319107], [-74.26827989990214, 5.047580640634011], [-74.2682964909617, 5.0476836110495995], [-74.26832301936697, 5.047922406522422], [-74.26842346728807, 5.048325152711894], [-74.26846378249502, 5.048554470547054], [-74.26850717888244, 5.048801329201133], [-74.26851079098758, 5.048821873845495], [-74.2685360364098, 5.048979808600479], [-74.26862501347759, 5.049536447936082], [-74.26866224553106, 5.049769344808984], [-74.26871549181371, 5.050039498211256], [-74.26873320717561, 5.050129379303737], [-74.26876238493976, 5.050284971032801], [-74.26877944100978, 5.0503759165528415], [-74.2687972912389, 5.050471105854819], [-74.2688285669799, 5.0506378795512274], [-74.26888056228847, 5.0509151389538385], [-74.26890573209637, 5.0510493525662294], [-74.26892988348195, 5.0511781293946765], [-74.26898792384995, 5.051487617788582], [-74.26916032476366, 5.051535802439843], [-74.26935789994717, 5.051584070791838], [-74.26947355370939, 5.051608191846487], [-74.26959401525264, 5.051579166206441], [-74.26983492992187, 5.051506616323565], [-74.27000837082595, 5.051400260198231], [-74.27009336957113, 5.0514232748586325], [-74.27012743208017, 5.051432495977544], [-74.27018667652516, 5.0514485334383314], [-74.27028581679288, 5.0514640403813065], [-74.27034087997788, 5.051472653059158], [-74.27053362165181, 5.051443606073089], [-74.27066373570747, 5.05145806154195], [-74.27073121070711, 5.051496696558339], [-74.2707697716669, 5.051569172618731], [-74.27081318224116, 5.051694793605211], [-74.27088550667317, 5.051839727954397], [-74.2710300993177, 5.051979817537743], [-74.27109276711622, 5.052042616518984], [-74.27109279832219, 5.0521489289242165], [-74.27105907645651, 5.052211749374953], [-74.27087601769236, 5.052380921539644], [-74.27077004468393, 5.052525919255414], [-74.27073635455143, 5.052646734762346], [-74.27067372779973, 5.052724063338086], [-74.27049065885527, 5.052859412143922], [-74.27034613369975, 5.052965767031627], [-74.27024979856326, 5.05309625723192], [-74.27007637345623, 5.053279928876873], [-74.26998485096824, 5.0534200865018635], [-74.26994154189882, 5.05362787691254], [-74.26994160533175, 5.053845319879177], [-74.26989828257778, 5.053995122420648], [-74.26975858168467, 5.054135301103074], [-74.26960921837649, 5.054212653799584], [-74.26952252364163, 5.054338310638579], [-74.2702094999921, 5.057986697199475], [-74.26987207488024, 5.058553481786459], [-74.26997967319099, 5.058579426920823], [-74.27002219694513, 5.058586290640739], [-74.27016756729756, 5.058609754923668], [-74.27031878921706, 5.058567100117209], [-74.2703379323208, 5.058578549955532], [-74.27035697833773, 5.0586012910130265], [-74.27036751468376, 5.058620783323129], [-74.27037365126313, 5.058652244843108], [-74.27054894556947, 5.059549059687752], [-74.27072486498506, 5.0604490761142555], [-74.27087138034099, 5.061198657928463], [-74.27093819412336, 5.0616727046571315], [-74.27098679033129, 5.062061661517491], [-74.27102324028135, 5.062353385023667], [-74.27101118114574, 5.062566105052383], [-74.27109612003373, 5.062876048339754], [-74.27116284757555, 5.063064433724813], [-74.27092047451148, 5.063289386506189], [-74.2708477590168, 5.063354133954119], [-74.27043571571002, 5.063721043890254], [-74.27020478563966, 5.063999805276668], [-74.27004794764619, 5.064189134426451], [-74.26974503905375, 5.06469974875552], [-74.26952086664332, 5.064979391639745], [-74.26918156519767, 5.065404931743411], [-74.26915654075914, 5.065436130470464], [-74.26898162702034, 5.06565417902862], [-74.26876346716121, 5.065763630179793], [-74.26856957043225, 5.065958173840913], [-74.26845944123487, 5.066227259189694], [-74.26843025586278, 5.066298571451286], [-74.26835958309628, 5.066404276991856], [-74.2681091575294, 5.066778807163872], [-74.26786679470365, 5.0670523671949965], [-74.26767889269583, 5.067028113071311], [-74.26736682573984, 5.067012448087023], [-74.26680175560625, 5.06699260699335], [-74.26646271888376, 5.0669527058345984], [-74.26616357158133, 5.066959454088227], [-74.26589766739724, 5.066999528025235], [-74.26574779305705, 5.067040831553329], [-74.26555865994742, 5.067092953696457], [-74.26523292257987, 5.067093044441016], [-74.26514539847811, 5.067082864680204], [-74.26494705882749, 5.067059795541997], [-74.26472180212924, 5.066990357992231], [-74.26460135050245, 5.066953229602959], [-74.26421576046627, 5.066880018290563], [-74.26392989035197, 5.066826760072352], [-74.26373043713119, 5.066733492543729], [-74.2634645198171, 5.066693571745062], [-74.26320526778234, 5.066726974947903], [-74.26293272880979, 5.066813707854118], [-74.26290229070743, 5.066828979763839], [-74.26265356646502, 5.066953769219468], [-74.26248739612593, 5.067033809595696], [-74.26234114955261, 5.067067185550746], [-74.2620885343556, 5.067073917132364], [-74.26166972880128, 5.067060705164025], [-74.26152347161013, 5.067040739077191], [-74.26133068626872, 5.067020798540805], [-74.26109137267049, 5.067060863967996], [-74.26089254262122, 5.067154007720065], [-74.26067072717458, 5.067231075304834], [-74.26050010666108, 5.06730811996663], [-74.260355079892, 5.0673937139938365], [-74.2602586870622, 5.067486142237265], [-74.2601290070562, 5.0675340890285305], [-74.25996519527162, 5.067527287347518], [-74.25978770900284, 5.067493117452872], [-74.25963754573476, 5.0674863117208595], [-74.25952150079134, 5.067486343182016], [-74.25937816336861, 5.067506918002249], [-74.25924164854406, 5.067479572744356], [-74.25904368772106, 5.0674659354484985], [-74.25890035562765, 5.067465975579331], [-74.25876383876277, 5.067466011462654], [-74.25862048492827, 5.067424986037189], [-74.25850442997347, 5.0673839572229245], [-74.2583883925035, 5.067377141792065], [-74.25825871044262, 5.067404547326536], [-74.25814407127577, 5.067431633133039], [-74.25814268143135, 5.067431961566921], [-74.25804028947209, 5.0674319879167475], [-74.25791059864252, 5.067432023008197], [-74.25778024822931, 5.067418538832147], [-74.25771264889015, 5.06741154222056], [-74.25749250951897, 5.067394491202096]]]], "type": "MultiPolygon"}}, {"type": "Feature", "properties": {"CODIGO": "25777000100000004", "SECTOR_CODIGO": "257770001", "NOMBRE": "DELICIAS", "Area_ha": 306.6227129475437, "Perimetro": 10955.820897991525, "Shape_Length": 10949.72182933168, "Shape_Area": 3066227.1294754366, "USO_CAMP": "Ganadero multiproposito", "Descripcion": "60% Ganader\u00eda Multiprop\u00f3sito y 40% Caf\u00e9."}, "geometry": {"coordinates": [[[[-74.28884668395368, 5.048071613584773], [-74.28899601030498, 5.048071564136524], [-74.28940442229808, 5.048092434768482], [-74.28968720275229, 5.048218352706044], [-74.28991408928482, 5.048353340840832], [-74.28975007046286, 5.048383714083302], [-74.28861145629365, 5.048268172496483], [-74.28764689461622, 5.0483108049018535], [-74.28745101269689, 5.048319463232378], [-74.2873032910579, 5.048520224751169], [-74.28716964875805, 5.048717852173588], [-74.28702189075045, 5.0488096418177735], [-74.28684600037096, 5.048936720001884], [-74.28667713603417, 5.049063799609555], [-74.28659274165304, 5.049219075339752], [-74.28651539456234, 5.049416694268302], [-74.28645209974653, 5.04956490966583], [-74.28638879903538, 5.049670776953524], [-74.2863255103485, 5.049833109887934], [-74.28622703396397, 5.0499742805935295], [-74.28614966695959, 5.050122501259668], [-74.28606527423081, 5.050313062259537], [-74.28598795358006, 5.0505883064048485], [-74.28593875202672, 5.050764738930099], [-74.28588249668067, 5.050912953048789], [-74.2857910753592, 5.051110576353954], [-74.28569436256542, 5.0513409665201765], [-74.28521550764627, 5.0515191786303735], [-74.28491961434113, 5.051702734673046], [-74.28480130277269, 5.0519078115340665], [-74.28479565184732, 5.052037071248283], [-74.28479571684449, 5.052252402081994], [-74.28476356325135, 5.0524354474998585], [-74.28466161008043, 5.052596977545437], [-74.28454889860308, 5.052699296315508], [-74.28448451187583, 5.05278544926785], [-74.28436113182487, 5.053119261731356], [-74.28427530223296, 5.05332923799235], [-74.28421633343406, 5.053593037247026], [-74.28409291803098, 5.053776115916175], [-74.28391583019518, 5.054029191952833], [-74.2838723799996, 5.054263286746939], [-74.28385687701186, 5.054346821233651], [-74.28377106205751, 5.054610638374592], [-74.2836423040392, 5.054895990583602], [-74.2834759997668, 5.055262120575882], [-74.28320775356337, 5.055865139383217], [-74.28313327206587, 5.055977246526508], [-74.28296092303012, 5.056236661213856], [-74.28289414767004, 5.0563958206950055], [-74.28287508580198, 5.056441256668548], [-74.28276779674418, 5.056721228979901], [-74.28268739173251, 5.057103471712721], [-74.28268747939553, 5.057394173237672], [-74.28273048779735, 5.057598729925343], [-74.28282716916341, 5.057749429912879], [-74.28291848301528, 5.057916283908128], [-74.28294535846163, 5.058013179809777], [-74.28291857111103, 5.0582016072795435], [-74.28286496193455, 5.058454647914906], [-74.28284630436916, 5.058491426896833], [-74.28271473241026, 5.058750773620458], [-74.28263425644708, 5.058933829749262], [-74.28260746769942, 5.0590899595614625], [-74.28260218121443, 5.059342974209225], [-74.28262373376634, 5.05961752148271], [-74.2826721253924, 5.059848996070557], [-74.28272585462958, 5.060005094013057], [-74.28287081265424, 5.06004273334453], [-74.28320910272839, 5.060279499396258], [-74.28349841387164, 5.060485004696863], [-74.28363331682642, 5.060580830478399], [-74.28397164105623, 5.060925271360523], [-74.28409370133663, 5.061059828802616], [-74.28429385634739, 5.061280468485517], [-74.2845004126496, 5.061577588755967], [-74.28470069196162, 5.061895360696896], [-74.28477308474365, 5.062235466986792], [-74.28479097732628, 5.062441126287932], [-74.28479148692979, 5.0624469684575315], [-74.28480656349413, 5.062620196360134], [-74.28481137754082, 5.062649575526592], [-74.28486228277522, 5.062960308546855], [-74.28489014994743, 5.063166613960858], [-74.28489022155387, 5.063400801582322], [-74.28486803361187, 5.063590390694274], [-74.28457329261397, 5.063495694216634], [-74.28453332994732, 5.063489126883239], [-74.28420733208725, 5.063435559190208], [-74.28420071150799, 5.063434471186834], [-74.28392835992693, 5.063819295282072], [-74.28372823229081, 5.063992213629205], [-74.2835836976666, 5.0641372353479595], [-74.28323907079096, 5.064533233051431], [-74.28303895399958, 5.0647507550811], [-74.28301098503519, 5.06487840784223], [-74.28297786600967, 5.065029568415932], [-74.28278715826995, 5.0651335748221165], [-74.28273255243136, 5.065297999808359], [-74.28267012558344, 5.0654076294499495], [-74.28267797453081, 5.065532897643682], [-74.2826623997672, 5.065681659207409], [-74.28263121500561, 5.065830422765162], [-74.28256786712137, 5.0660587248266875], [-74.28252067636001, 5.0660322770351724], [-74.282399835969, 5.065964549053235], [-74.2822435993874, 5.065876986542048], [-74.28213940933462, 5.065668202755346], [-74.28189104974047, 5.065443387446829], [-74.28168600180003, 5.06529395453043], [-74.2816292569517, 5.065252599116978], [-74.2814578739483, 5.06512769002827], [-74.28127416759885, 5.064993802533617], [-74.28041150210288, 5.065399844748508], [-74.28003550954054, 5.065542567916305], [-74.2801400503035, 5.065429606866548], [-74.28041145856571, 5.065259889659139], [-74.28049585482971, 5.065174301504844], [-74.28054063641599, 5.064859245213096], [-74.28051814441909, 5.064690478708546], [-74.28041126029625, 5.064607525620775], [-74.28018310011991, 5.064524562702897], [-74.2799678141621, 5.064524629339559], [-74.27991946365569, 5.064539693057336], [-74.27972771090664, 5.064599428900922], [-74.27956215297704, 5.064765544416112], [-74.27940486306218, 5.0648652285929385], [-74.27925581012266, 5.064856969300575], [-74.2792143475278, 5.064624499779814], [-74.27918946417373, 5.064499958117597], [-74.2791977092646, 5.064383710410059], [-74.27921423651586, 5.0642508577438266], [-74.27922247988954, 5.064142915192276], [-74.27920582957906, 5.063860621796218], [-74.27913953406562, 5.063661360403746], [-74.2790401325035, 5.063520238953816], [-74.27895727822462, 5.06335420370607], [-74.2789075534713, 5.063221366120735], [-74.27900689806509, 5.063154917716956], [-74.27923042035953, 5.063005394978656], [-74.27939597250602, 5.062822681101744], [-74.27950928906726, 5.062640005301185], [-74.27947281816044, 5.0625961493834355], [-74.2793780037036, 5.062486506809324], [-74.2793050751857, 5.062428038030851], [-74.27912283651138, 5.062559695346536], [-74.2790280710635, 5.062610905114657], [-74.27883121409275, 5.062640207778124], [-74.27871457310141, 5.062684112845395], [-74.27863436235849, 5.0626841364587625], [-74.2785614409914, 5.062632973827141], [-74.2784957933234, 5.0625671978802], [-74.2784739059051, 5.062494094397662], [-74.27846656530619, 5.0623551796436805], [-74.27848839749211, 5.062194327420221], [-74.27852480966143, 5.062070019307948], [-74.27859037101604, 5.061850665976523], [-74.27859032657564, 5.061704439610531], [-74.27859000297818, 5.06169863505604], [-74.27858299766713, 5.061572842853839], [-74.27856837023253, 5.061419307356636], [-74.2785391489895, 5.061258468175556], [-74.27848077244427, 5.061097641309054], [-74.2784224108444, 5.060973362873269], [-74.27833487426595, 5.060834470690456], [-74.27833483862732, 5.060717491030519], [-74.2784004094463, 5.060542005107187], [-74.27845870950775, 5.060439627769928], [-74.27853158032879, 5.06030800569165], [-74.27859717106428, 5.060198314037478], [-74.27863358927152, 5.060095944606918], [-74.27862624840103, 5.059913165166687], [-74.27861891761104, 5.0597961845354815], [-74.27857513995093, 5.059686526003155], [-74.27847302588718, 5.059554958875046], [-74.27840215395099, 5.059494078156144], [-74.27837092756599, 5.059467251850425], [-74.27823964569146, 5.059335693365291], [-74.27816670476714, 5.0592260443683905], [-74.27810832823343, 5.059094455992752], [-74.27808643052293, 5.058999420124262], [-74.27809368905801, 5.058897064811806], [-74.27809365352918, 5.0587800742764975], [-74.27807902555836, 5.058626551379186], [-74.27804251811557, 5.05843647339235], [-74.2780424817145, 5.0583194828548645], [-74.27795494670482, 5.058173280619188], [-74.2779111761726, 5.058092876859633], [-74.27783822335329, 5.057946675692171], [-74.27781631420719, 5.057837006486235], [-74.27776525851885, 5.0577565971661915], [-74.2777579261098, 5.0576469335927206], [-74.27779433809671, 5.057478760836404], [-74.27780888050195, 5.0573471579743146], [-74.27785986715125, 5.057193602478749], [-74.27793073124896, 5.0571374701138545], [-74.27799837010767, 5.057083894734854], [-74.27811499471612, 5.056988811872225], [-74.27820974950639, 5.056879109849049], [-74.27829720577036, 5.056754798841499], [-74.27830445640842, 5.056637821081943], [-74.27831171623608, 5.056506205454593], [-74.27830937440504, 5.056495900785171], [-74.2782752050023, 5.056345372400811], [-74.27823870892335, 5.0561991545402], [-74.2781876245861, 5.0560456302269134], [-74.27817300372153, 5.05591403421349], [-74.27813651563815, 5.055782442406409], [-74.27810730101284, 5.055650849825013], [-74.27803435546627, 5.0555265773261455], [-74.27793952701997, 5.055365756935858], [-74.27786657965285, 5.055248804235812], [-74.27781551712802, 5.055161082284688], [-74.27783006217848, 5.055036782062268], [-74.27784460464608, 5.054905179205373], [-74.27786542642042, 5.054821560894866], [-74.27788101722058, 5.054758942442825], [-74.2779465978337, 5.054649250969624], [-74.27799030366275, 5.054503015216687], [-74.27802173406637, 5.054411739488471], [-74.27802239349849, 5.054409822727429], [-74.27802368365779, 5.054406075217913], [-74.27805180613316, 5.054324416794151], [-74.27810054986747, 5.054232707020847], [-74.2781431931403, 5.05414098936574], [-74.27817363880713, 5.0540187180424425], [-74.27825896611792, 5.053926988637604], [-74.27835036937701, 5.0538108149418965], [-74.27839910107232, 5.05367019352318], [-74.27843564890141, 5.053547911984495], [-74.27848439048736, 5.053450090290435], [-74.27841011332727, 5.053328060691156], [-74.27831755980726, 5.053192027319308], [-74.27822501329835, 5.053080727518567], [-74.27814480470835, 5.0529818027609075], [-74.27807075866346, 5.052851944307495], [-74.27802755828385, 5.05274682381907], [-74.27794734717017, 5.052635518645423], [-74.27789797874173, 5.052530399433182], [-74.27783626410606, 5.05239436037404], [-74.27781155735488, 5.052276855617118], [-74.2777930099509, 5.052134613254394], [-74.27777446798177, 5.0519923735922045], [-74.27779783527967, 5.051773394010721], [-74.27800011851787, 5.051641019633478], [-74.27818140522446, 5.051615000565993], [-74.27831092135011, 5.051614959828407], [-74.27842811200729, 5.051627287536155], [-74.2785329518227, 5.051621076689087], [-74.27868095651482, 5.0515591826206405], [-74.27873481425974, 5.051498786048564], [-74.27878576939042, 5.051441649759901], [-74.27889058249082, 5.051342662569372], [-74.27897689246956, 5.051218942953527], [-74.27907552537691, 5.051058115830581], [-74.27914949504206, 5.050940589458098], [-74.27918647627251, 5.050853989667242], [-74.27918026614508, 5.0507179354366], [-74.27916789893185, 5.05061279496173], [-74.2791123496977, 5.050476751122589], [-74.27903212796186, 5.05032216317317], [-74.27900743450014, 5.050229409257189], [-74.27900739300634, 5.050087160358328], [-74.27900119431484, 5.049988204684378], [-74.27902580611983, 5.049802665919588], [-74.27905043145559, 5.049660403696589], [-74.27905655378844, 5.049493422619901], [-74.27906267109584, 5.049332621334615], [-74.27905644985198, 5.049147090853936], [-74.27905023931545, 5.049017206434018], [-74.27902552916629, 5.048887338558631], [-74.2790193297681, 5.0487760215074555], [-74.27902544285737, 5.048590478479661], [-74.27903157855283, 5.048491532879673], [-74.27901919191164, 5.04832205392064], [-74.27901449512551, 5.04831956230761], [-74.27890910995634, 5.048339121778198], [-74.27875365859097, 5.0482988260098045], [-74.27868765452419, 5.048319661454773], [-74.2787612249196, 5.048172013369883], [-74.27884846440523, 5.047996902116732], [-74.27892699226581, 5.047848050834439], [-74.2790054993095, 5.047629170808918], [-74.27902291338022, 5.047480347622692], [-74.27903157973032, 5.047270241488119], [-74.2789616866712, 5.0471039258631185], [-74.27883943396179, 5.0469989103745565], [-74.27884413073679, 5.047001401991537], [-74.27878299356864, 5.046896369270694], [-74.27875675869379, 5.046756314490264], [-74.27873053554863, 5.04663376032062], [-74.27866062917211, 5.046397417664466], [-74.27866056699942, 5.046187314209981], [-74.27862869407099, 5.045932160961131], [-74.27865403753492, 5.045770874825693], [-74.27866245773762, 5.045609594862042], [-74.27860315948263, 5.045465301906272], [-74.27858619722745, 5.045337981087175], [-74.27853536645685, 5.045202182900319], [-74.27851838289182, 5.045040906782871], [-74.2785183361271, 5.044879628093258], [-74.27852676508803, 5.044752289865073], [-74.27851825258286, 5.044599503095865], [-74.27850127757365, 5.044446719405803], [-74.27845043966619, 5.044268473414036], [-74.27839113026751, 5.044090233220787], [-74.27831489410387, 5.043912008218172], [-74.2782555909297, 5.043750740220762], [-74.27822168417237, 5.043606445162306], [-74.27814544810435, 5.043428202015192], [-74.2780861194439, 5.043173573130071], [-74.27805219762858, 5.042969855322096], [-74.27795058180209, 5.042842559753565], [-74.27774741005231, 5.042766226742116], [-74.27752731851032, 5.0427493189140495], [-74.27736648410225, 5.042749368128809], [-74.2772310314649, 5.042698466968435], [-74.27703630807099, 5.042605156613102], [-74.27688392066035, 5.042511827253675], [-74.27685745795915, 5.042462116114024], [-74.27681615600395, 5.0423845237390985], [-74.27678226379322, 5.042231742348063], [-74.27672296765998, 5.04209594419355], [-74.2767125202339, 5.0420123801343255], [-74.27670598672862, 5.041960136204864], [-74.27678215567792, 5.04187522577632], [-74.27684982635353, 5.041730897493681], [-74.27690058422695, 5.041620531550452], [-74.27693438969966, 5.041433776734299], [-74.27691742963884, 5.041323430708109], [-74.27683275383981, 5.0412215970376595], [-74.27672269049656, 5.041162210356601], [-74.27659568801278, 5.041085855708424], [-74.27630786198363, 5.041001050152219], [-74.2760962282045, 5.040941700770676], [-74.2758422706884, 5.0409163074017], [-74.27557984882266, 5.040865451336855], [-74.27538515129353, 5.04086550937925], [-74.27524120335273, 5.040670324822774], [-74.2751734398315, 5.040534526725083], [-74.275076051729, 5.040322815068678], [-74.27476645021031, 5.039578325410856], [-74.27429595566666, 5.038759415853788], [-74.2743973017087, 5.038648481342807], [-74.27455496427116, 5.038620898984523], [-74.27483524481167, 5.0383995021603765], [-74.27504992043994, 5.038196069302429], [-74.27513282744145, 5.038057415185776], [-74.27519300887627, 5.037956765648365], [-74.27533012076103, 5.037699521542107], [-74.27541354148853, 5.037388455631915], [-74.27555062021766, 5.037017558608902], [-74.27568770593005, 5.036658630288181], [-74.27580688895144, 5.036269791774158], [-74.27591412724937, 5.035833109995491], [-74.27600951127825, 5.035647653202522], [-74.27606315034355, 5.035498100234623], [-74.27617044690842, 5.035266782863763], [-74.27627775459369, 5.035057395132662], [-74.27631346053332, 5.034782236666177], [-74.2763312753413, 5.034507080709189], [-74.27636097996687, 5.034100327996704], [-74.27636684930903, 5.03377732515516], [-74.27636083323557, 5.033597881433134], [-74.27638463120091, 5.033388519926617], [-74.27642632463073, 5.033191117383365], [-74.27649783913209, 5.032975760325274], [-74.27662304196241, 5.032778332511053], [-74.27679001454507, 5.032640708852551], [-74.2769271468844, 5.0324552408096785], [-74.27711798248404, 5.032317609219361], [-74.27724319984543, 5.032168033528938], [-74.27735647080902, 5.0319646275210985], [-74.27736124047651, 5.0319550571375204], [-74.2774637724477, 5.031749261800488], [-74.27743984592179, 5.0315159886820835], [-74.27731456775513, 5.031462193335559], [-74.27714752597245, 5.031366535998184], [-74.27699904310015, 5.031249665358041], [-74.27653522726149, 5.030890210331897], [-74.27685456290384, 5.030453780794552], [-74.27721984386991, 5.029966740679737], [-74.27749380567245, 5.029613637124342], [-74.27767035777859, 5.029449258741869], [-74.27785299666115, 5.029254443572149], [-74.27805576305602, 5.029114186376965], [-74.27844669290573, 5.029076728990639], [-74.27901452991276, 5.02947134901367], [-74.27918614827928, 5.0296237541528495], [-74.27928461790027, 5.029711200673492], [-74.27934876590228, 5.02981967968568], [-74.27958263264841, 5.030215160914438], [-74.27979743471528, 5.030430432441307], [-74.27999231652244, 5.030625742400104], [-74.28020732632437, 5.0309240911193385], [-74.28021516028114, 5.030934962273964], [-74.28023443438993, 5.030961701942738], [-74.2802416854188, 5.030964229274644], [-74.28060177920254, 5.031089703923978], [-74.28066265318097, 5.03111091580265], [-74.28094903184858, 5.03132304482912], [-74.28109092642514, 5.031428150474131], [-74.28118990987787, 5.031533550396965], [-74.28138888500203, 5.031745421280675], [-74.28166821662568, 5.032025363039349], [-74.28172143946014, 5.032087590818844], [-74.28200343303014, 5.0324172964960185], [-74.28204681722144, 5.032565046205268], [-74.28209661329474, 5.03273463327368], [-74.2820966559226, 5.032872998675011], [-74.28209671812874, 5.0330706672789685], [-74.28217225655231, 5.033208294996867], [-74.28230161601716, 5.033443975626261], [-74.28252508171532, 5.033667928315448], [-74.28272993697303, 5.033910551886111], [-74.28302796763052, 5.034451848530999], [-74.28313193659044, 5.03484521652354], [-74.28319571557131, 5.035086526343365], [-74.2832889326385, 5.0355158730491585], [-74.28338211250154, 5.0358332111545785], [-74.28356572454706, 5.036017219816082], [-74.2837545593843, 5.036206463211396], [-74.28410837732557, 5.036542386254284], [-74.2844876665328, 5.03690439472329], [-74.28449943978029, 5.036915632597938], [-74.28472292637188, 5.037195590971698], [-74.28498366247585, 5.03753154325697], [-74.28509550398597, 5.037979550144989], [-74.28528181031632, 5.038427538315822], [-74.28528221504351, 5.038428715562781], [-74.28529030408515, 5.038452215272741], [-74.28546814793384, 5.0389688661338194], [-74.28570679997549, 5.039327595429529], [-74.28572890245049, 5.0393608211403755], [-74.28617577015235, 5.039584703683672], [-74.28652957401124, 5.039864614957964], [-74.28674206524828, 5.0400471418045], [-74.28692062781971, 5.040200523421747], [-74.28723724763353, 5.040629798338075], [-74.28737609896358, 5.040942820227195], [-74.28738628667607, 5.040965787325194], [-74.28738115108783, 5.041277901772041], [-74.28738433705428, 5.041353972599156], [-74.28739170507806, 5.041529922010835], [-74.28739181370307, 5.041530558772751], [-74.28745465265277, 5.041897439853172], [-74.2874233088054, 5.042117972890889], [-74.28742338319465, 5.042350880133071], [-74.2874234184421, 5.042464508981509], [-74.28731880179474, 5.042779573767568], [-74.28731891327, 5.043126109861937], [-74.28732954001678, 5.043609156259283], [-74.287277382638, 5.044239236196402], [-74.28763378829579, 5.045362731790665], [-74.28789278645017, 5.045743391068668], [-74.28794809244941, 5.045824676909226], [-74.2879363263848, 5.045996569073446], [-74.28792724662445, 5.046129214881703], [-74.28788547484866, 5.04648626441486], [-74.28785418121406, 5.0468643143133285], [-74.28789840781126, 5.0469824636136815], [-74.2880113944494, 5.047284304945872], [-74.28816860884663, 5.04770429457673], [-74.28829436302694, 5.047987783805501], [-74.288392053546, 5.048013873381574], [-74.28860854838429, 5.048071691793077], [-74.28869735669132, 5.048071663000461], [-74.28884668395368, 5.048071613584773]]]], "type": "MultiPolygon"}}, {"type": "Feature", "properties": {"CODIGO": "25777000100000003", "SECTOR_CODIGO": "257770001", "NOMBRE": "LOS CRISTALES", "Area_ha": 250.49826929287926, "Perimetro": 8905.6985464711, "Shape_Length": 8900.711752964606, "Shape_Area": 2504982.6929287924, "USO_CAMP": "Agricola", "Descripcion": "90% caf\u00e9 y 10% cultivos a pan coger."}, "geometry": {"coordinates": [[[[-74.26565219665021, 5.0754909290360235], [-74.26560517801906, 5.07543124443059], [-74.2655373314496, 5.07528481367909], [-74.2654788027801, 5.075158492916413], [-74.26535243420125, 5.07494419980027], [-74.26519692400518, 5.0747104344393], [-74.26503169041635, 5.074476667245063], [-74.26484703524426, 5.07426238134058], [-74.26472068619219, 5.074116283942164], [-74.26457490732301, 5.073960450848732], [-74.26446800358426, 5.073814345161593], [-74.26434162661636, 5.073580570370444], [-74.26427356456679, 5.0733662604694345], [-74.26418607730407, 5.073210404527102], [-74.26405003769409, 5.073132511913815], [-74.26383627332163, 5.073054626543314], [-74.26367108223903, 5.072966994538522], [-74.26353503640425, 5.072840388035473], [-74.26343783672921, 5.072704017788938], [-74.2634169928079, 5.0726473426894385], [-74.26336977872484, 5.072518940105701], [-74.26341828707444, 5.072255883744814], [-74.26350566673808, 5.072031784649319], [-74.2635056262071, 5.07188565428602], [-74.26349994250884, 5.071865732556794], [-74.2634472746544, 5.071681081696039], [-74.26324321809099, 5.071573969919631], [-74.2631773432943, 5.071528268520412], [-74.26311688706883, 5.071486326842446], [-74.26305856175088, 5.071369438740185], [-74.2630304316192, 5.0711349366865335], [-74.26302934297507, 5.071125889862805], [-74.26300357147136, 5.071091451786216], [-74.26291816012713, 5.070977315616654], [-74.26291271579036, 5.070970040767414], [-74.26288549531107, 5.070948215777072], [-74.26276695250556, 5.07085317597349], [-74.26260176038484, 5.07073631108379], [-74.26257226080351, 5.07067508446817], [-74.26246566154967, 5.070453830838107], [-74.26222271922917, 5.070239564301039], [-74.26197009815832, 5.0701909266093885], [-74.26171750375023, 5.070249451160588], [-74.26163261359255, 5.070233514029293], [-74.2615620494727, 5.070220268771883], [-74.26134830308487, 5.070210581014993], [-74.2612123140871, 5.0703080423420674], [-74.26112490972386, 5.0704347136991474], [-74.26105694125314, 5.070600353292408], [-74.2609889666183, 5.070727019312692], [-74.26086269459545, 5.070824469790831], [-74.26071699276878, 5.070921942770611], [-74.26059651773583, 5.070921974169535], [-74.26059068329198, 5.070921975595876], [-74.26042550111194, 5.070844080012484], [-74.26026028622825, 5.0706590274085075], [-74.26015335723703, 5.070464206836207], [-74.26014358910275, 5.070249885563687], [-74.26005611741894, 5.070142739786937], [-74.25991034587855, 5.069996644439058], [-74.25980342513249, 5.069821314157448], [-74.25970621901571, 5.069626492588122], [-74.25959929847834, 5.069441422006637], [-74.25946323028302, 5.069246611837077], [-74.2593368589498, 5.06900309059823], [-74.25922993871744, 5.0688082715203775], [-74.25913274586291, 5.068691392460228], [-74.25878299317448, 5.068710976628568], [-74.25860810507407, 5.068672057518755], [-74.25843319596441, 5.0685649350042565], [-74.25829714245117, 5.068399348763762], [-74.25829636830768, 5.068397509894036], [-74.2582193657942, 5.068214269949941], [-74.25811243873962, 5.068029202584635], [-74.25793752217936, 5.067883116204337], [-74.25782550716936, 5.06785251455382], [-74.2576168888756, 5.067795520236742], [-74.25755389953653, 5.06782448885943], [-74.257520117655, 5.067638418632777], [-74.25755435909983, 5.067545130733978], [-74.25752067826637, 5.067463100401069], [-74.25749250951897, 5.067394491202096], [-74.25771264889015, 5.06741154222056], [-74.25778024822931, 5.067418538832147], [-74.25791059864252, 5.067432023008197], [-74.25804028947209, 5.0674319879167475], [-74.25814268143135, 5.067431961566921], [-74.25814407127577, 5.067431633133039], [-74.25825871044262, 5.067404547326536], [-74.2583883925035, 5.067377141792065], [-74.25850442997347, 5.0673839572229245], [-74.25862048492827, 5.067424986037189], [-74.25876383876277, 5.067466011462654], [-74.25890035562765, 5.067465975579331], [-74.25904368772106, 5.0674659354484985], [-74.25924164854406, 5.067479572744356], [-74.25937816336861, 5.067506918002249], [-74.25952150079134, 5.067486343182016], [-74.25963754573476, 5.0674863117208595], [-74.25978770900284, 5.067493117452872], [-74.25996519527162, 5.067527287347518], [-74.2601290070562, 5.0675340890285305], [-74.2602586870622, 5.067486142237265], [-74.260355079892, 5.0673937139938365], [-74.26050010666108, 5.06730811996663], [-74.26067072717458, 5.067231075304834], [-74.26089254262122, 5.067154007720065], [-74.26109137267049, 5.067060863967996], [-74.26133068626872, 5.067020798540805], [-74.26152347161013, 5.067040739077191], [-74.26166972880128, 5.067060705164025], [-74.2620885343556, 5.067073917132364], [-74.26234114955261, 5.067067185550746], [-74.26248739612593, 5.067033809595696], [-74.26265356646502, 5.066953769219468], [-74.26290229070743, 5.066828979763839], [-74.26293272880979, 5.066813707854118], [-74.26320526778234, 5.066726974947903], [-74.2634645198171, 5.066693571745062], [-74.26373043713119, 5.066733492543729], [-74.26392989035197, 5.066826760072352], [-74.26421576046627, 5.066880018290563], [-74.26460135050245, 5.066953229602959], [-74.26472180212924, 5.066990357992231], [-74.26494705882749, 5.067059795541997], [-74.26514539847811, 5.067082864680204], [-74.26523292257987, 5.067093044441016], [-74.26555865994742, 5.067092953696457], [-74.26574779305705, 5.067040831553329], [-74.26589766739724, 5.066999528025235], [-74.26616357158133, 5.066959454088227], [-74.26646271888376, 5.0669527058345984], [-74.26680175560625, 5.06699260699335], [-74.26736682573984, 5.067012448087023], [-74.26767889269583, 5.067028113071311], [-74.26786679470365, 5.0670523671949965], [-74.2681091575294, 5.066778807163872], [-74.26835958309628, 5.066404276991856], [-74.26843025586278, 5.066298571451286], [-74.26845944123487, 5.066227259189694], [-74.26856957043225, 5.065958173840913], [-74.26876346716121, 5.065763630179793], [-74.26898162702034, 5.06565417902862], [-74.26915654075914, 5.065436130470464], [-74.26918156519767, 5.065404931743411], [-74.26952086664332, 5.064979391639745], [-74.26974503905375, 5.06469974875552], [-74.27004794764619, 5.064189134426451], [-74.27020478563966, 5.063999805276668], [-74.27043571571002, 5.063721043890254], [-74.2708477590168, 5.063354133954119], [-74.27092047451148, 5.063289386506189], [-74.27116284757555, 5.063064433724813], [-74.27172677493279, 5.063951618911996], [-74.2720608849472, 5.064021572151416], [-74.2721798639738, 5.064046482731491], [-74.27239353264842, 5.064091220442474], [-74.27316941568716, 5.064382717217999], [-74.27338692922224, 5.064439904294861], [-74.27365433842412, 5.064510208616821], [-74.27382394480449, 5.064545853302421], [-74.27414531149108, 5.064613384737796], [-74.27452715897196, 5.064625425785872], [-74.27481206691682, 5.064746898692012], [-74.27536370560574, 5.065068851766846], [-74.27549508335231, 5.065137411937843], [-74.27559667885866, 5.065194676446846], [-74.27574273001912, 5.065271030531674], [-74.27588240167078, 5.065277355655752], [-74.27595857614112, 5.0652264009103405], [-74.27598940393553, 5.06527069342974], [-74.27606156771436, 5.065374372425664], [-74.27610182624434, 5.0654953543975], [-74.27626272844644, 5.065567898786454], [-74.27638339935852, 5.065567861612964], [-74.276471875098, 5.065527508514558], [-74.27656034081112, 5.06547101560251], [-74.27664884542686, 5.065535519707878], [-74.27676150565769, 5.065640356450286], [-74.27685002229533, 5.065753260958823], [-74.27695463081669, 5.06586615359207], [-74.27708337219698, 5.065970987463682], [-74.27714774905388, 5.066035500190752], [-74.2772443090304, 5.066148395068673], [-74.27737301701707, 5.066164489777848], [-74.27748564837458, 5.0661644573871865], [-74.27758217793131, 5.066164428726266], [-74.2776867503167, 5.066172465837394], [-74.27783158138406, 5.066269215020021], [-74.27796837543602, 5.066406310572448], [-74.27805685898893, 5.066396596465724], [-74.27814051795468, 5.066396574139416], [-74.27824992900977, 5.06640299647392], [-74.27836578384371, 5.0664545926443925], [-74.27843012944702, 5.066428750181722], [-74.27853950905279, 5.066338377994759], [-74.27864821712893, 5.06633834681418], [-74.2786682133052, 5.066338339863744], [-74.2787840709443, 5.06640283657666], [-74.2789514166141, 5.066486679225652], [-74.27907369736418, 5.0664930985907], [-74.27920882278137, 5.066428514659003], [-74.27933482504524, 5.066421827841187], [-74.27945335962714, 5.066415538499071], [-74.2795253484654, 5.066417578490978], [-74.27967860425807, 5.066421926013437], [-74.27988454290185, 5.066421863331851], [-74.28036260601519, 5.0666359355044], [-74.28037664417879, 5.066643707083699], [-74.28041188276384, 5.06666321627394], [-74.280570604926, 5.066722631462348], [-74.28073448887459, 5.066812558860407], [-74.2809764314202, 5.06698461671824], [-74.2810466654655, 5.067004157896663], [-74.28110127600128, 5.066980670651241], [-74.2811285613142, 5.066910239576796], [-74.28112463107382, 5.066788965460868], [-74.28103093063042, 5.066573826178952], [-74.28098540006035, 5.0665010728224065], [-74.28088650569185, 5.066343052855664], [-74.28064846212932, 5.066147513080643], [-74.28041167441837, 5.06597107280626], [-74.28040382788303, 5.065923385536339], [-74.28040350642164, 5.065921430902464], [-74.28040348511567, 5.065852841771467], [-74.2804116294091, 5.065827176418853], [-74.28023668330334, 5.065768374115544], [-74.28021650344735, 5.065758936278797], [-74.28011600428734, 5.065711944442621], [-74.2800677131469, 5.0656393620187306], [-74.28003550954054, 5.065542567916305], [-74.28041150210288, 5.065399844748508], [-74.28127416759885, 5.064993802533617], [-74.2814578739483, 5.06512769002827], [-74.2816292569517, 5.065252599116978], [-74.28168600180003, 5.06529395453043], [-74.28189104974047, 5.065443387446829], [-74.28213940933462, 5.065668202755346], [-74.2822435993874, 5.065876986542048], [-74.282399835969, 5.065964549053235], [-74.28252067636001, 5.0660322770351724], [-74.28256786712137, 5.0660587248266875], [-74.28271625400669, 5.066141889196724], [-74.28285554511116, 5.066227545277185], [-74.28295532341862, 5.0663906968970505], [-74.28292913713051, 5.066564409392787], [-74.28281896764305, 5.066785516179313], [-74.28276128248673, 5.066980290601706], [-74.28285060687267, 5.067269772722477], [-74.28289266577592, 5.067480303616547], [-74.28288832568062, 5.0675393285682055], [-74.2828717595558, 5.067764559273318], [-74.2828928520715, 5.068085634701505], [-74.28284465482417, 5.068245676851655], [-74.28284170822074, 5.068255463561433], [-74.28282468027982, 5.0683120028695], [-74.28271450426018, 5.068512055077173], [-74.28252556492264, 5.068617384589189], [-74.28235234515347, 5.0686542846831495], [-74.28202165588674, 5.06869123547498], [-74.28194247197621, 5.068703479662267], [-74.28161223177638, 5.068754526122923], [-74.28119229375773, 5.0687757063318335], [-74.28113191247418, 5.068780265814233], [-74.28098232064598, 5.068791560009669], [-74.28094655399, 5.068803156188245], [-74.28064351301902, 5.06890140231278], [-74.2804125842168, 5.0689762711950515], [-74.28035200183356, 5.069081252803974], [-74.2801820365508, 5.069375781036885], [-74.28009617528404, 5.069490654189762], [-74.28004248965473, 5.0694936603640555], [-74.27999475353242, 5.069448814424026], [-74.27992313146964, 5.0693142533897095], [-74.27987021159255, 5.0691484270914735], [-74.27980267934677, 5.06918231247984], [-74.27966916643318, 5.069425912455046], [-74.27951135940404, 5.0696695116489225], [-74.27951142955789, 5.069900894840023], [-74.27941434563691, 5.070120124339574], [-74.2792929457358, 5.070290648677909], [-74.27918370232793, 5.070473345642774], [-74.27913518599905, 5.070680380054292], [-74.27919200001112, 5.070794235201012], [-74.27922025121043, 5.070850849565988], [-74.27929165455281, 5.070940702266504], [-74.27890935544868, 5.071170277105849], [-74.278751949265, 5.071264799870044], [-74.27895960520128, 5.071257131578189], [-74.27919327404493, 5.071248503316724], [-74.27941624835985, 5.071288358079351], [-74.27946052639783, 5.071296272465741], [-74.27973063499178, 5.0713795166197775], [-74.27983278830881, 5.071411001291893], [-74.28008098364478, 5.0715544794994605], [-74.28019554926387, 5.071669289569352], [-74.2802202191907, 5.07190767323758], [-74.28022427015154, 5.071946823087771], [-74.28018773389104, 5.072076249104161], [-74.28006861607219, 5.072115382375698], [-74.28006445545053, 5.072116748720513], [-74.28014262047407, 5.072236066204968], [-74.28024717193242, 5.072406565614804], [-74.28021858488022, 5.07255372079666], [-74.2801649320224, 5.07266140494403], [-74.28003968435, 5.07272604489462], [-74.27991083166405, 5.0727081408468315], [-74.27972469066147, 5.07262206507653], [-74.27954929620601, 5.072561108699697], [-74.27943476053878, 5.072546789054885], [-74.27928801136741, 5.072525301110912], [-74.27919521627734, 5.072485781345108], [-74.27914512289777, 5.0725132651617875], [-74.27902436732671, 5.07257951563123], [-74.27890270995563, 5.072683632805948], [-74.27883473669857, 5.072776966178187], [-74.27875962897417, 5.072949257392429], [-74.27863796816548, 5.073018676407727], [-74.27857307242218, 5.073036699052262], [-74.27847878510426, 5.07306288504485], [-74.278421891204, 5.0731905136983535], [-74.27837744673418, 5.073290214613124], [-74.2781866352766, 5.073526544820424], [-74.27795404611341, 5.07370008133628], [-74.27786897397262, 5.073744546797829], [-74.27765446956943, 5.073700922735819], [-74.27767531292366, 5.073729642372159], [-74.27775166257972, 5.073834847111441], [-74.2777638453274, 5.073956626210454], [-74.2777365682611, 5.0740204974816825], [-74.27765462118643, 5.074212390203202], [-74.27759107434998, 5.074334125473837], [-74.27752110457985, 5.0744681660540225], [-74.27737543798098, 5.07469958882205], [-74.27727838175028, 5.075028422078395], [-74.27720557956967, 5.075235458442925], [-74.27716680055424, 5.075505817782463], [-74.27701140824895, 5.075720200694319], [-74.27687567086679, 5.075866475739542], [-74.27674916903553, 5.0760027978081315], [-74.2765257689668, 5.076178225976952], [-74.27621492650543, 5.076382902689448], [-74.27611764197994, 5.076442170271538], [-74.27594293823248, 5.076548604256748], [-74.27569035733505, 5.076636360488047], [-74.27542803887275, 5.076655926607313], [-74.27525318538166, 5.076743656712794], [-74.27509775358286, 5.076831382805925], [-74.27495205970135, 5.076967814044282], [-74.27471895255393, 5.077201697493279], [-74.27454412678067, 5.077386854517116], [-74.27429157555011, 5.0775525434556], [-74.27427333521838, 5.077564186245269], [-74.27407786180756, 5.077689001183087], [-74.27389329996572, 5.077796220601293], [-74.27370874093688, 5.0779131846801615], [-74.27347563403231, 5.078156803526392], [-74.27328137410038, 5.078341967938292], [-74.27313568611896, 5.0784978829120515], [-74.27306771085244, 5.078614812328599], [-74.27309692406837, 5.078838878419977], [-74.27307754795295, 5.079033723002145], [-74.27304846971656, 5.07926754293096], [-74.27298051826781, 5.079462409153703], [-74.27291255186228, 5.079628051240823], [-74.27284457720768, 5.079735232342252], [-74.272708549209, 5.079725531571833], [-74.27258224762701, 5.079725567153954], [-74.27231990732217, 5.079667192810807], [-74.27216442703967, 5.079560069610491], [-74.27203809251897, 5.079472427183222], [-74.27180488044364, 5.079345849149988], [-74.27168831909941, 5.079433560504176], [-74.27146486750092, 5.079482344385005], [-74.27126083683326, 5.079472653325606], [-74.27112484317523, 5.079531143411901], [-74.27096942254491, 5.07967732259308], [-74.27084312179308, 5.079677359640162], [-74.27071680297357, 5.079609206314284], [-74.2706876131611, 5.079463079501919], [-74.27067782987953, 5.079248755752268], [-74.27064863726882, 5.0790928833158375], [-74.27050286698336, 5.078956540725929], [-74.27014335103165, 5.078829989841834], [-74.26997815886571, 5.078752107477457], [-74.26982268563411, 5.078664468457722], [-74.269727326533, 5.078592798504631], [-74.26966720308523, 5.0785476070134], [-74.2695700076251, 5.0784209802421705], [-74.26943394545393, 5.078245658338192], [-74.26922987772387, 5.078119071575567], [-74.26909382544015, 5.078011941779394], [-74.26896850021032, 5.078003603419183], [-74.26894808946732, 5.078002245627146], [-74.26872462845988, 5.078012047806991], [-74.26853034505963, 5.078090046347814], [-74.26852847672093, 5.078091171974963], [-74.26852623254531, 5.078092520922185], [-74.26852396942782, 5.078093873525851], [-74.26852166212973, 5.0780952434075965], [-74.26851939537282, 5.078096580636753], [-74.2685171087664, 5.078097918809734], [-74.26851481132495, 5.0780992533847815], [-74.26851251567044, 5.078100578908287], [-74.2685102100832, 5.078101900832101], [-74.2685079243048, 5.078103201001703], [-74.2685056042608, 5.07810451300109], [-74.26850327518287, 5.078105819589403], [-74.26850100287572, 5.078107087159642], [-74.26849870892678, 5.078108362010817], [-74.26849864853428, 5.078108394702396], [-74.26849837632395, 5.078108545434603], [-74.26849169353667, 5.078112187731561], [-74.26848467528208, 5.078115932930454], [-74.26847762441616, 5.078119613047605], [-74.26847053913599, 5.078123228991342], [-74.26846342304916, 5.078126779849772], [-74.26845627435098, 5.078130265626457], [-74.26844909575024, 5.078133687220873], [-74.26844188363229, 5.078137041925688], [-74.26843464251233, 5.078140331541658], [-74.2684273723886, 5.078143555163986], [-74.26842007416165, 5.078146711886084], [-74.26841274603038, 5.078149803521092], [-74.26840539069292, 5.078152825539702], [-74.26839800815634, 5.078155781561098], [-74.26839059841889, 5.078158670680504], [-74.26838316418402, 5.078161491082984], [-74.2683757036506, 5.078164244581678], [-74.26836821861802, 5.078166928458647], [-74.26836071089797, 5.078169546329531], [-74.26835317957932, 5.078172093672133], [-74.26834562286268, 5.078174573204357], [-74.26833804615853, 5.078176983105998], [-74.26833044766396, 5.0781793242853706], [-74.26832282737722, 5.078181595837687], [-74.26831518800705, 5.078183798662444], [-74.26830752954817, 5.078185930045214], [-74.26829984929887, 5.07818799270574], [-74.26829215266964, 5.078189984823755], [-74.26828443785755, 5.078191907307618], [-74.26827670486084, 5.078193759252528], [-74.26826895818942, 5.078195539744823], [-74.26826119333514, 5.078197250602964], [-74.26825341390028, 5.078198888200661], [-74.26824562079779, 5.078200457964915], [-74.26823781221414, 5.078201955375314], [-74.26822999085812, 5.078203381331303], [-74.26822215853437, 5.078204735829348], [-74.26821431163535, 5.07820601978134], [-74.26820645557153, 5.07820723136703], [-74.26819858763588, 5.078208370591766], [-74.26819071053896, 5.078209439259792], [-74.26818282337666, 5.078210436468101], [-74.2681749270478, 5.078211360405301], [-74.26816702426287, 5.0782122128757035], [-74.26815911231314, 5.078212992979799], [-74.26815119390561, 5.078213700712262], [-74.2681432708467, 5.078214336974382], [-74.26813534132823, 5.078214899960071], [-74.26812740715837, 5.078215391475397], [-74.2681194683354, 5.0782158106155615], [-74.26811152756626, 5.078216157375225], [-74.26810358214225, 5.078216430854931], [-74.26809563567618, 5.078216632857176], [-74.26808768726399, 5.078216762478937], [-74.26807973780623, 5.078216818813626], [-74.268071788207, 5.078216802764269], [-74.26806383937041, 5.07821671523392], [-74.26805589309406, 5.0782165525998115], [-74.26804794668155, 5.078216320296063], [-74.2680400028328, 5.078216014698163], [-74.2680320624537, 5.078215637613921], [-74.26802412644305, 5.078215187231983], [-74.26801619389673, 5.07821466264932], [-74.26800826753237, 5.0782140692893885], [-74.26800034553291, 5.078213400822163], [-74.26799242971187, 5.078212661768086], [-74.26798452277447, 5.078211851217044], [-74.26797662200842, 5.07821096645994], [-74.26796873012601, 5.078210010205872], [-74.26796401514763, 5.078209405107618], [-74.26796257835784, 5.078208803522039], [-74.2679555577626, 5.078205811559546], [-74.26794856591297, 5.078202753489885], [-74.26794160370952, 5.078199628406497], [-74.26793466935109, 5.07819643812251], [-74.26792776824992, 5.078193181722493], [-74.26792089679846, 5.07818986011835], [-74.26791405589903, 5.078186473308289], [-74.2679072491645, 5.078183023094838], [-74.2679004747849, 5.078179506767128], [-74.26789373366789, 5.078175927037802], [-74.26788702490933, 5.078172283003814], [-74.26788035302445, 5.0781685764659334], [-74.26787371620505, 5.0781648056180595], [-74.26786711445644, 5.078160973174638], [-74.26786055048203, 5.07815707732072], [-74.26785402157842, 5.078153119871221], [-74.26784753225726, 5.078149100817314], [-74.26784107980976, 5.078145019259486], [-74.26783466694826, 5.078140877906845], [-74.26782829367095, 5.078136675854562], [-74.26782195817319, 5.078132413106201], [-74.26781566587074, 5.078128090555922], [-74.26780941405485, 5.078123707304251], [-74.26780320273079, 5.0781192660655785], [-74.2677970346056, 5.078114766834586], [-74.26779090967571, 5.0781102078017035], [-74.2677848270441, 5.078105591683058], [-74.26777878761311, 5.078100918476913], [-74.26777279408797, 5.078096187273137], [-74.2677668446693, 5.0780914007896705], [-74.2677609411565, 5.078086556308594], [-74.26775508355661, 5.078081657449082], [-74.267749270962, 5.078076701498514], [-74.26774350698908, 5.07807169206901], [-74.2677377907302, 5.078066626447933], [-74.26773212129187, 5.078061509161064], [-74.26772650137403, 5.078056336583897], [-74.26772093008141, 5.078051112337376], [-74.26771540921514, 5.078045834608381], [-74.26770993697231, 5.078040504305255], [-74.26770451696581, 5.078035123230491], [-74.26769914648685, 5.078029690484639], [-74.2676938282442, 5.078024206967151], [-74.26768856133555, 5.078018672679817], [-74.26768359533268, 5.0780133576685165], [-74.26768335028315, 5.07801309304258], [-74.26767819056118, 5.078007460825887], [-74.26767308307907, 5.078001779647174], [-74.26766802874268, 5.077996051314283], [-74.26766303025545, 5.07799027401227], [-74.26765808491749, 5.077984451365694], [-74.26765319633103, 5.077978579748227], [-74.26764836269848, 5.077972662782621], [-74.26764358492218, 5.077966700467124], [-74.26763886300213, 5.077960692801735], [-74.26763419784243, 5.07795464068947], [-74.26762959215006, 5.077948544125021], [-74.267625042321, 5.077942405829863], [-74.26762055105696, 5.0779362230843015], [-74.26761611836145, 5.077929997697933], [-74.2676117451421, 5.077923732383364], [-74.26760743049132, 5.077917424428009], [-74.26760317621725, 5.077911075637886], [-74.26759898142113, 5.077904687824382], [-74.26759824287653, 5.0779035410799285], [-74.26759484700352, 5.077898260080927], [-74.26759109339152, 5.077892304801492], [-74.26759097472494, 5.077892068880997], [-74.26758822011064, 5.077886633710901], [-74.26758539969161, 5.077881232147729], [-74.26758251617485, 5.0778758641861605], [-74.26757956956394, 5.077870531635759], [-74.2675765580524, 5.077865233595319], [-74.2675734861572, 5.077859972770343], [-74.26757035026726, 5.07785474826313], [-74.26756715309489, 5.077849562782743], [-74.26756389463829, 5.0778444154244164], [-74.2675605757998, 5.077839306186346], [-74.2675571956824, 5.077834237784726], [-74.26755375699308, 5.077829210214208], [-74.26755025792717, 5.07782422347837], [-74.26754669939054, 5.077819279385012], [-74.26754308409019, 5.077814377928823], [-74.26753940932089, 5.07780952001993], [-74.2675356777914, 5.0778047065577985], [-74.26753188950171, 5.0777999375424265], [-74.26752804445185, 5.077795212973829], [-74.2675241444535, 5.077790536467652], [-74.26752018860084, 5.077785906216072], [-74.26751617779796, 5.077781323122098], [-74.26751211385303, 5.077776788991796], [-74.26750799586198, 5.07777230292214], [-74.26750382563299, 5.077767866719181], [-74.26749960045906, 5.077763480388233], [-74.26749532575596, 5.077759144823461], [-74.26749099971902, 5.077754860028427], [-74.26748662325411, 5.077750627810918], [-74.26748219636121, 5.077746448170967], [-74.26747771994445, 5.077742322011583], [-74.26747319490437, 5.07773824842621], [-74.26746862395325, 5.077734230123912], [-74.26746400348003, 5.077730266206976], [-74.26746051745857, 5.077727337871389], [-74.26745933167473, 5.077726353964567], [-74.26745461847712, 5.077722500615579], [-74.26744986027613, 5.077718705262282], [-74.26744505797052, 5.0777149660933425], [-74.26744021156385, 5.077711284918321], [-74.2674353201538, 5.077707661738989], [-74.26743038734965, 5.077704096548289], [-74.26742541225262, 5.077700591157579], [-74.26742039666915, 5.077697146468086], [-74.26741533969337, 5.077693760672026], [-74.26741024403228, 5.077690433764065], [-74.26740510789001, 5.0776871702717346], [-74.26739993396653, 5.077683966570524], [-74.26739472227067, 5.077680827184443], [-74.26738947369587, 5.077677747587694], [-74.26738418915336, 5.077674732302532], [-74.26737886954368, 5.077671780422364], [-74.26737351396447, 5.077668891948982], [-74.26736812602685, 5.077666067780096], [-74.26736270392618, 5.077663307919215], [-74.26735725036937, 5.077660612361071], [-74.2673517644577, 5.077657982916986], [-74.2673462470917, 5.077655418680437], [-74.26734070097835, 5.077652919646076], [-74.26733512522064, 5.077650488530084], [-74.26732952071735, 5.077648123521078], [-74.26732388927492, 5.077645825520328], [-74.26731822999277, 5.07764359543442], [-74.26731254557612, 5.07764143235319], [-74.26730683422034, 5.0776393362802335], [-74.26730110044234, 5.077637309921068], [-74.2672953424357, 5.077635352374421], [-74.26728956110101, 5.077633462733757], [-74.26728375734588, 5.077631643711666], [-74.2672779338702, 5.0776298916836575], [-74.26727208797587, 5.07762821117905], [-74.26726622416744, 5.077626598569764], [-74.2672603415514, 5.077625058381591], [-74.26725444012426, 5.077623588804904], [-74.26724852258768, 5.077622187120029], [-74.26724258804636, 5.07762085694791], [-74.26723663920913, 5.077619599188032], [-74.26723067516652, 5.077618410222973], [-74.26722469773208, 5.077617294573183], [-74.26721870780102, 5.077616248617696], [-74.26721270447811, 5.077615275977494], [-74.2672066913656, 5.077614373026282], [-74.26720066757, 5.0776135442898225], [-74.26719463398474, 5.077612785242369], [-74.26718859242165, 5.07761209949954], [-74.26718254287887, 5.07761148615657], [-74.26717648625701, 5.077610944306874], [-74.26717042436249, 5.077610474851722], [-74.26716435629295, 5.077610077792872], [-74.26715828475542, 5.077609753125008], [-74.26715220884756, 5.0776095008499045], [-74.26714613939906, 5.077609321851117], [-74.26714587861139, 5.077609315124626], [-74.26714461530082, 5.077609293174891], [-74.26714006016272, 5.077609213446122], [-74.26713929858154, 5.0776092077027055], [-74.26713820944904, 5.077609199887879], [-74.26713607540002, 5.077609185076225], [-74.26713362736291, 5.07760918264337], [-74.26713322672458, 5.07760918162023], [-74.26713180555913, 5.0776091871244216], [-74.26713036184249, 5.077609196292101], [-74.26712779925354, 5.077609216704179], [-74.26712442173063, 5.077611021177969], [-74.26711895219997, 5.077614008716752], [-74.26711351798379, 5.077617059522386], [-74.26710811998443, 5.077620173593117], [-74.26710275549136, 5.077623349124648], [-74.26709743082266, 5.077626587009397], [-74.26709214327312, 5.077629888157438], [-74.26708689464209, 5.077633249850876], [-74.26708168492777, 5.077636671184892], [-74.26707651413376, 5.077640153969089], [-74.26707138405936, 5.077643695485524], [-74.26706629651281, 5.077647297540258], [-74.26706125058645, 5.077650957420667], [-74.2670562471897, 5.077654678744174], [-74.26705128721072, 5.0776584542706065], [-74.26704637066015, 5.077662289428787], [-74.2670414993338, 5.07766617969115], [-74.26703667233464, 5.077670127773881], [-74.26703189236436, 5.0776741309572735], [-74.26702715852241, 5.07767819014788], [-74.2670224726099, 5.077682303532577], [-74.26701783372451, 5.077686471113125], [-74.2670132436709, 5.077690692885979], [-74.26700870334787, 5.077694967039792], [-74.2670042118531, 5.077699293576335], [-74.26699977099123, 5.077703672492032], [-74.2669953807605, 5.077708102882124], [-74.26699104296384, 5.077712583838249], [-74.26698675579652, 5.077717115363936], [-74.26698252196383, 5.077721696549111], [-74.26697834146044, 5.077726324679358], [-74.26697421429166, 5.077731002469077], [-74.26697014316096, 5.077735728103342], [-74.26696612535955, 5.077740500682702], [-74.2669621635927, 5.077745319296993], [-74.2669582578586, 5.0777501830414735], [-74.2669544072567, 5.077755092822677], [-74.26695061629516, 5.077760046822171], [-74.2669468804623, 5.077765045048793], [-74.26694320426623, 5.077770085684092], [-74.26693958590229, 5.077775168731631], [-74.2669360253705, 5.077780294191391], [-74.26693252627666, 5.0777854602466945], [-74.26692908591198, 5.077790665998055], [-74.2669257060829, 5.0777959123467316], [-74.2669223885888, 5.077801196574786], [-74.26691913162854, 5.0778065204953595], [-74.26691593519682, 5.077811881394041], [-74.26691280199888, 5.077817278360752], [-74.26690973113416, 5.077822712302031], [-74.26690672349966, 5.077828180501711], [-74.26690377819486, 5.077833683866396], [-74.26690089792497, 5.077839221485927], [-74.26689808268644, 5.07784479155074], [-74.2668953306764, 5.077850394969158], [-74.26689264369068, 5.077856027213668], [-74.26689002173987, 5.077861693713023], [-74.26688746661804, 5.077867389034929], [-74.26688497652232, 5.077873114087691], [-74.26688255325381, 5.077878867058205], [-74.26688019591018, 5.077884647948209], [-74.2668793222233, 5.077886842905807], [-74.26687861412442, 5.077890198400805], [-74.26687761307741, 5.077894637520124], [-74.26687654161323, 5.077899058681611], [-74.26687540063776, 5.077903463693049], [-74.2668741892416, 5.077907848937056], [-74.2668729092294, 5.07791221441007], [-74.26687155969708, 5.077916559209065], [-74.26687014244399, 5.077920880616088], [-74.26686865476489, 5.077925179541266], [-74.2668671002709, 5.077929456882313], [-74.26686547804552, 5.0779337054025975], [-74.26686378899818, 5.077937928719544], [-74.26686203222299, 5.077942125025339], [-74.26686020951931, 5.077946291602014], [-74.26685832179126, 5.077950429352634], [-74.26685636813296, 5.077954536469347], [-74.26685434854441, 5.077958612952144], [-74.26685226572377, 5.077962654271736], [-74.26685011877579, 5.077966664049084], [-74.26684790859395, 5.077970637758411], [-74.2668456360841, 5.0779745772075575], [-74.26684330033687, 5.077978478779068], [-74.2668409031569, 5.077982342469435], [-74.26683844544478, 5.07798616737207], [-74.26683592629641, 5.0779899525839465], [-74.26683334932106, 5.077993698097979], [-74.26683071270884, 5.077997401203317], [-74.26682801736379, 5.078001062802984], [-74.26682526418122, 5.078004679276001], [-74.26682245316287, 5.078008251527165], [-74.26681958701751, 5.078011780455976], [-74.26681666483398, 5.078015261540216], [-74.26681368751636, 5.078018695682876], [-74.26681065686932, 5.078022082880448], [-74.26680757288757, 5.07802542041852], [-74.26680443557109, 5.078028708297088], [-74.26680124672457, 5.078031946512598], [-74.26679800724501, 5.078035132348916], [-74.2667947171342, 5.078038266710802], [-74.26679137819504, 5.078041348689935], [-74.26678799132453, 5.0780443755701326], [-74.26678455562568, 5.078047350067591], [-74.26678107379838, 5.078050268557756], [-74.2667775458409, 5.078053130135858], [-74.26677397356318, 5.078055937512738], [-74.26677035605228, 5.078058685261372], [-74.26676669601873, 5.078061375186061], [-74.26676299436491, 5.078064007284999], [-74.26675925018313, 5.078066578845598], [-74.26675546708627, 5.078069091670335], [-74.2667516441667, 5.078071543046617], [-74.26674778232676, 5.07807393297264], [-74.26674388337287, 5.078076262349675], [-74.26673994820028, 5.078078527556744], [-74.26673597771492, 5.0780807304017035], [-74.26673197191494, 5.078082869979703], [-74.26672793260329, 5.078084945382455], [-74.2667238624834, 5.078086954795013], [-74.26671975975418, 5.078088900030513], [-74.26671562712083, 5.078090780178864], [-74.26671146457983, 5.078092593430436], [-74.2667072739376, 5.0780943406865315], [-74.26670305609294, 5.078096020135731], [-74.26669881285052, 5.07809763177453], [-74.26669454421211, 5.078099176507707], [-74.2666902519806, 5.0781006534269215], [-74.26668593615425, 5.078102061627373], [-74.26668159763004, 5.078103398392898], [-74.26667724092675, 5.078104667333832], [-74.26667286333382, 5.078105866645891], [-74.26666846755826, 5.078106996323762], [-74.26666405360007, 5.078108056367446], [-74.26665962416094, 5.078109044057216], [-74.26665517924617, 5.078109962107501], [-74.2666507206569, 5.078110808705129], [-74.26664624929722, 5.078111584753158], [-74.26664176516537, 5.078112289346758], [-74.26663727186893, 5.078112921574062], [-74.2666327685073, 5.078113482341625], [-74.26662825688517, 5.0781139716459345], [-74.26662373790133, 5.078114387675591], [-74.26661921336573, 5.078114733141465], [-74.26661468237077, 5.078115005330912], [-74.26661014943164, 5.078115206044711], [-74.26660561274012, 5.078115333476772], [-74.26660107500676, 5.078115389431378], [-74.2665965371321, 5.078115373001994], [-74.26659200001498, 5.078115282377219], [-74.26658746456656, 5.078115122079289], [-74.26658293258438, 5.078114888485454], [-74.26657840497262, 5.078114582498773], [-74.26657388263531, 5.078114205022241], [-74.26656936737189, 5.078113753337922], [-74.26656485918936, 5.078113231065041], [-74.26656035989065, 5.078112637295226], [-74.2665558712804, 5.078111972024951], [-74.26655139245455, 5.078111234351188], [-74.26654692702417, 5.078110425171638], [-74.26654247499104, 5.078109545391128], [-74.26653803635514, 5.07810859500963], [-74.26653480094215, 5.078107854895793], [-74.26653403401686, 5.0781074229999685], [-74.26652911439946, 5.078104604238739], [-74.26652422985296, 5.078101723882023], [-74.2665193839849, 5.078098781017927], [-74.26651457499064, 5.0780957756500085], [-74.26650980467838, 5.0780927095843245], [-74.26650507575508, 5.078089582815562], [-74.26650038371088, 5.0780863962573735], [-74.26649573305568, 5.07808314899611], [-74.26649112559764, 5.078079842837825], [-74.26648655953392, 5.0780764786908605], [-74.26648203666736, 5.078073055646876], [-74.26647755971025, 5.078069576414959], [-74.26647312414748, 5.078066039194378], [-74.26646873539825, 5.078062446688894], [-74.26646439345731, 5.078058796184108], [-74.26646009652706, 5.078055091302777], [-74.26645584821857, 5.078051332942597], [-74.26645164762776, 5.078047520200559], [-74.26644749565695, 5.078043653074878], [-74.26644339411612, 5.078039734276425], [-74.26643934210115, 5.078035762902172], [-74.26643534051617, 5.078031739855148], [-74.2664313911658, 5.078027665131812], [-74.26642749315656, 5.078023543257914], [-74.26642364828429, 5.0780193697059515], [-74.26641985655606, 5.078015148095105], [-74.26641611887418, 5.078010878423604], [-74.26641243614098, 5.078006560689678], [-74.2664088074577, 5.078002196704697], [-74.26640523462893, 5.0779977864651356], [-74.26640171946119, 5.077993330872239], [-74.26639826105384, 5.07798883083259], [-74.26639485850635, 5.077984287252742], [-74.26639151542804, 5.077979700125635], [-74.26638823092009, 5.077975071262632], [-74.26638500498076, 5.077970399758922], [-74.26638183942, 5.077965688325391], [-74.26637873243139, 5.0779609360607525], [-74.26637568762776, 5.077956144767556], [-74.26637270320624, 5.077951315354104], [-74.26636978097147, 5.0779464478168945], [-74.26636692002293, 5.077941543062478], [-74.26636412216874, 5.077936602896931], [-74.26636138650485, 5.07793162641719], [-74.26635871664588, 5.07792661633062], [-74.2663561089825, 5.077921572644272], [-74.26635356532114, 5.07791649625942], [-74.26635108746468, 5.077911386267711], [-74.26634867361552, 5.077906246291911], [-74.26634632647716, 5.077901074517081], [-74.26634404425195, 5.077895874565972], [-74.2663426718426, 5.077892658873152], [-74.2662934119503, 5.077776304611892], [-74.26634418509978, 5.077632779201245], [-74.26633439595267, 5.077379480618982], [-74.266344056089, 5.077184638511472], [-74.26636885257012, 5.077053928126144], [-74.26638286874578, 5.076980043345989], [-74.26640222692123, 5.076746222290949], [-74.26646045853757, 5.076522132148583], [-74.26647984875383, 5.076366253506678], [-74.26642150470612, 5.076181163755297], [-74.26630485644378, 5.075976607484205], [-74.26596476324335, 5.075811091814956], [-74.26575096664789, 5.075616304087328], [-74.26565219665021, 5.0754909290360235]]]], "type": "MultiPolygon"}}, {"type": "Feature", "properties": {"CODIGO": "25777000100000002", "SECTOR_CODIGO": "257770001", "NOMBRE": "VEREDA GUADUAL", "Area_ha": 456.9180175882902, "Perimetro": 9938.008144845191, "Shape_Length": 9932.7772821134, "Shape_Area": 4569180.175882902, "USO_CAMP": "Agricola", "Descripcion": "50% Cultivos de caf\u00e9, 30% cultivos de ca\u00f1a y 20% ganaderia lechera."}, "geometry": {"coordinates": [[[[-74.30220198523962, 5.078047699623462], [-74.30219614729862, 5.078055836422504], [-74.30216512917936, 5.078099065663472], [-74.30202221123307, 5.078196218173533], [-74.30201453661795, 5.078201435297942], [-74.30160374400657, 5.078480682512699], [-74.3014227100561, 5.078771356117027], [-74.30143310731665, 5.0788337829182275], [-74.30136698609085, 5.078894599686883], [-74.30134683736266, 5.07891312791289], [-74.30114211026306, 5.07901586264373], [-74.30105673794678, 5.079058702912067], [-74.30062919365751, 5.079196658743622], [-74.29995734119996, 5.079395947454665], [-74.29977405474672, 5.079288820202077], [-74.29949151626536, 5.079189379008366], [-74.2992013180678, 5.079059324983853], [-74.29893406860727, 5.079021131555012], [-74.29865155265043, 5.079021226953357], [-74.29837667844447, 5.079021317710255], [-74.298139998514, 5.079090302918473], [-74.29782163451573, 5.079246762982837], [-74.29769177126565, 5.079304690186599], [-74.29752102757888, 5.0793808497086195], [-74.29735401277888, 5.0794144031666955], [-74.29700327692524, 5.079473134404969], [-74.29665254909625, 5.079531872690685], [-74.29612642005043, 5.079548793480054], [-74.2957923708593, 5.079565650245725], [-74.29555856169694, 5.079641092701745], [-74.29534916998398, 5.079764261857843], [-74.29524679881078, 5.07985764387298], [-74.29480089040511, 5.079579232794403], [-74.29470233356581, 5.079534392660064], [-74.29442636977568, 5.079408838022888], [-74.29385561998032, 5.079149168701883], [-74.29346096048509, 5.078969610056633], [-74.29332843996278, 5.0788965783122055], [-74.29340118480772, 5.078484711514883], [-74.29342218653476, 5.07830729183343], [-74.2934672390702, 5.077926707694183], [-74.2934472559702, 5.077568019602239], [-74.29338089768333, 5.077215974219787], [-74.29325492603192, 5.076897167306978], [-74.29303615462969, 5.076392403829974], [-74.2929167752426, 5.07596730916125], [-74.29290346378647, 5.075761397444198], [-74.29285690395305, 5.075537090871713], [-74.29282905687182, 5.075397706087541], [-74.2927956415768, 5.075258318873584], [-74.29276677124577, 5.07516105610475], [-74.29273440536204, 5.075052023528459], [-74.29250079292035, 5.074834638369837], [-74.29224494858376, 5.074678591955188], [-74.29208921677802, 5.074578276815571], [-74.29198352887774, 5.074483521918098], [-74.29190007217758, 5.074327422704159], [-74.29175546249814, 5.074227102393864], [-74.29155524726517, 5.074143530589394], [-74.29143844022363, 5.074048782414783], [-74.29134389290374, 5.073981890864188], [-74.29118255916207, 5.073770062529859], [-74.29094335347813, 5.073457885137006], [-74.29084669757594, 5.073316529454067], [-74.29073751540489, 5.073156851340209], [-74.29062068298813, 5.072972880254506], [-74.2905316284999, 5.072727566452458], [-74.29043701574287, 5.072459955998311], [-74.2904035785996, 5.072236931983095], [-74.29039797027914, 5.072064079371729], [-74.29042574212315, 5.0719692710602], [-74.29063117773299, 5.0710213024633575], [-74.29061998772033, 5.070787112284452], [-74.29056984416006, 5.070497185785548], [-74.29059758541759, 5.070302014966411], [-74.29062529162364, 5.070006484353542], [-74.29062521323739, 5.069761137571837], [-74.29059735555752, 5.069582724170004], [-74.29058065026115, 5.069482359647648], [-74.29051389302829, 5.0694098939562], [-74.29035817993294, 5.069370915831519], [-74.29019136120891, 5.069354240408385], [-74.29008567909828, 5.069281783567801], [-74.28997441148815, 5.069097815494514], [-74.2898575664751, 5.068885967290154], [-74.28973583211473, 5.0687465459046965], [-74.28950625393837, 5.068522838894481], [-74.28947375776193, 5.06837666069704], [-74.28944127547204, 5.068284795530421], [-74.28934391437467, 5.06825037308575], [-74.28921197888246, 5.068002270642111], [-74.28910323796259, 5.067748960958019], [-74.28907675241949, 5.067701187156443], [-74.2889504331046, 5.067448497856043], [-74.2890219413335, 5.067224048353337], [-74.28895511695417, 5.067176217399794], [-74.2888811465797, 5.067169064005996], [-74.28884872041064, 5.067173271679507], [-74.28879524448075, 5.067157129007502], [-74.28877852977023, 5.067116460074347], [-74.28875845947312, 5.067029854106098], [-74.2887425890035, 5.067038198990274], [-74.28869833678868, 5.067049971689986], [-74.28868577055381, 5.066994546315362], [-74.28867253916944, 5.066959538982415], [-74.28862241680085, 5.066913616397827], [-74.28853636635439, 5.06684363628193], [-74.28847157666853, 5.0667825513748905], [-74.28846950589934, 5.066652752577012], [-74.28823301354342, 5.066176576161116], [-74.2873530661365, 5.066425879145524], [-74.28731115443455, 5.066399772315424], [-74.2871902413306, 5.066300948571912], [-74.28705416103263, 5.066199247860192], [-74.28679785036786, 5.065980244149616], [-74.28630159476182, 5.065574647952195], [-74.28556360948676, 5.065207202738219], [-74.28545236679287, 5.065112438155289], [-74.28555239438313, 5.064906104069156], [-74.28556859767286, 5.064752911469253], [-74.28539106947156, 5.06468868785575], [-74.28522422737021, 5.064616251833764], [-74.28505740301667, 5.064588426747058], [-74.28489614121511, 5.064582895629838], [-74.28474461350444, 5.064586951379435], [-74.28478190785086, 5.064285818723641], [-74.28486803361187, 5.063590390694274], [-74.28489022155387, 5.063400801582322], [-74.28489014994743, 5.063166613960858], [-74.28486228277522, 5.062960308546855], [-74.28481137754082, 5.062649575526592], [-74.28480656349413, 5.062620196360134], [-74.28479148692979, 5.0624469684575315], [-74.28479097732628, 5.062441126287932], [-74.28477308474365, 5.062235466986792], [-74.28470069196162, 5.061895360696896], [-74.2845004126496, 5.061577588755967], [-74.28429385634739, 5.061280468485517], [-74.28409370133663, 5.061059828802616], [-74.28397164105623, 5.060925271360523], [-74.28363331682642, 5.060580830478399], [-74.28349841387164, 5.060485004696863], [-74.28320910272839, 5.060279499396258], [-74.28287081265424, 5.06004273334453], [-74.28272585462958, 5.060005094013057], [-74.2826721253924, 5.059848996070557], [-74.28262373376634, 5.05961752148271], [-74.28260218121443, 5.059342974209225], [-74.28260746769942, 5.0590899595614625], [-74.28263425644708, 5.058933829749262], [-74.28271473241026, 5.058750773620458], [-74.28284630436916, 5.058491426896833], [-74.28286496193455, 5.058454647914906], [-74.28291857111103, 5.0582016072795435], [-74.28294535846163, 5.058013179809777], [-74.28291848301528, 5.057916283908128], [-74.28282716916341, 5.057749429912879], [-74.28273048779735, 5.057598729925343], [-74.28268747939553, 5.057394173237672], [-74.28268739173251, 5.057103471712721], [-74.28276779674418, 5.056721228979901], [-74.28287508580198, 5.056441256668548], [-74.28289414767004, 5.0563958206950055], [-74.28296092303012, 5.056236661213856], [-74.28313327206587, 5.055977246526508], [-74.28320775356337, 5.055865139383217], [-74.2834759997668, 5.055262120575882], [-74.2836423040392, 5.054895990583602], [-74.28377106205751, 5.054610638374592], [-74.28385687701186, 5.054346821233651], [-74.2838723799996, 5.054263286746939], [-74.28391583019518, 5.054029191952833], [-74.28409291803098, 5.053776115916175], [-74.28421633343406, 5.053593037247026], [-74.28427530223296, 5.05332923799235], [-74.28436113182487, 5.053119261731356], [-74.28448451187583, 5.05278544926785], [-74.28454889860308, 5.052699296315508], [-74.28466161008043, 5.052596977545437], [-74.28476356325135, 5.0524354474998585], [-74.28479571684449, 5.052252402081994], [-74.28479565184732, 5.052037071248283], [-74.28480130277269, 5.0519078115340665], [-74.28491961434113, 5.051702734673046], [-74.28521550764627, 5.0515191786303735], [-74.28569436256542, 5.0513409665201765], [-74.2857910753592, 5.051110576353954], [-74.28588249668067, 5.050912953048789], [-74.28593875202672, 5.050764738930099], [-74.28598795358006, 5.0505883064048485], [-74.28606527423081, 5.050313062259537], [-74.28614966695959, 5.050122501259668], [-74.28622703396397, 5.0499742805935295], [-74.2863255103485, 5.049833109887934], [-74.28638879903538, 5.049670776953524], [-74.28645209974653, 5.04956490966583], [-74.28651539456234, 5.049416694268302], [-74.28659274165304, 5.049219075339752], [-74.28667713603417, 5.049063799609555], [-74.28684600037096, 5.048936720001884], [-74.28702189075045, 5.0488096418177735], [-74.28716964875805, 5.048717852173588], [-74.2873032910579, 5.048520224751169], [-74.28745101269689, 5.048319463232378], [-74.28764689461622, 5.0483108049018535], [-74.28861145629365, 5.048268172496483], [-74.28975007046286, 5.048383714083302], [-74.28991408928482, 5.048353340840832], [-74.29035753732292, 5.04861717385425], [-74.29071358988061, 5.048638058968235], [-74.29074587948887, 5.048635530103452], [-74.2916560380268, 5.048564240542327], [-74.29200161940496, 5.048585129494311], [-74.2924309669661, 5.048584988728086], [-74.29286030894885, 5.048563844686716], [-74.29330013738105, 5.048584699045789], [-74.29338871099473, 5.04865570729668], [-74.2935096323944, 5.04875264672739], [-74.29377149905137, 5.048962582782009], [-74.29400194179591, 5.04914102300899], [-74.29414860841842, 5.0493194917292605], [-74.2941696323568, 5.049561009086854], [-74.29418016322501, 5.049739522104296], [-74.29420120841436, 5.050044044760578], [-74.29420138542343, 5.050579600295528], [-74.29431670592682, 5.050968101563594], [-74.29450529145072, 5.051241063674649], [-74.29467286936196, 5.051314516175271], [-74.2950080031534, 5.051408913151964], [-74.29528031273107, 5.051524336096955], [-74.29564686249125, 5.051618722448642], [-74.29584443498841, 5.051663386581633], [-74.2959715179753, 5.051692116896438], [-74.2962333669648, 5.051839044363437], [-74.2964114852759, 5.052122514924962], [-74.29646393281207, 5.052385022788721], [-74.29655842777991, 5.052750005826682], [-74.29661073178377, 5.052952029400413], [-74.2969144758715, 5.053119944396742], [-74.29723920430528, 5.053403359322467], [-74.29760660864162, 5.053764318052962], [-74.29777345434127, 5.0539282348693115], [-74.29787892087329, 5.0541320310712194], [-74.29792015626153, 5.054211710554481], [-74.29795169374049, 5.05456873840886], [-74.29803557153367, 5.054873239578091], [-74.29810895755598, 5.055114738379343], [-74.2981166398505, 5.0552829429765325], [-74.29811950970077, 5.055345756088031], [-74.2980407710059, 5.055460325698419], [-74.29791017078067, 5.055650361145093], [-74.29763241051505, 5.056452012713272], [-74.29758498325566, 5.056588892447628], [-74.29757539283655, 5.0566165711675275], [-74.29757360052277, 5.056631347309986], [-74.2975295722395, 5.05699439495301], [-74.29752317620178, 5.057047130043096], [-74.29755700333875, 5.057264696685076], [-74.29759082961237, 5.0574822624150775], [-74.29759664266685, 5.057519652199657], [-74.29762189627, 5.0577258880783305], [-74.29765964695376, 5.058034183989025], [-74.2976592082297, 5.05803815690835], [-74.29765216732518, 5.0581018919516465], [-74.2976283272147, 5.058317721033945], [-74.29774387119788, 5.058641793608653], [-74.29786692561238, 5.058986929136742], [-74.29789037744483, 5.059052705827221], [-74.29795119998593, 5.059109999403911], [-74.29818303933713, 5.059328379776438], [-74.29841414932437, 5.05954607655884], [-74.29869701014414, 5.059882014505694], [-74.29873899080246, 5.060155027452932], [-74.29869998894924, 5.0602333141061315], [-74.2986343405713, 5.060365084897067], [-74.29863122545574, 5.06038118468667], [-74.29848798940863, 5.061121211222073], [-74.29840429947005, 5.061383766144565], [-74.29838352852151, 5.061887823369313], [-74.29833137968444, 5.0625179024008355], [-74.29825826275555, 5.063074481959929], [-74.29824789659034, 5.063410793320477], [-74.29824106357322, 5.063632509240811], [-74.29824071099497, 5.063643929334332], [-74.29823754740927, 5.063746555437169], [-74.2982367272893, 5.063798610700217], [-74.29823320273243, 5.064022429959633], [-74.29823024927683, 5.064210028323864], [-74.29822729583334, 5.064397626687448], [-74.2982558570994, 5.064471199594989], [-74.29837403393758, 5.064775613361863], [-74.29861885384011, 5.065266184578819], [-74.29865697624994, 5.06534257297068], [-74.29899230786967, 5.065993525758884], [-74.29906618253933, 5.066111960390768], [-74.29946381509176, 5.066749437388508], [-74.29973621028176, 5.067095881436029], [-74.29992889482834, 5.067270273762508], [-74.30006095015456, 5.06738979463225], [-74.30037349487085, 5.067532621044523], [-74.30065795945673, 5.0676626177007575], [-74.30107691372567, 5.06785149167634], [-74.3012342320272, 5.067851437553863], [-74.30131777491782, 5.067851409699263], [-74.3016843070784, 5.067861783810223], [-74.30192519745317, 5.067945709590487], [-74.30192834511983, 5.067959887663702], [-74.30196715064395, 5.068134712893974], [-74.30194255794889, 5.068349084792404], [-74.30190450674428, 5.0686807863342604], [-74.30193600725832, 5.0689223003152595], [-74.30197805144164, 5.0693738312469545], [-74.30196774156113, 5.069846380935577], [-74.30197540133604, 5.0700216470545865], [-74.30198885412031, 5.07032942171877], [-74.30204136012742, 5.070749443890361], [-74.30204141104177, 5.070896460558966], [-74.30214339348333, 5.071080382778028], [-74.30214825194624, 5.071089144032851], [-74.30219859343624, 5.071179933377388], [-74.30223405788603, 5.0713077848770745], [-74.30223604560574, 5.071314951339749], [-74.30225101939169, 5.071368933564861], [-74.30236146126988, 5.071497074597224], [-74.30243711751304, 5.071584852414659], [-74.30245007238162, 5.071599885643892], [-74.3024672849498, 5.071612059295795], [-74.30262814647317, 5.07172583913639], [-74.30283761298173, 5.071788771223435], [-74.30308894770822, 5.071788685193452], [-74.30322511337252, 5.071862145605678], [-74.30334040364095, 5.072135129956894], [-74.30345973846838, 5.072328190486899], [-74.30347440729571, 5.072474762278794], [-74.30349710255548, 5.072701548355276], [-74.3034971574866, 5.072857991029459], [-74.30349717019796, 5.072895355228276], [-74.30349718029407, 5.0729255697785725], [-74.30349726574197, 5.07316826243944], [-74.30352984235736, 5.073315014331696], [-74.3035534919931, 5.073421552727464], [-74.30357185228453, 5.073504270520153], [-74.3037214283115, 5.073921036288923], [-74.30368036461174, 5.074104349155517], [-74.30367693673251, 5.074119643410963], [-74.30364004583556, 5.074284326368659], [-74.30355866150974, 5.0746476146516954], [-74.30355883384804, 5.0751380142803635], [-74.30348658757104, 5.075737419033273], [-74.30328751760766, 5.076246050663736], [-74.30307029018535, 5.076627550655633], [-74.30278725155692, 5.077006241069883], [-74.30269008438098, 5.077136246549865], [-74.30252678946349, 5.077553470094382], [-74.30249101267593, 5.077644876376533], [-74.30220198523962, 5.078047699623462]]]], "type": "MultiPolygon"}}, {"type": "Feature", "properties": {"CODIGO": "25777000100000001", "SECTOR_CODIGO": "257770001", "NOMBRE": "MESITAS", "Area_ha": 621.5497273335734, "Perimetro": 13672.134726404152, "Shape_Length": 13664.54902600714, "Shape_Area": 6215497.273335733, "USO_CAMP": "Agricola", "Descripcion": "El 60% del suelo es usado para cultivar caf\u00e9, 25% ca\u00f1a y 15% ganader\u00eda lechera."}, "geometry": {"coordinates": [[[[-74.2914907098599, 5.0953525493359315], [-74.29140830991737, 5.095354348822554], [-74.29138548235215, 5.095354847951826], [-74.29132141637692, 5.095354395685172], [-74.29120606851407, 5.0953523824333065], [-74.2910935181251, 5.0953531774557845], [-74.290910436224, 5.0953611153025395], [-74.29088571899592, 5.095362450617095], [-74.29084215820347, 5.095364801826804], [-74.29081046028811, 5.095367442288055], [-74.2907657569177, 5.095373762403765], [-74.29072426630093, 5.095384345794608], [-74.29070464498727, 5.0953917311899675], [-74.29068572627827, 5.095400761900783], [-74.29064984046133, 5.095423706199766], [-74.29061619334013, 5.095452964184771], [-74.29059480908326, 5.095475851337551], [-74.29055403586388, 5.095529413728148], [-74.29051546672925, 5.095592747999289], [-74.29049723407464, 5.095627693356376], [-74.29049166556324, 5.0956398513930985], [-74.29047156843099, 5.095683731716335], [-74.29044836485144, 5.095743615037118], [-74.29043783258263, 5.095774805430138], [-74.29041055605745, 5.095871907497973], [-74.29036828614365, 5.09606221175834], [-74.29035557932774, 5.096118337220704], [-74.29033288467726, 5.09621666876214], [-74.29032045085489, 5.0962793688186645], [-74.29031663528784, 5.096304480900377], [-74.29031014774276, 5.096349885643951], [-74.2903038993288, 5.09637991925971], [-74.29029417664776, 5.096406681775443], [-74.29028738103246, 5.096418891133541], [-74.29026899995932, 5.096440970612779], [-74.29025880284334, 5.096449746766383], [-74.29024169567425, 5.096460864818911], [-74.29023484668494, 5.096465319290481], [-74.2902138532857, 5.096475182045836], [-74.29017772932104, 5.096486893791075], [-74.29015766440617, 5.096491312343426], [-74.29011893177, 5.096496708424532], [-74.29009820768653, 5.0964981877153095], [-74.29006562413832, 5.096498839383072], [-74.29001378498563, 5.096496171980626], [-74.28995905827115, 5.0964889646777], [-74.28993084633642, 5.0964835943053695], [-74.28985347875948, 5.096463300214497], [-74.28981373021358, 5.096449769106612], [-74.28975291015409, 5.096425038179796], [-74.28969079867328, 5.096394798731399], [-74.28965931004846, 5.096377538675823], [-74.28962754059643, 5.096358822461932], [-74.28960022552174, 5.096341193925559], [-74.28959485329126, 5.096346359313027], [-74.28952866001079, 5.096409999577615], [-74.28948821511904, 5.096447280401361], [-74.28941552900815, 5.096510729194026], [-74.28932499700045, 5.096582298101115], [-74.28927538911803, 5.09661752983088], [-74.28919707086948, 5.096668050428736], [-74.2891172191353, 5.096717930784844], [-74.28909794403135, 5.096728823341373], [-74.28911345556273, 5.09670080332393], [-74.2892548321983, 5.0965163986950035], [-74.28926392369061, 5.096496630608279], [-74.28933962769327, 5.096332015197532], [-74.28936785019923, 5.096105100326485], [-74.28924047636593, 5.0958640513990545], [-74.28909893608989, 5.095509556864224], [-74.28899983770768, 5.095225957472743], [-74.28888664161785, 5.0950558186245125], [-74.28882999173345, 5.0948147499638035], [-74.28880163897959, 5.094587855217594], [-74.28867425050976, 5.0943042671274625], [-74.28857516614875, 5.094020666634243], [-74.28837700325862, 5.093533709090225], [-74.28805215875464, 5.093304464473622], [-74.28773266284045, 5.093222201998899], [-74.28754416542637, 5.093153085434659], [-74.2873578741359, 5.093168705735859], [-74.28717934815195, 5.093168760635822], [-74.28693872478115, 5.093192189300315], [-74.28671360261268, 5.093153346887328], [-74.2865738625363, 5.093067772905845], [-74.28634097348103, 5.093005577708313], [-74.28613138310477, 5.092997863386481], [-74.28592180829867, 5.093005708742218], [-74.285847653717, 5.093054072587693], [-74.28576659426508, 5.093106936201971], [-74.28558032457454, 5.093184827646153], [-74.28537075364312, 5.093216028337574], [-74.28514564970463, 5.09319275052932], [-74.28492051662761, 5.093091640297682], [-74.28477298887137, 5.092967155255838], [-74.28451678906808, 5.09281157025111], [-74.28428389517825, 5.092718240191669], [-74.28411058789077, 5.092681714625395], [-74.28398891206584, 5.092656071143548], [-74.28375601175446, 5.09254717746145], [-74.28359296840416, 5.092422686813792], [-74.28347648892277, 5.092290411580809], [-74.28346090458027, 5.092080266463697], [-74.28340651917071, 5.091932402592697], [-74.28332885233473, 5.091784552552233], [-74.2832434237037, 5.0916522578549746], [-74.28318128715065, 5.091496615470393], [-74.28309584633251, 5.091317620561082], [-74.28297937744766, 5.091216471969346], [-74.2828473808607, 5.091099770965566], [-74.28265329833015, 5.090983078707328], [-74.28241264615227, 5.09090532117987], [-74.28215645881451, 5.090788643859043], [-74.2820632825947, 5.090703066364066], [-74.28196232479286, 5.090547434107072], [-74.28186914276723, 5.0904151445954815], [-74.28180699494762, 5.0902594884103785], [-74.28173709985896, 5.090127198649212], [-74.28162838595134, 5.090002701344122], [-74.28150416385881, 5.089924905242869], [-74.28105683364386, 5.089718693403179], [-74.28086223514914, 5.08957940320812], [-74.2807695779705, 5.089532984060698], [-74.28063984418294, 5.089430838827046], [-74.28041876370705, 5.089374551191983], [-74.28025273514385, 5.089151561692692], [-74.28021293825452, 5.089121063145785], [-74.28011710925308, 5.089047623857494], [-74.27989375752726, 5.088975719168811], [-74.27977384625355, 5.088979634545214], [-74.27964650373251, 5.088983791768582], [-74.27942317334937, 5.088999857696152], [-74.27926365723809, 5.0890238956537885], [-74.27904828315276, 5.088951976610173], [-74.27888872275612, 5.088832062906703], [-74.27867333386729, 5.0887041629375975], [-74.27853000236199, 5.0885248747612115], [-74.2784841385693, 5.088409997534019], [-74.27839245151763, 5.088310464340539], [-74.2782625765919, 5.088203279923974], [-74.2780944984871, 5.088088452428824], [-74.27788823974018, 5.087996603792161], [-74.2777507353814, 5.087927719132424], [-74.27728291187603, 5.087809607865044], [-74.27693505795706, 5.087772998008596], [-74.27664215206111, 5.0878159158981955], [-74.27639196400428, 5.0878588277451495], [-74.27613568978504, 5.0879568068081635], [-74.27592045316727, 5.087747382044618], [-74.27592036891242, 5.087749043423774], [-74.27591756147818, 5.087805724733913], [-74.27583851039138, 5.0878353859102186], [-74.2757285424855, 5.087826231771382], [-74.27566438005701, 5.0877711189899], [-74.27560936807646, 5.087670061346158], [-74.27559102488264, 5.087605748301435], [-74.27557999600128, 5.087550548394138], [-74.27557266801021, 5.087513866030807], [-74.2755359964116, 5.087449559411889], [-74.27547182943732, 5.087376069215649], [-74.27540766338042, 5.087302579007424], [-74.27531601206805, 5.087256664494259], [-74.2752789344641, 5.087234989208828], [-74.27520603046553, 5.087192378089216], [-74.27511437913378, 5.087137272581165], [-74.27498607189452, 5.087082178067049], [-74.27495635391278, 5.087071548470307], [-74.27485777012232, 5.087036272660967], [-74.27474777309017, 5.08692604767372], [-74.27467445394015, 5.086898503125279], [-74.27455778790531, 5.086853036073937], [-74.27450075220187, 5.086809758292798], [-74.2744361625313, 5.086760747249364], [-74.27433533980646, 5.086678078710043], [-74.27422242510431, 5.086634566674885], [-74.27421619782051, 5.0866321676963], [-74.27408790708756, 5.086623019594444], [-74.27396876332124, 5.086577112150663], [-74.27387711125218, 5.086522008228618], [-74.2738312774732, 5.086457699661619], [-74.27373963088296, 5.086420974914791], [-74.27357468608605, 5.0864210231587785], [-74.27344639628052, 5.086421059545632], [-74.27336392026135, 5.086411899463518], [-74.27323563405473, 5.086411934896018], [-74.27315268412667, 5.086385694894158], [-74.27318124716857, 5.086353213117492], [-74.2732620248284, 5.086253476580202], [-74.27336763374699, 5.0860851649908], [-74.2734670375974, 5.085910627058067], [-74.27358507271123, 5.085711158525871], [-74.27367826694208, 5.085574011978971], [-74.27376524595316, 5.085449337719297], [-74.27385843832154, 5.085312196596624], [-74.27387638558123, 5.085283107981131], [-74.27393920232366, 5.085181293299265], [-74.27401374360224, 5.085037923291027], [-74.27404477988, 5.084900792820576], [-74.27394528916726, 5.0847450172379425], [-74.27371528959164, 5.084657831863585], [-74.2734417870337, 5.084589355844444], [-74.27319937283775, 5.084564495740079], [-74.27297561388069, 5.084564562155735], [-74.27275186014506, 5.084595787112319], [-74.27259026353909, 5.084608294725423], [-74.27245971034147, 5.084533552586229], [-74.27230427484295, 5.084377777584572], [-74.27219857557857, 5.084222000286585], [-74.27203693803447, 5.0841285592235055], [-74.27190017045385, 5.084041347458636], [-74.27171987803426, 5.083891820082382], [-74.27162661679704, 5.083792127544094], [-74.27148985180393, 5.083736078823584], [-74.27128472178805, 5.0836675709419765], [-74.27104229442051, 5.083586629441066], [-74.27090552132829, 5.083449548368804], [-74.27081224569358, 5.083324928408146], [-74.27071274408897, 5.083144214848386], [-74.27070650157391, 5.083038263113609], [-74.27071722732916, 5.082826754541364], [-74.27078209010116, 5.0826770557704855], [-74.27084045010771, 5.082501328718977], [-74.27091179614081, 5.082351628935321], [-74.27102207304915, 5.082175883716826], [-74.27111291399886, 5.082071731220472], [-74.27112696705736, 5.08205977914351], [-74.27124854851259, 5.081956374941729], [-74.27127144511907, 5.081824150074212], [-74.27128859525452, 5.081663193705067], [-74.27131721496517, 5.081513721995696], [-74.27132864419403, 5.081398754392217], [-74.27135726751321, 5.081249285392397], [-74.27138588498431, 5.081094073630479], [-74.27142598772704, 5.080990584829018], [-74.27149474553833, 5.0808813465374065], [-74.2715807041055, 5.080777850591384], [-74.27167814214157, 5.080697350158902], [-74.271775574715, 5.080628343419915], [-74.27190741958468, 5.080593804187446], [-74.27199913937966, 5.080570791593205], [-74.27209086183085, 5.080570763648369], [-74.27219405159855, 5.080576474851036], [-74.272222688661, 5.080501745134609], [-74.27226279619515, 5.080415502727712], [-74.27230863583259, 5.080323520720291], [-74.27236022236872, 5.080300510324299], [-74.27240608131478, 5.0802947467782], [-74.27247488618423, 5.080340718835684], [-74.2725666099314, 5.08033493719859], [-74.27264112075467, 5.080283183083802], [-74.27274429919848, 5.08024866225327], [-74.27282454839198, 5.080214150453238], [-74.27293918827081, 5.080179626890599], [-74.27305383399136, 5.080139352384398], [-74.2731226108409, 5.0800933396470445], [-74.27313978133444, 5.079989864402425], [-74.27309389849852, 5.079909405037754], [-74.27303081761607, 5.079846188008184], [-74.27295054592533, 5.079788727751021], [-74.27284457720768, 5.079735232342252], [-74.27291255186228, 5.079628051240823], [-74.27298051826781, 5.079462409153703], [-74.27304846971656, 5.07926754293096], [-74.27307754795295, 5.079033723002145], [-74.27309692406837, 5.078838878419977], [-74.27306771085244, 5.078614812328599], [-74.27313568611896, 5.0784978829120515], [-74.27328137410038, 5.078341967938292], [-74.27347563403231, 5.078156803526392], [-74.27370874093688, 5.0779131846801615], [-74.27389329996572, 5.077796220601293], [-74.27407786180756, 5.077689001183087], [-74.27427333521838, 5.077564186245269], [-74.27429157555011, 5.0775525434556], [-74.27454412678067, 5.077386854517116], [-74.27471895255393, 5.077201697493279], [-74.27495205970135, 5.076967814044282], [-74.27509775358286, 5.076831382805925], [-74.27525318538166, 5.076743656712794], [-74.27542803887275, 5.076655926607313], [-74.27569035733505, 5.076636360488047], [-74.27594293823248, 5.076548604256748], [-74.27611764197994, 5.076442170271538], [-74.27621492650543, 5.076382902689448], [-74.2765257689668, 5.076178225976952], [-74.27674916903553, 5.0760027978081315], [-74.27687567086679, 5.075866475739542], [-74.27701140824895, 5.075720200694319], [-74.27716680055424, 5.075505817782463], [-74.27720557956967, 5.075235458442925], [-74.27727838175028, 5.075028422078395], [-74.27737543798098, 5.07469958882205], [-74.27752110457985, 5.0744681660540225], [-74.27759107434998, 5.074334125473837], [-74.27765462118643, 5.074212390203202], [-74.2777365682611, 5.0740204974816825], [-74.2777638453274, 5.073956626210454], [-74.27775166257972, 5.073834847111441], [-74.27767531292366, 5.073729642372159], [-74.27765446956943, 5.073700922735819], [-74.27786897397262, 5.073744546797829], [-74.27795404611341, 5.07370008133628], [-74.2781866352766, 5.073526544820424], [-74.27837744673418, 5.073290214613124], [-74.278421891204, 5.0731905136983535], [-74.27847878510426, 5.07306288504485], [-74.27857307242218, 5.073036699052262], [-74.27863796816548, 5.073018676407727], [-74.27875962897417, 5.072949257392429], [-74.27883473669857, 5.072776966178187], [-74.27890270995563, 5.072683632805948], [-74.27902436732671, 5.07257951563123], [-74.27914512289777, 5.0725132651617875], [-74.27919521627734, 5.072485781345108], [-74.27928801136741, 5.072525301110912], [-74.27943476053878, 5.072546789054885], [-74.27954929620601, 5.072561108699697], [-74.27972469066147, 5.07262206507653], [-74.27991083166405, 5.0727081408468315], [-74.28003968435, 5.07272604489462], [-74.2801649320224, 5.07266140494403], [-74.28021858488022, 5.07255372079666], [-74.28024717193242, 5.072406565614804], [-74.28014262047407, 5.072236066204968], [-74.28006445545053, 5.072116748720513], [-74.28006861607219, 5.072115382375698], [-74.28018773389104, 5.072076249104161], [-74.28022427015154, 5.071946823087771], [-74.2802202191907, 5.07190767323758], [-74.28019554926387, 5.071669289569352], [-74.28008098364478, 5.0715544794994605], [-74.27983278830881, 5.071411001291893], [-74.27973063499178, 5.0713795166197775], [-74.27946052639783, 5.071296272465741], [-74.27941624835985, 5.071288358079351], [-74.27919327404493, 5.071248503316724], [-74.27895960520128, 5.071257131578189], [-74.278751949265, 5.071264799870044], [-74.27890935544868, 5.071170277105849], [-74.27929165455281, 5.070940702266504], [-74.27922025121043, 5.070850849565988], [-74.27919200001112, 5.070794235201012], [-74.27913518599905, 5.070680380054292], [-74.27918370232793, 5.070473345642774], [-74.2792929457358, 5.070290648677909], [-74.27941434563691, 5.070120124339574], [-74.27951142955789, 5.069900894840023], [-74.27951135940404, 5.0696695116489225], [-74.27966916643318, 5.069425912455046], [-74.27980267934677, 5.06918231247984], [-74.27987021159255, 5.0691484270914735], [-74.27992313146964, 5.0693142533897095], [-74.27999475353242, 5.069448814424026], [-74.28004248965473, 5.0694936603640555], [-74.28009617528404, 5.069490654189762], [-74.2801820365508, 5.069375781036885], [-74.28035200183356, 5.069081252803974], [-74.2804125842168, 5.0689762711950515], [-74.28064351301902, 5.06890140231278], [-74.28094655399, 5.068803156188245], [-74.28098232064598, 5.068791560009669], [-74.28113191247418, 5.068780265814233], [-74.28119229375773, 5.0687757063318335], [-74.28161223177638, 5.068754526122923], [-74.28194247197621, 5.068703479662267], [-74.28202165588674, 5.06869123547498], [-74.28235234515347, 5.0686542846831495], [-74.28252556492264, 5.068617384589189], [-74.28271450426018, 5.068512055077173], [-74.28282468027982, 5.0683120028695], [-74.28284170822074, 5.068255463561433], [-74.28284465482417, 5.068245676851655], [-74.2828928520715, 5.068085634701505], [-74.2828717595558, 5.067764559273318], [-74.28288832568062, 5.0675393285682055], [-74.28289266577592, 5.067480303616547], [-74.28285060687267, 5.067269772722477], [-74.28276128248673, 5.066980290601706], [-74.28281896764305, 5.066785516179313], [-74.28292913713051, 5.066564409392787], [-74.28295532341862, 5.0663906968970505], [-74.28285554511116, 5.066227545277185], [-74.28271625400669, 5.066141889196724], [-74.28256786712137, 5.0660587248266875], [-74.28263121500561, 5.065830422765162], [-74.2826623997672, 5.065681659207409], [-74.28267797453081, 5.065532897643682], [-74.28267012558344, 5.0654076294499495], [-74.28273255243136, 5.065297999808359], [-74.28278715826995, 5.0651335748221165], [-74.28297786600967, 5.065029568415932], [-74.28301098503519, 5.06487840784223], [-74.28303895399958, 5.0647507550811], [-74.28323907079096, 5.064533233051431], [-74.2835836976666, 5.0641372353479595], [-74.28372823229081, 5.063992213629205], [-74.28392835992693, 5.063819295282072], [-74.28420071150799, 5.063434471186834], [-74.28420733208725, 5.063435559190208], [-74.28453332994732, 5.063489126883239], [-74.28457329261397, 5.063495694216634], [-74.28486803361187, 5.063590390694274], [-74.28478190785086, 5.064285818723641], [-74.28474461350444, 5.064586951379435], [-74.28489614121511, 5.064582895629838], [-74.28505740301667, 5.064588426747058], [-74.28522422737021, 5.064616251833764], [-74.28539106947156, 5.06468868785575], [-74.28556859767286, 5.064752911469253], [-74.28555239438313, 5.064906104069156], [-74.28545236679287, 5.065112438155289], [-74.28556360948676, 5.065207202738219], [-74.28630159476182, 5.065574647952195], [-74.28679785036786, 5.065980244149616], [-74.28705416103263, 5.066199247860192], [-74.2871902413306, 5.066300948571912], [-74.28731115443455, 5.066399772315424], [-74.2873530661365, 5.066425879145524], [-74.28823301354342, 5.066176576161116], [-74.28846950589934, 5.066652752577012], [-74.28847157666853, 5.0667825513748905], [-74.28853636635439, 5.06684363628193], [-74.28862241680085, 5.066913616397827], [-74.28867253916944, 5.066959538982415], [-74.28868577055381, 5.066994546315362], [-74.28869833678868, 5.067049971689986], [-74.2887425890035, 5.067038198990274], [-74.28875845947312, 5.067029854106098], [-74.28877852977023, 5.067116460074347], [-74.28879524448075, 5.067157129007502], [-74.28884872041064, 5.067173271679507], [-74.2888811465797, 5.067169064005996], [-74.28895511695417, 5.067176217399794], [-74.2890219413335, 5.067224048353337], [-74.2889504331046, 5.067448497856043], [-74.28907675241949, 5.067701187156443], [-74.28910323796259, 5.067748960958019], [-74.28921197888246, 5.068002270642111], [-74.28934391437467, 5.06825037308575], [-74.28944127547204, 5.068284795530421], [-74.28947375776193, 5.06837666069704], [-74.28950625393837, 5.068522838894481], [-74.28973583211473, 5.0687465459046965], [-74.2898575664751, 5.068885967290154], [-74.28997441148815, 5.069097815494514], [-74.29008567909828, 5.069281783567801], [-74.29019136120891, 5.069354240408385], [-74.29035817993294, 5.069370915831519], [-74.29051389302829, 5.0694098939562], [-74.29058065026115, 5.069482359647648], [-74.29059735555752, 5.069582724170004], [-74.29062521323739, 5.069761137571837], [-74.29062529162364, 5.070006484353542], [-74.29059758541759, 5.070302014966411], [-74.29056984416006, 5.070497185785548], [-74.29061998772033, 5.070787112284452], [-74.29063117773299, 5.0710213024633575], [-74.29042574212315, 5.0719692710602], [-74.29039797027914, 5.072064079371729], [-74.2904035785996, 5.072236931983095], [-74.29043701574287, 5.072459955998311], [-74.2905316284999, 5.072727566452458], [-74.29062068298813, 5.072972880254506], [-74.29073751540489, 5.073156851340209], [-74.29084669757594, 5.073316529454067], [-74.29094335347813, 5.073457885137006], [-74.29118255916207, 5.073770062529859], [-74.29134389290374, 5.073981890864188], [-74.29143844022363, 5.074048782414783], [-74.29155524726517, 5.074143530589394], [-74.29175546249814, 5.074227102393864], [-74.29190007217758, 5.074327422704159], [-74.29198352887774, 5.074483521918098], [-74.29208921677802, 5.074578276815571], [-74.29224494858376, 5.074678591955188], [-74.29250079292035, 5.074834638369837], [-74.29273440536204, 5.075052023528459], [-74.29276677124577, 5.07516105610475], [-74.2927956415768, 5.075258318873584], [-74.29282905687182, 5.075397706087541], [-74.29285690395305, 5.075537090871713], [-74.29290346378647, 5.075761397444198], [-74.2929167752426, 5.07596730916125], [-74.29303615462969, 5.076392403829974], [-74.29325492603192, 5.076897167306978], [-74.29338089768333, 5.077215974219787], [-74.2934472559702, 5.077568019602239], [-74.2934672390702, 5.077926707694183], [-74.29342218653476, 5.07830729183343], [-74.29340118480772, 5.078484711514883], [-74.29332843996278, 5.0788965783122055], [-74.29346096048509, 5.078969610056633], [-74.29385561998032, 5.079149168701883], [-74.29442636977568, 5.079408838022888], [-74.29470233356581, 5.079534392660064], [-74.29480089040511, 5.079579232794403], [-74.29524679881078, 5.07985764387298], [-74.29534916998398, 5.079764261857843], [-74.29555856169694, 5.079641092701745], [-74.2957923708593, 5.079565650245725], [-74.29612642005043, 5.079548793480054], [-74.29665254909625, 5.079531872690685], [-74.29700327692524, 5.079473134404969], [-74.29735401277888, 5.0794144031666955], [-74.29752102757888, 5.0793808497086195], [-74.29769177126565, 5.079304690186599], [-74.29782163451573, 5.079246762982837], [-74.298139998514, 5.079090302918473], [-74.29837667844447, 5.079021317710255], [-74.29865155265043, 5.079021226953357], [-74.29893406860727, 5.079021131555012], [-74.2992013180678, 5.079059324983853], [-74.29949151626536, 5.079189379008366], [-74.29977405474672, 5.079288820202077], [-74.29995734119996, 5.079395947454665], [-74.30062919365751, 5.079196658743622], [-74.30105673794678, 5.079058702912067], [-74.30114211026306, 5.07901586264373], [-74.30134683736266, 5.07891312791289], [-74.30136698609085, 5.078894599686883], [-74.30143310731665, 5.0788337829182275], [-74.30145260032394, 5.078950802748472], [-74.30145901185394, 5.0789892995311545], [-74.30164019661304, 5.079134538478708], [-74.30165326502464, 5.079141310716992], [-74.30216558162275, 5.079406801304558], [-74.30263668296405, 5.079842547587396], [-74.30298099027901, 5.080278340442137], [-74.30316225846977, 5.080659700833858], [-74.30319864972878, 5.081131926950058], [-74.30319880107712, 5.081567835602642], [-74.3032171496502, 5.082239861355417], [-74.30310863779536, 5.082730297810459], [-74.30307858272523, 5.082814101410115], [-74.30301492531653, 5.0830996886721636], [-74.3029202685649, 5.083353057473449], [-74.30289856702831, 5.083420598685546], [-74.30285717618665, 5.083549417704826], [-74.30285499694324, 5.083551604462799], [-74.30284269051984, 5.08356395257517], [-74.30281006940754, 5.083596687757812], [-74.30271826559405, 5.08368880448475], [-74.30267113927688, 5.083716034369256], [-74.30250987165539, 5.083809210693287], [-74.30229020457357, 5.083894016212398], [-74.3022635721914, 5.083904298665961], [-74.30191621823684, 5.0840184220526385], [-74.3018725576709, 5.084024519841283], [-74.30168884408289, 5.084050171562106], [-74.3015056897353, 5.084100901096981], [-74.30135411124596, 5.08419104196843], [-74.30133518578559, 5.084202295959629], [-74.30114573561323, 5.084310029995208], [-74.30103099497553, 5.084397160413764], [-74.30091209637993, 5.0844874478833395], [-74.30085608328208, 5.084540975258336], [-74.30077949766488, 5.084614164538734], [-74.30061531818268, 5.084740887899504], [-74.30045745488712, 5.084861279429792], [-74.30037497808026, 5.08490400086728], [-74.30026168433457, 5.084962684359404], [-74.30016976581183, 5.0849835288748695], [-74.29970405950158, 5.0849836899716365], [-74.29932367979549, 5.085001986287885], [-74.29881649758835, 5.085002157969295], [-74.29845408376362, 5.08500228374019], [-74.29838177081197, 5.085002309070713], [-74.29798322163212, 5.084857139856359], [-74.29756663278197, 5.084929934005799], [-74.29716816288531, 5.0850208850099365], [-74.29678780806874, 5.085111831017535], [-74.29674131401458, 5.085119305855285], [-74.2964952508163, 5.085158867984507], [-74.29633499092704, 5.085184634903179], [-74.29599597506228, 5.085184749353764], [-74.29595460485784, 5.085184764676929], [-74.29566478690106, 5.0851848614625705], [-74.29535685455528, 5.085184965569689], [-74.29462349206668, 5.085178332970248], [-74.29459365311348, 5.085178063558989], [-74.29472536956494, 5.0853415104571535], [-74.29473241441838, 5.085350252893763], [-74.29496744424698, 5.085635820196657], [-74.29498312883283, 5.0856548789107325], [-74.2950967862133, 5.085787661436103], [-74.29523117466753, 5.085941138309402], [-74.29529315775923, 5.086017791747748], [-74.29535338314355, 5.086101680719363], [-74.29538324030594, 5.086148051057372], [-74.295413063236, 5.0861980578244], [-74.29547193508654, 5.08630718688547], [-74.29552820430771, 5.086424281535996], [-74.29556337590795, 5.086504317563768], [-74.29558545269556, 5.086557674050486], [-74.2955857093947, 5.086558343081078], [-74.29562561949403, 5.086662448825603], [-74.29564553391127, 5.086719222533866], [-74.29567959557215, 5.086825826400367], [-74.29570651194102, 5.086920399124314], [-74.29572990615328, 5.087013896795859], [-74.29574142451408, 5.0870599257749936], [-74.2957591074024, 5.087134704813383], [-74.29580100277953, 5.087206357049179], [-74.29581017250807, 5.087222233101128], [-74.29587682077982, 5.087337617559178], [-74.29592423057206, 5.08742244966099], [-74.29599694714452, 5.087559498007104], [-74.29605551669857, 5.087680663114147], [-74.29608153716732, 5.087739612294083], [-74.29611580892599, 5.087825318589335], [-74.29614364895289, 5.0879070286849615], [-74.29615490806884, 5.087946127454225], [-74.29616429140303, 5.087983962382696], [-74.29616543171535, 5.087990153393675], [-74.29617530490341, 5.088043710821778], [-74.29617764479077, 5.088056397639425], [-74.2961843074808, 5.0881257456335955], [-74.29618533098642, 5.088170960584005], [-74.2961846094818, 5.08820090162269], [-74.29618002289712, 5.0882608696473515], [-74.29617574084041, 5.08829490660839], [-74.2961637789174, 5.088363630675326], [-74.29614765083268, 5.088432774806447], [-74.29613480717495, 5.088478881737972], [-74.29610466990403, 5.088570386150394], [-74.296064941959, 5.088671056410258], [-74.29603607753602, 5.088736239654435], [-74.29597582309722, 5.088860328344594], [-74.29591661938294, 5.08897560857335], [-74.29588875417889, 5.089031949077779], [-74.2958505000533, 5.089117911682513], [-74.29583310332382, 5.08916590250735], [-74.29582189316577, 5.089196822828108], [-74.29582115033602, 5.0891994265064975], [-74.29581083231768, 5.08923562087853], [-74.2958000455744, 5.089290549021792], [-74.29579762156517, 5.0893237552670865], [-74.2957980779842, 5.089339003724909], [-74.29580104427046, 5.089359892134384], [-74.29580698398529, 5.089378183234774], [-74.29581266874833, 5.089389013927459], [-74.29582833130608, 5.0894078174822805], [-74.29583838073489, 5.089415964825159], [-74.29586312156479, 5.089430170956245], [-74.29589428628333, 5.089442185419068], [-74.2959187828929, 5.089449333751368], [-74.29597708053042, 5.089462469840643], [-74.29608594895483, 5.08948102248033], [-74.29614612186522, 5.089489303280849], [-74.29623768113038, 5.089499509636156], [-74.29632452096725, 5.08950601673309], [-74.296363958958, 5.089507518018759], [-74.29639977953319, 5.0895077010630025], [-74.29645364862213, 5.089505130679849], [-74.29646141071713, 5.089504761279898], [-74.29651217407628, 5.089498649453035], [-74.2965929095547, 5.089483066533342], [-74.29664019993065, 5.089474766663014], [-74.29666349382977, 5.0894720551490575], [-74.29669910757713, 5.089470343053522], [-74.29673668622725, 5.089472038971643], [-74.29675662722919, 5.089474383851792], [-74.2968138794298, 5.089485905101537], [-74.29684388682817, 5.089494501728677], [-74.29688920072681, 5.089510808028372], [-74.29693338022471, 5.089531088647021], [-74.29695450465334, 5.0895426717807055], [-74.29697473763602, 5.089555188644894], [-74.29701221935994, 5.089582823325278], [-74.2970348173627, 5.089602989966225], [-74.29706170973402, 5.089631779674668], [-74.29707368250571, 5.0896469035916745], [-74.29709679050666, 5.089682470575478], [-74.29710626695338, 5.089700971680105], [-74.29712139501088, 5.089739867179708], [-74.29713215911484, 5.08978224768039], [-74.29713734605858, 5.089813020073047], [-74.29714411491923, 5.089882132563208], [-74.29714840251884, 5.089973400268966], [-74.2971558267789, 5.090111566083109], [-74.29716326319793, 5.0901846384066225], [-74.29718124073183, 5.090296871519515], [-74.29721127114055, 5.090456533077843], [-74.2972254783363, 5.090543358168914], [-74.29724242602224, 5.090682453008403], [-74.29725075477909, 5.090775282378529], [-74.29725566421018, 5.0908553257811935], [-74.29726087493711, 5.090940277073586], [-74.29726316040481, 5.091032947612657], [-74.29726212290824, 5.091084374468958], [-74.29726024976006, 5.091116849423461], [-74.29725356312025, 5.091183794895277], [-74.2972420365364, 5.091261656484305], [-74.29723325003998, 5.091306487639198], [-74.29721460681611, 5.091382617320274], [-74.29718760008743, 5.091471059979815], [-74.29717032899786, 5.091520463860568], [-74.2971036577826, 5.091689410706384], [-74.29699660668776, 5.091948870182091], [-74.29694368040668, 5.092086096273952], [-74.29691889281631, 5.092155336584321], [-74.29687248694495, 5.092296212138685], [-74.29682894224997, 5.092443319567181], [-74.29681763296698, 5.092484645215311], [-74.29680066680594, 5.09254664409731], [-74.29674371059382, 5.092770776372745], [-74.29670458270921, 5.092935828700041], [-74.29668538541983, 5.093022784441079], [-74.29665821154795, 5.093157996160238], [-74.29665403562173, 5.093182375154605], [-74.29663419766389, 5.093298149822647], [-74.29662380546418, 5.093369800453724], [-74.2966071165728, 5.093515683884881], [-74.29660115332273, 5.09358970338679], [-74.29659568228202, 5.093701758460571], [-74.29659354130291, 5.093745576436996], [-74.29659097120101, 5.0937468175620175], [-74.29657777968464, 5.093754864221739], [-74.29655288708075, 5.093773986496499], [-74.29654115693145, 5.093784968976584], [-74.29651909684843, 5.093809523345089], [-74.29649879717736, 5.093837197509364], [-74.296486204368, 5.093857178077292], [-74.29647050377342, 5.093886562984966], [-74.29646315915787, 5.093900313435862], [-74.29644027880033, 5.093952767823384], [-74.29640020206615, 5.0940626831247995], [-74.296370756884, 5.0941415833436645], [-74.29635110527101, 5.094184210609874], [-74.2963384129797, 5.094211739156045], [-74.29631513167078, 5.094254590885429], [-74.29626533307471, 5.094336165057403], [-74.29623464215005, 5.094383303239449], [-74.29621268433272, 5.0944170283750205], [-74.29618616514053, 5.094455703771393], [-74.29614724099484, 5.094508600351903], [-74.29611310093391, 5.094548809341928], [-74.29609448405037, 5.094566998792856], [-74.2960621532933, 5.0945928477947096], [-74.2960219119886, 5.094617964467652], [-74.29599789154517, 5.094630601233114], [-74.29591018982855, 5.0946694197740445], [-74.29571623608382, 5.094742650752581], [-74.29561724521183, 5.094781549904985], [-74.29557864143871, 5.094798910091507], [-74.29553097013228, 5.094824462432963], [-74.29549631974587, 5.094849133522333], [-74.29548126419517, 5.094863615188321], [-74.2954611619542, 5.094889882893196], [-74.29544366879571, 5.094923556500819], [-74.29543577512803, 5.09494386870538], [-74.29542838832819, 5.094966758548453], [-74.29542471450495, 5.094981445302761], [-74.29541523811966, 5.095019329958789], [-74.29540445418226, 5.095078816458866], [-74.29539420181797, 5.095164479350796], [-74.29539101502941, 5.095208334736013], [-74.29538907222543, 5.09525201299124], [-74.29538637022219, 5.09533877990778], [-74.29538243161551, 5.095403728429344], [-74.29537403950539, 5.095468922070235], [-74.29536739623583, 5.0955017224208845], [-74.2953587752909, 5.095534659758763], [-74.29533624300291, 5.095600122550178], [-74.29530814429593, 5.095663421429601], [-74.29528718892531, 5.0957034636091185], [-74.29527254323884, 5.095728867108367], [-74.29524233814615, 5.095775800719417], [-74.29522514908909, 5.095799579808276], [-74.29521629237675, 5.09581031762706], [-74.29519046036603, 5.0958416329471605], [-74.29515518999057, 5.095877111222749], [-74.29513122574656, 5.0958975670773405], [-74.29508193444985, 5.095932043023575], [-74.29504770637843, 5.095950899963289], [-74.2950299056464, 5.095958973078465], [-74.29500204153089, 5.0959691112866246], [-74.29495680719464, 5.095979258226995], [-74.29490625205817, 5.095982374778811], [-74.29487856423056, 5.095980962946746], [-74.29484908192637, 5.09597744655866], [-74.29478485665175, 5.095964572167905], [-74.29471401908513, 5.095945001136052], [-74.29466336583862, 5.095928861158049], [-74.29455445466428, 5.095890880916711], [-74.29454463601, 5.095887182884012], [-74.29443667688304, 5.095846527039694], [-74.2943753326264, 5.095820930843395], [-74.29428135517827, 5.095776543513273], [-74.29421796918942, 5.095742067243697], [-74.2941862010611, 5.095723130508044], [-74.29413860014581, 5.095692390931304], [-74.29409122269847, 5.095658786325215], [-74.29399811911283, 5.095585261034876], [-74.29393808298225, 5.095533799545894], [-74.29382566939236, 5.0954324309556185], [-74.29375044212951, 5.095364226938593], [-74.29366378567471, 5.095291036052921], [-74.29362425685113, 5.0952610094534885], [-74.29356640749052, 5.095221889421689], [-74.29353707386272, 5.095204266935629], [-74.29347513266491, 5.095171166567917], [-74.29337006099247, 5.095123633689476], [-74.29329406125593, 5.095093717484336], [-74.29324202670175, 5.0950749245763145], [-74.29313756502575, 5.095040923421391], [-74.2930365110459, 5.095012999229025], [-74.29298832134327, 5.095001845883897], [-74.29292001271179, 5.094989263584801], [-74.2928575562772, 5.0949823290006915], [-74.29282892160529, 5.09498121574349], [-74.29280213829186, 5.094981777156665], [-74.29275293527279, 5.094987789763706], [-74.29270718806444, 5.095000030355916], [-74.29267718701774, 5.095011451229817], [-74.29261458192282, 5.0950416577962025], [-74.29254243762817, 5.095080667261575], [-74.29250005877583, 5.095102791373937], [-74.29242537022478, 5.09513838129712], [-74.29233388112385, 5.095175933080612], [-74.29228062395644, 5.095195111312034], [-74.29220132433328, 5.095220746888394], [-74.29208413041275, 5.09525400998067], [-74.29202225078754, 5.095269783582585], [-74.29187959838214, 5.095301915209276], [-74.29173889096019, 5.0953274903842525], [-74.29167182401913, 5.095337098248957], [-74.29160811895409, 5.095344307986357], [-74.2914907098599, 5.0953525493359315]]]], "type": "MultiPolygon"}}, {"type": "Feature", "properties": {"CODIGO": "25777000200000007", "SECTOR_CODIGO": "257770002", "NOMBRE": "MONTE DULCE", "Area_ha": 4009.609292482543, "Perimetro": 32923.55708649844, "Shape_Length": 32902.631410842434, "Shape_Area": 40096092.92482543, "USO_CAMP": "Ganadero lechero", "Descripcion": "100% Pastos para ganader\u00eda lechera."}, "geometry": {"coordinates": [[[[-74.19467661219355, 5.102327230871226], [-74.19467520114782, 5.102326415531901], [-74.19464731809046, 5.102310304463855], [-74.19463705105966, 5.102296369318136], [-74.19463590846794, 5.102294817855329], [-74.19437838252986, 5.1019453169081865], [-74.19428231681556, 5.101724368468778], [-74.19418628380107, 5.101503492323614], [-74.19392082069679, 5.101181146996954], [-74.19391734500573, 5.10117692610316], [-74.19358117384851, 5.100821543689722], [-74.19319697781081, 5.1004949802550374], [-74.19268791784096, 5.100129992191254], [-74.19252150777733, 5.100029135844223], [-74.19211186691376, 5.099883949807633], [-74.19176795026594, 5.099795196053607], [-74.19161818082219, 5.099700895709597], [-74.19159599311095, 5.099490108342009], [-74.19166810393828, 5.099273774195229], [-74.19178459121805, 5.099018612148445], [-74.19188998653642, 5.098702430080109], [-74.19191706649613, 5.098317886893783], [-74.19190031684472, 5.098209011067212], [-74.1918971918772, 5.098087150133007], [-74.1918907123933, 5.097834422032289], [-74.19186189579042, 5.097699951082869], [-74.1917850580964, 5.097632718216837], [-74.19156414445334, 5.097613507347265], [-74.19130961621163, 5.097637518067139], [-74.19101681226904, 5.097603735834391], [-74.19097664478453, 5.0975991024133585], [-74.19070770638905, 5.097522261201507], [-74.19032351054832, 5.0972405177016835], [-74.18970879795772, 5.096894739500558], [-74.18890198599081, 5.096702644363152], [-74.18805675416434, 5.096664223758414], [-74.18767918347358, 5.09662089486841], [-74.18761877165696, 5.0966888577607845], [-74.18740243704019, 5.096921833626636], [-74.18717500842901, 5.097099339467105], [-74.18695312848199, 5.0971603572300195], [-74.18669241696236, 5.097104886452985], [-74.18648163015929, 5.0968330809491365], [-74.18632076627948, 5.096500257450308], [-74.18621537258103, 5.096172984945247], [-74.18611551109875, 5.095813482112655], [-74.18609735428579, 5.0957805743630455], [-74.18605893521246, 5.0953067306807], [-74.18617419427581, 5.094832887769239], [-74.18633717730647, 5.094359348668189], [-74.18636636776543, 5.094088289312292], [-74.18637499562176, 5.094008168833962], [-74.18629395470167, 5.093656990067618], [-74.18617790775238, 5.093370285191914], [-74.18611026104439, 5.093203156616439], [-74.1859562813282, 5.092397246959229], [-74.18574017152734, 5.091784932287772], [-74.18560330268696, 5.091064566016178], [-74.18543761825194, 5.090409030368777], [-74.18537278457617, 5.089911977255689], [-74.18556008030535, 5.089220425552121], [-74.18561050630083, 5.088579299541948], [-74.18566093173598, 5.088118264581316], [-74.18571135699527, 5.0877724859747], [-74.18572576476302, 5.087484339853182], [-74.18560330165516, 5.087225005662048], [-74.18541600742347, 5.086987287653878], [-74.18531038886901, 5.086881666588853], [-74.18514947186544, 5.086720748071332], [-74.18511334543044, 5.086691705220828], [-74.18478208326896, 5.0864253993744315], [-74.18449393607159, 5.086288529673793], [-74.18419138156287, 5.086101235650726], [-74.18417816473763, 5.08608161696962], [-74.18399058039351, 5.085803180589533], [-74.18367181827539, 5.085262904424503], [-74.18341652628985, 5.084917508839198], [-74.18338115706477, 5.0848696557389825], [-74.18330442923966, 5.084765850524033], [-74.18265069478977, 5.084203962969403], [-74.18257503118834, 5.084137324322504], [-74.18255612048597, 5.084120668494811], [-74.1824253083157, 5.0840054592044845], [-74.18241052538283, 5.083992439555496], [-74.18206179438538, 5.083685300660113], [-74.18173222719756, 5.083409759282343], [-74.18171057977969, 5.083380800012872], [-74.18169382521556, 5.083358385469527], [-74.18133242280622, 5.082874886794982], [-74.18120815847998, 5.082631762672871], [-74.18113252269049, 5.082404843652861], [-74.18111116420569, 5.082340770016135], [-74.18105688156601, 5.082177930048981], [-74.18097635210604, 5.08198555194276], [-74.1809596324679, 5.081945610710385], [-74.1808137589986, 5.081842956796339], [-74.18061698535104, 5.081837779443112], [-74.18060845304578, 5.081837555280704], [-74.18037613448199, 5.081842957967322], [-74.18011986615139, 5.081777467371851], [-74.17988988615271, 5.0817186949082656], [-74.17949548534281, 5.0815079877366935], [-74.17942432310097, 5.081478414027535], [-74.17907947319554, 5.081335099232565], [-74.17872289052335, 5.081151406695869], [-74.17852298983694, 5.080967713616823], [-74.17841745427751, 5.080832627605845], [-74.17838791967107, 5.080794824264689], [-74.1783014762657, 5.080584117248202], [-74.17830147556745, 5.080400423556117], [-74.17842033660652, 5.080168104230614], [-74.17843532539176, 5.080150974612887], [-74.17843968740202, 5.0801459891616005], [-74.17857161388208, 5.079995214811917], [-74.17900923725232, 5.079687260868013], [-74.1794684717977, 5.079287454791458], [-74.17950659686363, 5.079245823444963], [-74.1799385110145, 5.078774194475851], [-74.1802140532677, 5.078395999252136], [-74.18022070856536, 5.078378832370783], [-74.18028365909957, 5.078216485391175], [-74.18030508000832, 5.078161243320448], [-74.18031670388145, 5.078131266694153], [-74.18036532933169, 5.077947570159317], [-74.18035595178274, 5.077591214680841], [-74.18035452484497, 5.077536963559977], [-74.180350482805, 5.077519896769999], [-74.18025727410757, 5.0771263512270295], [-74.18023026048549, 5.076915644403861], [-74.1802665777545, 5.076788537773844], [-74.180313677289, 5.076623687173415], [-74.18031670349647, 5.076613092391084], [-74.18044096789517, 5.076364563908102], [-74.18046798027324, 5.076116036782157], [-74.18044096783532, 5.075845897880383], [-74.18035992544317, 5.075683813248807], [-74.18027888476152, 5.075575760644682], [-74.18013841338994, 5.075532538374445], [-74.1799331072698, 5.075543342630479], [-74.179581929064, 5.075602772962736], [-74.17913349972066, 5.075705427204622], [-74.1788903774327, 5.075710827768606], [-74.17873369597127, 5.0756297892414], [-74.17839872617441, 5.075424483275919], [-74.17811237859667, 5.0753704551613605], [-74.17777200583633, 5.075392064512269], [-74.17768717056717, 5.075413556997167], [-74.17736679915052, 5.0754947192588915], [-74.17692377322189, 5.0756784126126275], [-74.1766428285796, 5.075851300759463], [-74.17662428798387, 5.075859893361617], [-74.17642131691642, 5.0759539532395435], [-74.17623762163484, 5.075975567754603], [-74.17620388147085, 5.0759671310189125], [-74.17606473377722, 5.075932342075552], [-74.17592426273386, 5.075737844247348], [-74.1758540271829, 5.075505524022741], [-74.17580540206522, 5.075284010672283], [-74.17575677688205, 5.074965248507923], [-74.17561630488082, 5.074651887970859], [-74.17536237542792, 5.0743817541530465], [-74.17520569575899, 5.074257487962126], [-74.17508683481674, 5.074073794916909], [-74.17504901621403, 5.073873890905938], [-74.17508143189768, 5.073641575567776], [-74.17516787625911, 5.073090492143668], [-74.17514532557902, 5.0727837881500175], [-74.17514086284064, 5.072723105440222], [-74.17510836403859, 5.072473944341936], [-74.1750922381912, 5.072350313640231], [-74.17501659967209, 5.071950511880535], [-74.17496257256883, 5.071556107942793], [-74.17487072453373, 5.071275167432032], [-74.17474646137522, 5.071021235380281], [-74.17456817041308, 5.070837542389337], [-74.17433585209825, 5.070707877408454], [-74.17417376893452, 5.070540390255872], [-74.1740873255977, 5.070378307774078], [-74.17406593191355, 5.070265045092699], [-74.17399547736217, 5.069892058290763], [-74.17399547784498, 5.069443632357965], [-74.17406571394396, 5.069081648009899], [-74.17421158943193, 5.068671037156964], [-74.17422332239089, 5.068633878738607], [-74.17423589426122, 5.068594069442226], [-74.17427642174611, 5.068465731068667], [-74.17429186506185, 5.0683595587288055], [-74.17429313068939, 5.068350858258912], [-74.1743196437758, 5.068168581020928], [-74.17435328820623, 5.068087271241087], [-74.17435684239881, 5.06807868243435], [-74.17444930975809, 5.06785522134102], [-74.17446091472179, 5.067813153525972], [-74.1745357539373, 5.06754186052633], [-74.17451954527196, 5.067331152264801], [-74.17448172553537, 5.066942153985838], [-74.17447092075219, 5.066628793314121], [-74.17445471278906, 5.06622899096178], [-74.17450874039781, 5.065791365708871], [-74.17451161152889, 5.065555866524439], [-74.17443824787753, 5.065352891540277], [-74.17429697653135, 5.064962045963726], [-74.17415777949256, 5.0648035127796485], [-74.1740222599301, 5.064649170404712], [-74.17364070756972, 5.064366822993701], [-74.17319047471807, 5.064160782336044], [-74.17277839785223, 5.064114996229577], [-74.17276160493466, 5.064113858516899], [-74.17242468074681, 5.0640910174259055], [-74.17235844323984, 5.064084094174861], [-74.17205048481476, 5.063986845590618], [-74.17176413934912, 5.063867984630423], [-74.17160071646677, 5.063788911939683], [-74.17128360950724, 5.063717834660958], [-74.17101908767152, 5.063621646093413], [-74.17075456575917, 5.063579561134263], [-74.17052611612128, 5.063519444413327], [-74.1704239149204, 5.063387181191404], [-74.17040587923753, 5.063248911485562], [-74.17050808034095, 5.0630865910096245], [-74.17064635250549, 5.0629843895342495], [-74.17079664937098, 5.062846115835291], [-74.17080614390555, 5.062833603790484], [-74.17080785146622, 5.062825254499507], [-74.17090510159804, 5.062641558973756], [-74.1710135606418, 5.062441325399978], [-74.17102509936525, 5.062250942531185], [-74.17104914648652, 5.062028504959528], [-74.17103712255704, 5.061745947494434], [-74.17100865441238, 5.061580827595065], [-74.17100105178905, 5.061583628236931], [-74.17064034043128, 5.061138754772674], [-74.17023754702478, 5.0606938774019], [-74.16989163369648, 5.060473748628136], [-74.16972654001836, 5.060399296508123], [-74.16952814873007, 5.0603151295194], [-74.16948435787427, 5.06025673989663], [-74.16938386615352, 5.060122748627182], [-74.1691313697957, 5.059575669989677], [-74.16910584344669, 5.059520362707688], [-74.16895101234665, 5.059184901740866], [-74.16886083501606, 5.058932405216028], [-74.1688187519136, 5.058637824830318], [-74.16875863277446, 5.058361278681955], [-74.168656431977, 5.058235029338367], [-74.1686031771096, 5.05820754235499], [-74.16847006525373, 5.05813884201902], [-74.1682248411041, 5.058096193150303], [-74.16805524759887, 5.058066698092988], [-74.16776667883748, 5.058018603141645], [-74.1675682875247, 5.058036641148783], [-74.16734584874533, 5.058156875773986], [-74.16712942266234, 5.058319197043544], [-74.16696710298005, 5.0583552693674845], [-74.1666184155245, 5.058144851282114], [-74.16626972949393, 5.057826224389842], [-74.16612544427721, 5.057603787343651], [-74.16602324295188, 5.057417419150601], [-74.16556450589566, 5.057070699057486], [-74.16546452349544, 5.057011886176374], [-74.1652430110113, 5.056882218610158], [-74.16484320642236, 5.0566607064487625], [-74.1645514581968, 5.056471611104436], [-74.16422189028349, 5.056320335158591], [-74.16398957215603, 5.056201472125011], [-74.1637572523624, 5.056098820067904], [-74.16340607424465, 5.056006975080049], [-74.16289821552779, 5.055871904533504], [-74.16248220258574, 5.055699015811859], [-74.16216884249589, 5.055509920787223], [-74.16177984405981, 5.055288405925268], [-74.16155035339241, 5.055160301977244], [-74.16114008127056, 5.0548229664683495], [-74.16082326053238, 5.054506146118936], [-74.16057481724401, 5.054271378838764], [-74.16030814058728, 5.0540502881135145], [-74.16010984349582, 5.053877063968219], [-74.15994801390838, 5.053728911852321], [-74.15985228301771, 5.053649135089844], [-74.15979758096238, 5.053557962684185], [-74.15978618431181, 5.053459953682368], [-74.15979758067324, 5.053361944638809], [-74.15982139953613, 5.053240620104325], [-74.15985021513924, 5.053110957589957], [-74.15985741905224, 5.053024509937281], [-74.15982140003102, 5.052930861950612], [-74.15956724607211, 5.052870757263102], [-74.15921066368075, 5.052708676432664], [-74.1589310712043, 5.0525790076141694], [-74.15872036391855, 5.052461498806418], [-74.1585704372478, 5.052311572252815], [-74.15841645854243, 5.05211302317649], [-74.15831515708975, 5.051950937329302], [-74.15827058460316, 5.051780753204014], [-74.15831110498871, 5.0516024590926225], [-74.15837188603344, 5.051330972841424], [-74.15842051097384, 5.050885243394306], [-74.15841240574565, 5.0503827876631835], [-74.15840024992612, 5.050038361280128], [-74.15835973080483, 5.049750663773102], [-74.15833541684836, 5.049576425060809], [-74.15826653200367, 5.049442708602858], [-74.15813281421997, 5.049252260338078], [-74.15798693888385, 5.049013188613711], [-74.15788969051962, 5.048737647386672], [-74.15785727328307, 5.0485228916631275], [-74.1578775334626, 5.048385117162181], [-74.15790652503222, 5.048343241940132], [-74.15795047229436, 5.048279765942953], [-74.15805052364335, 5.048167942901637], [-74.15807977240591, 5.048135251343119], [-74.15808824112155, 5.048125786993515], [-74.15829016867433, 5.047850018847358], [-74.1583622061721, 5.047633909576908], [-74.15838381715334, 5.047468223796218], [-74.15830457592457, 5.047172875205612], [-74.15817490949337, 5.046805486296138], [-74.15800922649738, 5.046279619997665], [-74.15782913425386, 5.045782566760414], [-74.15779009301966, 5.045636811413527], [-74.15772107854565, 5.045379158133625], [-74.15771884745172, 5.045352376127081], [-74.1577122510252, 5.045273219799227], [-74.15770680516998, 5.045207868376185], [-74.15767065351332, 5.044774049272623], [-74.157670652285, 5.044313015104984], [-74.15769226348563, 5.043996052704014], [-74.15768742749495, 5.043917376417036], [-74.1576766108734, 5.043741404269557], [-74.15771125404781, 5.043601504021636], [-74.15784480959753, 5.043365213178133], [-74.1579900863714, 5.043197237682584], [-74.15817356220842, 5.042985094907504], [-74.15847149417706, 5.042700862186466], [-74.15868723766835, 5.042584427359437], [-74.15884413452602, 5.042508780809802], [-74.15884654978177, 5.0425076174036745], [-74.15887901100687, 5.042491965516296], [-74.15907420887177, 5.042344709472238], [-74.15923173434166, 5.042190605790686], [-74.15930022483825, 5.042039929166193], [-74.15930664889736, 5.041962845270271], [-74.15931049927198, 5.041916645430064], [-74.15926424719657, 5.041811809938043], [-74.15925913032585, 5.041800212683659], [-74.15923920711134, 5.0417488297888235], [-74.15919406603696, 5.041632413070131], [-74.15920776446416, 5.041488582457829], [-74.15930364997551, 5.041303658578684], [-74.15945775272975, 5.041098191450779], [-74.15958623049278, 5.040782351519959], [-74.1596221288149, 5.0406940991067435], [-74.15970774208843, 5.040382468934747], [-74.15978993013009, 5.039930431862157], [-74.15981517103157, 5.039800403917608], [-74.15990293875896, 5.039348264612684], [-74.16005019257994, 5.038783221922999], [-74.1601434568046, 5.038581241975624], [-74.16027183413821, 5.038303219117246], [-74.16049100343987, 5.037968378680337], [-74.16066755475948, 5.037767474384618], [-74.16082595773977, 5.03767387296287], [-74.16093542807191, 5.037609186107744], [-74.16099384648244, 5.037584729015612], [-74.1610330429779, 5.037567434546462], [-74.16105934107276, 5.037555831912338], [-74.16109979451522, 5.037519233165209], [-74.16110232234813, 5.037513387011465], [-74.16113061286839, 5.03744796007453], [-74.16116528597466, 5.037293857451505], [-74.16120766557644, 5.037031883331286], [-74.16124233746204, 5.036798804533694], [-74.16125582141225, 5.036600394462941], [-74.16125947270343, 5.036565104644907], [-74.16126160174427, 5.036544532039458], [-74.16130975736128, 5.036488670000041], [-74.16144267118769, 5.036382725850272], [-74.16157943788278, 5.036267147316983], [-74.16161190981167, 5.036240960314808], [-74.16163915401094, 5.036218990145328], [-74.16164878396232, 5.036195878745982], [-74.1616495373871, 5.036193842417853], [-74.16166804802097, 5.036143864969381], [-74.16168297891927, 5.036101871877664], [-74.16172968847113, 5.035970501768882], [-74.16178554945006, 5.035826029540954], [-74.161836697731, 5.035702956122425], [-74.1618471909953, 5.035677705952056], [-74.16190305441276, 5.035581390160822], [-74.161903479274, 5.0355808103053485], [-74.16191758427881, 5.0355615437217605], [-74.16198203073525, 5.03547351721846], [-74.16204752510491, 5.03539839184632], [-74.16210146054716, 5.035354087828988], [-74.16217658575063, 5.035329047094664], [-74.16227868050736, 5.035290518620875], [-74.16247516072922, 5.035240439601412], [-74.16261577888815, 5.035190352635427], [-74.16267863765161, 5.035175760219607], [-74.16271826519429, 5.03516655960924], [-74.16284611453108, 5.035088937639889], [-74.1630562868928, 5.034948822460559], [-74.16307898016487, 5.034933694631693], [-74.16333467672617, 5.034833241270675], [-74.16350818453279, 5.0347693173900385], [-74.16352585377015, 5.034758273922253], [-74.16365429641891, 5.034677997786384], [-74.16385520188365, 5.034545583775525], [-74.16406980431469, 5.0343675078933625], [-74.16422961486548, 5.0342442265281875], [-74.16437572651158, 5.034175735882737], [-74.16445371440147, 5.034156239189039], [-74.16459489528282, 5.034120944076305], [-74.16484145987616, 5.034079850394917], [-74.16498757234304, 5.034057023195043], [-74.16501496818685, 5.034038757970502], [-74.16503779923028, 5.033997660989857], [-74.1650560627347, 5.033892642654803], [-74.16506885688499, 5.033719920546584], [-74.1650735797937, 5.033656159915681], [-74.16507432701134, 5.03364607868191], [-74.16509715691936, 5.033335593299519], [-74.16517021467573, 5.033116421172075], [-74.16534828644957, 5.032970307765638], [-74.16564051157577, 5.0328424622718], [-74.16597839681745, 5.032714610927428], [-74.16619756477974, 5.032618726420359], [-74.16626148981216, 5.032561650594461], [-74.16632541573865, 5.03250457657283], [-74.16634824373719, 5.0323721624505335], [-74.16634506454749, 5.0323096357119175], [-74.1663345461273, 5.032102768824406], [-74.1662295273254, 5.031869900526445], [-74.16611994377311, 5.031586808292132], [-74.16610167899228, 5.031381338742095], [-74.16617473547275, 5.031189567823615], [-74.16632997990756, 5.030956698612198], [-74.16662677007133, 5.030646208684461], [-74.16705140817486, 5.030395080477904], [-74.16761302895058, 5.030189608095585], [-74.16795658160635, 5.030115989149214], [-74.16807246499744, 5.030091158070745], [-74.16818834747127, 5.030066326070469], [-74.16861298478949, 5.030070894076988], [-74.16902392547757, 5.030139381441844], [-74.16935267840111, 5.030221568686871], [-74.16963577073298, 5.030212439254053], [-74.1697111991037, 5.030181908564664], [-74.16982754339581, 5.030134814661782], [-74.16990973219387, 5.0300115323899295], [-74.16991065553584, 5.030009167298623], [-74.16991227317922, 5.0300050229565745], [-74.16998278833783, 5.029824328945364], [-74.16998970536478, 5.029423075755833], [-74.16992322632304, 5.029115607642823], [-74.16973888084726, 5.028141209489788], [-74.16964231837217, 5.027447715867915], [-74.16973482812023, 5.027019860663384], [-74.16976924642957, 5.026860679736893], [-74.16978277301111, 5.02679811586175], [-74.17019535715342, 5.026297752699067], [-74.17085373486498, 5.025920279156865], [-74.17101405396888, 5.025840118648498], [-74.17166135368002, 5.025516470479912], [-74.1717191051873, 5.025489816108767], [-74.17190029599838, 5.025428395994552], [-74.17192883990629, 5.025418719958686], [-74.1724591725877, 5.025169787369334], [-74.17310856137203, 5.024920853850481], [-74.1733583958621, 5.024780948440631], [-74.17364971754361, 5.024617809041017], [-74.17376938795583, 5.024563044778829], [-74.17377859191423, 5.024558832493192], [-74.17390278899839, 5.0245019961355935], [-74.17391956419888, 5.024494319179365], [-74.17396622678824, 5.024472965227787], [-74.1742882831158, 5.024325581386731], [-74.17529483509755, 5.02395759626378], [-74.17563035231016, 5.023687016968542], [-74.1758251689108, 5.023503026894147], [-74.17610657130369, 5.0231999754492005], [-74.17631539912693, 5.023184507232749], [-74.17639879474133, 5.023178328858855], [-74.17643068065014, 5.023185832164242], [-74.17676678074542, 5.02326491663981], [-74.17705745646096, 5.0233698815204155], [-74.17715641415525, 5.023405614954258], [-74.17732958374391, 5.023416440083389], [-74.17748110906712, 5.023362324450581], [-74.17757851672113, 5.023243266973562], [-74.17759278663199, 5.023217245325227], [-74.1777625100951, 5.022907750734876], [-74.1783469594061, 5.022193425576475], [-74.17880820799424, 5.021700367333921], [-74.1788137995512, 5.021694388948769], [-74.17897470114696, 5.021522390666291], [-74.17900067806877, 5.021499347384055], [-74.17964573675648, 5.020927115842177], [-74.17991057701039, 5.020785458662637], [-74.18011113073669, 5.020678185487053], [-74.1811501516775, 5.020234435396954], [-74.18132504382486, 5.020170672932888], [-74.18218917324464, 5.0198556292674885], [-74.18219675036582, 5.019853487379734], [-74.18290019414145, 5.0196546873113785], [-74.18318490137413, 5.019574224925292], [-74.1837152364251, 5.0193144706755275], [-74.18379509590295, 5.019276136531034], [-74.18425639202812, 5.019054713658309], [-74.18449578642151, 5.018732773523547], [-74.18457026403007, 5.018632613741088], [-74.18473261147258, 5.018416150284243], [-74.18516553561133, 5.018340389455133], [-74.1855118773782, 5.018340389680816], [-74.18571851739344, 5.018340389128821], [-74.18613961743344, 5.018340389007298], [-74.18647513591102, 5.018253801513323], [-74.18649095557187, 5.0182373220281535], [-74.18654168277556, 5.01818448270524], [-74.18673489041653, 5.017983226463496], [-74.18696353103843, 5.0177234048215045], [-74.18696976110633, 5.017716324955634], [-74.18697299905061, 5.017712646360097], [-74.1872435776276, 5.017582769105755], [-74.18746705670914, 5.017359290249402], [-74.1875033330569, 5.017323012948533], [-74.18758993115833, 5.017159441160034], [-74.18767652831794, 5.016995867561477], [-74.18769814972495, 5.01695502578758], [-74.1879146121562, 5.016608684441407], [-74.1882934212007, 5.016283992679789], [-74.18850145271544, 5.016099512818093], [-74.18851564529737, 5.016086927040344], [-74.18886704731253, 5.0157753036424975], [-74.1895380832888, 5.015288263313426], [-74.18991757784205, 5.015041592357863], [-74.18997100804118, 5.01500686267361], [-74.19000634876298, 5.015008123895379], [-74.1902740561313, 5.015017684483864], [-74.19037516667721, 5.01501419767908], [-74.19058792654987, 5.01500686098716], [-74.1909559140257, 5.014887810593695], [-74.19098109762544, 5.014876005523611], [-74.1913022540147, 5.014725461739538], [-74.1915487281449, 5.014618655046386], [-74.19162694783505, 5.014584759552281], [-74.19201658046879, 5.014411590222113], [-74.1921186465535, 5.01437935950627], [-74.19242785929069, 5.014281713515624], [-74.19260109043535, 5.014232219036345], [-74.19295819479852, 5.014130188403188], [-74.19354264275613, 5.013978662733529], [-74.19414873948075, 5.0139786631956555], [-74.19464660459028, 5.014011133464223], [-74.19504705921237, 5.014184305916625], [-74.19527434602264, 5.014335829166398], [-74.19541935865742, 5.014399158936461], [-74.19551067928049, 5.014399157480818], [-74.19565679135508, 5.014380894958535], [-74.19583029884042, 5.014335238357003], [-74.19598097958962, 5.014307839496816], [-74.19601838740967, 5.014307172046284], [-74.19616661298761, 5.014304524701818], [-74.19623667561196, 5.014303272672937], [-74.19640022067806, 5.014316903151377], [-74.19651063471137, 5.014326104905749], [-74.1969033123439, 5.014467648446528], [-74.1970676875942, 5.014522440578428], [-74.19718183860645, 5.014549836889374], [-74.19725489504378, 5.0145407045411465], [-74.19730968724541, 5.014499611824773], [-74.19736904534413, 5.01442655492249], [-74.19741013821505, 5.014298708846349], [-74.19739644136199, 5.013997351046698], [-74.19741013902866, 5.0137850315393315], [-74.19748861072947, 5.014273611721372], [-74.19753511663615, 5.014543618620219], [-74.19790784736946, 5.016707612560515], [-74.19795547297338, 5.017002524473934], [-74.19825628599388, 5.01886532811329], [-74.19844997721292, 5.020178083070098], [-74.19849388760417, 5.020475692574992], [-74.1985546146024, 5.020787067093867], [-74.19862848826013, 5.021165838868241], [-74.19881859002447, 5.022577882082256], [-74.19897104708863, 5.023608633846114], [-74.19910371869936, 5.024505556213595], [-74.19929380036686, 5.0257827423532655], [-74.19963974121575, 5.028082273419614], [-74.19964227589014, 5.028099115730359], [-74.20003827871703, 5.030732805773036], [-74.20006818946095, 5.030928720796926], [-74.200489022436, 5.033685014834495], [-74.20028822273385, 5.0338311300117535], [-74.20018145465956, 5.03394220702527], [-74.20020405429246, 5.0341232365803155], [-74.20025865033493, 5.034326437827629], [-74.20043797371903, 5.034654668748201], [-74.20056929411169, 5.034917921126482], [-74.20057052214165, 5.034920382704369], [-74.20069527403969, 5.0351782824286975], [-74.200742077247, 5.035381485280404], [-74.20074209411275, 5.0354752741401825], [-74.20072654407787, 5.035678490677443], [-74.20078111679803, 5.03575663848602], [-74.20089803942813, 5.035819142607011], [-74.20095260282321, 5.035850395969175], [-74.20093702659584, 5.035912925600741], [-74.20090586819778, 5.036006721311085], [-74.20086693103508, 5.036178677620277], [-74.20088534400384, 5.036280816648229], [-74.20088571200613, 5.036280742678169], [-74.20088782895459, 5.036294594379425], [-74.20106696207695, 5.03627475844092], [-74.20131747581, 5.036220879606811], [-74.20160378051139, 5.036184937023749], [-74.2019855153033, 5.036095145591403], [-74.20229567367325, 5.036017329465254], [-74.20265951093592, 5.035921556368871], [-74.20284706543868, 5.03587450173011], [-74.20304124332085, 5.035825784397891], [-74.2034408707977, 5.035730005379324], [-74.20370565511506, 5.035652336803562], [-74.20382856199681, 5.035616284719842], [-74.20405229098799, 5.035593666440954], [-74.20408338488329, 5.035577391730014], [-74.20411410377872, 5.035561311344381], [-74.20410922446064, 5.035867995570022], [-74.2041334421619, 5.036001404368171], [-74.20413885486852, 5.0360312219229675], [-74.20425728240595, 5.036318098448153], [-74.20429679096394, 5.036575297944856], [-74.20429684323915, 5.0368473589231675], [-74.20432154150302, 5.0370452138921635], [-74.20435115396036, 5.037149084601923], [-74.20441530020317, 5.037257895969766], [-74.20443011572262, 5.037351876271476], [-74.20441040789082, 5.0374705950686], [-74.20440551360134, 5.037673390857743], [-74.20451407512252, 5.0379108060262405], [-74.20465224106641, 5.038192727164776], [-74.20467694319495, 5.038390583877313], [-74.20461286639026, 5.038652754396087], [-74.20451917817665, 5.038830842775359], [-74.20450440029818, 5.03893472236163], [-74.20450936121397, 5.039093008726309], [-74.20463686244865, 5.039685563360486], [-74.2046789190019, 5.03983165090692], [-74.20471814839863, 5.039885026253074], [-74.20477978975332, 5.0399102960176645], [-74.20485824585911, 5.039910281857764], [-74.20502073962943, 5.0399327344021865], [-74.20510760418618, 5.039955185911813], [-74.20513002635651, 5.040031044697356], [-74.20514965871644, 5.040137802995069], [-74.20514127433674, 5.040247370217933], [-74.20517771441735, 5.040337265806503], [-74.20523096925639, 5.040466497346687], [-74.20528702826539, 5.040587290710635], [-74.20531786239208, 5.040677192149044], [-74.20536550096956, 5.0407137094307375], [-74.20538512409257, 5.040769896155025], [-74.20539264050707, 5.040893349193516], [-74.20540745185882, 5.040987330322481], [-74.20547653448175, 5.041101087110254], [-74.20558509270943, 5.041293979949926], [-74.205604835905, 5.041378065802916], [-74.20560485513353, 5.041481942367522], [-74.20558022157674, 5.041630333170872], [-74.20572820043438, 5.04163030573747], [-74.20588111168925, 5.041605552929418], [-74.20600443294745, 5.04163519965706], [-74.20597000178017, 5.04214964187295], [-74.20599479020518, 5.04280751287346], [-74.20601952844179, 5.043218065518742], [-74.20610342508972, 5.043435696568803], [-74.20625639128139, 5.0437621293951524], [-74.20636987627908, 5.043925341778353], [-74.20641828960699, 5.044041161714588], [-74.20643724884336, 5.0441804007100925], [-74.20646926396314, 5.044197678604721], [-74.20651931073553, 5.044224687879119], [-74.20658874763794, 5.0442563246053345], [-74.20659532300331, 5.044265740664597], [-74.2066329440731, 5.044319608284357], [-74.20663927504019, 5.044401888493646], [-74.20703700507346, 5.0449018378210395], [-74.20761154514476, 5.04578151402463], [-74.20792722992724, 5.046249835731353], [-74.20794973004737, 5.046286480873618], [-74.20817978068878, 5.046661197437882], [-74.20831867552126, 5.046851053353911], [-74.20843231225209, 5.046958624504543], [-74.20848912525183, 5.047002921192881], [-74.20855224010963, 5.047002910503301], [-74.20862167111461, 5.047015558297609], [-74.20872266758563, 5.047059840586798], [-74.2088299945499, 5.047173749914026], [-74.20897522996201, 5.047521842016029], [-74.20908257135213, 5.047724356083357], [-74.20920883618868, 5.047882575434535], [-74.20930984001787, 5.047952174534605], [-74.20942978160687, 5.0480154443853795], [-74.20953076838732, 5.048009095317172], [-74.20967593417386, 5.047977418447818], [-74.2097706047642, 5.047945755109791], [-74.20986528976209, 5.047977381402366], [-74.21002307886096, 5.047952036415727], [-74.21018087244695, 5.047933017908419], [-74.21028186550696, 5.0479519856659225], [-74.21039549277818, 5.048027915607462], [-74.21047756624857, 5.048122844108922], [-74.21062904998703, 5.048122814102168], [-74.21080577858588, 5.048116447555895], [-74.2109635830716, 5.048167046808229], [-74.21101547010184, 5.048245128526953], [-74.21107677560244, 5.048337380290243], [-74.21110926831167, 5.048362908968936], [-74.21118657381727, 5.048423642129835], [-74.21131969315226, 5.048685890973498], [-74.21134264968407, 5.04876411711042], [-74.21146656283746, 5.048837709449643], [-74.21166849857255, 5.0490447350861745], [-74.21173050050709, 5.049136808100318], [-74.2117924219385, 5.049228764532287], [-74.21190717432984, 5.049403595443384], [-74.21207240989915, 5.0496520388816055], [-74.21214804514914, 5.049722804038518], [-74.21221009501602, 5.049780852847757], [-74.212366137857, 5.049891257347005], [-74.21258181393154, 5.0499648299789355], [-74.21263376379805, 5.049988641938058], [-74.21268839131656, 5.050013684875908], [-74.21277285670728, 5.050052400013306], [-74.21291142338625, 5.05018838555836], [-74.2131606035467, 5.050346964899525], [-74.21330166324955, 5.050436734595664], [-74.2135496588978, 5.050583215771998], [-74.21378366060793, 5.050721432119575], [-74.21399541212075, 5.050846500399373], [-74.21423492220532, 5.050978671071472], [-74.21454669902009, 5.051150713955815], [-74.21434050622051, 5.051512723612417], [-74.21429061958523, 5.051600306900511], [-74.21424951265196, 5.0516724727864855], [-74.21419313027424, 5.051796929760153], [-74.2140637875977, 5.052082416860895], [-74.21392138814471, 5.052324665246838], [-74.21376660325119, 5.052604175646038], [-74.21364131189863, 5.052857764712104], [-74.21379539390918, 5.052933629816438], [-74.21383485158964, 5.052949264587504], [-74.21405071078544, 5.053034799652659], [-74.21426446077044, 5.053118108195604], [-74.21436838055432, 5.053198459949088], [-74.21443963851047, 5.05328476594087], [-74.2145099403679, 5.0531691998836115], [-74.21459662585423, 5.053038756833045], [-74.21465853482934, 5.052933162238835], [-74.21476998147763, 5.052740610201651], [-74.214887627229, 5.052572895660612], [-74.21502384966456, 5.052411394109098], [-74.2150675273597, 5.0523422056609455], [-74.2151414885663, 5.05222504838665], [-74.21529009218432, 5.052038698941506], [-74.21542443343928, 5.051967464942081], [-74.21551740577915, 5.05198608660427], [-74.21562999904447, 5.051993120538725], [-74.21574962354094, 5.051993099958343], [-74.21581297644603, 5.052084818767075], [-74.21584114474142, 5.0522047696858925], [-74.21586931861222, 5.052338837608984], [-74.21597489987852, 5.052465833120209], [-74.21604528576111, 5.052536381272286], [-74.21611567908488, 5.052670439690768], [-74.21622126060147, 5.052811544914092], [-74.21626349961524, 5.052917384054884], [-74.21635501371698, 5.053065548790017], [-74.21640429445002, 5.053171381944441], [-74.2165168986079, 5.053248980822539], [-74.21666470027036, 5.053397132198395], [-74.21677733054382, 5.053580579613168], [-74.21690403071719, 5.053764018687606], [-74.21705887824395, 5.053940399773057], [-74.21708931667968, 5.053777278582979], [-74.21745308426983, 5.053316621218511], [-74.21827024694737, 5.053119052959643], [-74.21865198664321, 5.053017282795926], [-74.21883685783179, 5.052819852033763], [-74.21911115825561, 5.052407065259545], [-74.21919749970145, 5.052100874769264], [-74.21940671633008, 5.052554375411603], [-74.21939820530116, 5.05291470608483], [-74.2194259377956, 5.053053598997362], [-74.21948419547446, 5.053345359929572], [-74.2194842458429, 5.053580755962988], [-74.21948426188851, 5.053655443383943], [-74.21954990376697, 5.053777581016435], [-74.21957438815532, 5.053995664413245], [-74.2195493816389, 5.054211006081493], [-74.21935261660784, 5.054577119684322], [-74.21920952179745, 5.054882210830668], [-74.21913399360808, 5.055096191661927], [-74.21913393167485, 5.055096366408641], [-74.21921248139675, 5.0551355231745925], [-74.21944669859447, 5.0552780596042775], [-74.21953873295583, 5.055420622718262], [-74.21955550466429, 5.055621909953379], [-74.21956390056664, 5.055789653176037], [-74.21953885286129, 5.055999339803732], [-74.21976470722271, 5.056108322040752], [-74.21992364344065, 5.056208936581268], [-74.22011671489744, 5.056321822223451], [-74.2201244047662, 5.056326317369361], [-74.22023878008952, 5.056360961143664], [-74.22048408331273, 5.056435273586773], [-74.22057611591511, 5.056569447877235], [-74.22067652505257, 5.056770720442449], [-74.22077694387026, 5.057005541849506], [-74.22101116872838, 5.057156460598191], [-74.22128719879412, 5.057240271450953], [-74.22137086537572, 5.0573744522759645], [-74.2212956375291, 5.057584150167446], [-74.22120366554122, 5.057760298156693], [-74.22113679506634, 5.057953216715175], [-74.22124552975906, 5.057961580432711], [-74.22138771945875, 5.057961549498525], [-74.22153830444763, 5.058120876632238], [-74.22158851156416, 5.0582215091511245], [-74.22161868874844, 5.058383638354255], [-74.22162741973662, 5.058552607703259], [-74.22168326689903, 5.058664555187196], [-74.22181088823757, 5.058760491356819], [-74.2219943270961, 5.058840426355343], [-74.22216181685566, 5.058912362920622], [-74.22234526786387, 5.059048268960044], [-74.22249681118693, 5.059136206458715], [-74.22264834888273, 5.059208146728509], [-74.22276797348611, 5.05920812272458], [-74.22287915508387, 5.059213407824808], [-74.22293544704831, 5.059216082974668], [-74.22309494832447, 5.059208050182989], [-74.22335812283633, 5.059223988380828], [-74.22363182404393, 5.059228026320799], [-74.22382848516409, 5.0593105072315225], [-74.22403600427586, 5.059279820038718], [-74.22421942485629, 5.05927978017867], [-74.2243470250292, 5.05927975166569], [-74.22451447036295, 5.059151762641168], [-74.2246579953608, 5.059039777081548], [-74.22466514484056, 5.059033257925198], [-74.22483341108544, 5.0588797966707455], [-74.22490518118316, 5.0588717845416955], [-74.22498493020667, 5.058871766766735], [-74.22512846376434, 5.058791765526085], [-74.22522415378008, 5.058751757205902], [-74.22538364847537, 5.058743730230543], [-74.2255112711072, 5.058839667342776], [-74.22557510778763, 5.059007588424136], [-74.22567881057456, 5.059135518940449], [-74.22577453474128, 5.0592474519692825], [-74.22590215514256, 5.059359381620156], [-74.22606168749499, 5.05951129082163], [-74.22615741179833, 5.059623231001697], [-74.22626112420926, 5.059791144330822], [-74.22636484428811, 5.059999039686345], [-74.22646058091624, 5.0601749539736085], [-74.22664403385623, 5.060310862103649], [-74.22684342346807, 5.060374791623559], [-74.22701888376889, 5.060430734345119], [-74.22709865799227, 5.06054267285998], [-74.22712606177126, 5.060693620439853], [-74.2271105606451, 5.060803225879417], [-74.22711058512259, 5.060919167289922], [-74.22712420743544, 5.061001004806714], [-74.22724662937485, 5.061000980024007], [-74.22737585842229, 5.061028230693819], [-74.2273797906085, 5.0610300690679795], [-74.22747788396921, 5.061075945569854], [-74.22750517241225, 5.06116707406281], [-74.22751872313056, 5.061212337181266], [-74.22750023146162, 5.061336134909859], [-74.22749834770553, 5.061348738057158], [-74.22747795944262, 5.06142376431723], [-74.22756190609697, 5.0615394525187725], [-74.22758681453372, 5.061573778389151], [-74.22770927381427, 5.061744249880992], [-74.22772136592884, 5.061957694069853], [-74.22772975424469, 5.062105705302207], [-74.22773249779455, 5.0621413670765705], [-74.22774339884116, 5.062283019012979], [-74.22776530643064, 5.062345224345522], [-74.22774975729392, 5.062419251565515], [-74.22772520434555, 5.06253612898639], [-74.22772521706231, 5.062596457627387], [-74.22772524716926, 5.062735857276843], [-74.2277164844353, 5.0627754406318495], [-74.22770310412763, 5.062835880629535], [-74.22769463395392, 5.062874138778049], [-74.22761805429715, 5.062997066751628], [-74.22745719521474, 5.063081601191206], [-74.2272580275978, 5.063135417307294], [-74.2272810413014, 5.063258322020339], [-74.22738832638105, 5.063427299470772], [-74.22744231451954, 5.063515846537405], [-74.22730411645605, 5.063680820567108], [-74.22728883214437, 5.0638575078267465], [-74.22728886190859, 5.0639957837115315], [-74.22735783769122, 5.064134040142932], [-74.22725830161944, 5.064379881277972], [-74.22715876173626, 5.064602678541677], [-74.2271256075339, 5.064723305563335], [-74.22710124396204, 5.0648119487311005], [-74.22709752839971, 5.064825469218996], [-74.22707458148781, 5.0650021547315855], [-74.2269922069377, 5.065196940698944], [-74.22694348315358, 5.065060223842799], [-74.22683949065181, 5.064891857206712], [-74.22681682712135, 5.0648551627889455], [-74.22665121654232, 5.064669644480382], [-74.22646615868832, 5.064620855512047], [-74.22628110481288, 5.064581830360008], [-74.2261315867693, 5.064544383685297], [-74.2260473497154, 5.06452328550018], [-74.22586229280822, 5.064474494526459], [-74.2256577539317, 5.064406177330207], [-74.2253948026156, 5.064435534429863], [-74.22506367459177, 5.064484433352627], [-74.2248396675115, 5.064455186569887], [-74.22478954136126, 5.06443078711498], [-74.22449875446922, 5.064289239341433], [-74.22432341000638, 5.06412325196033], [-74.22419675092411, 5.0638791237278244], [-74.22420642960607, 5.063615440545016], [-74.2241576980483, 5.063439657798761], [-74.22396287537414, 5.063273678121181], [-74.22378753527592, 5.063117457995124], [-74.22366086336828, 5.062824500158792], [-74.2236601664349, 5.062821441380875], [-74.22358287604884, 5.062482706792457], [-74.22344647313675, 5.062228812871635], [-74.22327113437136, 5.062072591595998], [-74.22315154630458, 5.0620193282792725], [-74.22309580621976, 5.061994504018633], [-74.22285230639964, 5.0618871258675595], [-74.22262830073575, 5.061877406775009], [-74.22262835618969, 5.062131326817573], [-74.22262840866485, 5.062375480252035], [-74.22262196403994, 5.062495488558355], [-74.22260900329618, 5.0627368299606585], [-74.22255732220785, 5.0629591564367304], [-74.22254089360034, 5.063029830269917], [-74.22246305131794, 5.063381426921688], [-74.22245337670735, 5.0636841784994475], [-74.22232685306028, 5.064074852120783], [-74.22225872791354, 5.064309250996996], [-74.2221419033603, 5.064524132615534], [-74.22210298931832, 5.064729228067383], [-74.22197642877886, 5.064983173713715], [-74.22186934143214, 5.065178521810546], [-74.22179833028635, 5.065289835505331], [-74.22171356383826, 5.065422707143108], [-74.22162595768455, 5.065647345436368], [-74.22166500037703, 5.066057513854996], [-74.2217072728976, 5.066325612366932], [-74.22172351435974, 5.066428615219443], [-74.2217138499125, 5.066770433288689], [-74.22162627010218, 5.067122030311336], [-74.22150946543016, 5.067444338356338], [-74.22140559357192, 5.067762171177035], [-74.22143364716314, 5.067893306974941], [-74.221430678053, 5.067965141625899], [-74.22142926593526, 5.067999270440141], [-74.2214243503607, 5.068118115915465], [-74.22142557027128, 5.068334740811951], [-74.22130297660965, 5.0684138001721895], [-74.22114537566542, 5.068580685821255], [-74.22110161387835, 5.0687299821504475], [-74.2210928959987, 5.068905615823707], [-74.22103161317919, 5.069011018998422], [-74.22092655992073, 5.0691866726312185], [-74.22089155157067, 5.069300848173521], [-74.22083905229931, 5.069511609979145], [-74.22076027144468, 5.069687271910085], [-74.22066395199863, 5.069775107217907], [-74.22056764434785, 5.069898072095657], [-74.220366229847, 5.069968370429372], [-74.22025239196626, 5.070012296225221], [-74.22015607879638, 5.070135267411975], [-74.22013858534423, 5.070240650340269], [-74.22019992509861, 5.07038992382596], [-74.22023497859693, 5.07053042855314], [-74.22027004678765, 5.07067970818261], [-74.22028759542047, 5.07083777772135], [-74.22034017472298, 5.0709958363111145], [-74.22021756561126, 5.070995862401111], [-74.22014751093764, 5.071039789710822], [-74.21998113416473, 5.071118861050865], [-74.21988482916902, 5.071250606261684], [-74.21981479146153, 5.07135599969865], [-74.21971848436287, 5.0714789663472075], [-74.21962217638034, 5.07163705717339], [-74.21953463143261, 5.0717775888209164], [-74.21942080278983, 5.071909340835059], [-74.21938888045057, 5.071952041591051], [-74.219315743293, 5.072049868423851], [-74.21921067990738, 5.072181613835457], [-74.21910561448136, 5.072339704872757], [-74.21903557770032, 5.0724538858855235], [-74.21893050695314, 5.072550506198249], [-74.21883419726743, 5.072655912059504], [-74.21871162420747, 5.07284035006117], [-74.21862407915164, 5.072989656607176], [-74.21852779629582, 5.073261917478199], [-74.2185015693348, 5.073490243898718], [-74.21846656631766, 5.07358684874923], [-74.21837024625665, 5.0736834651937315], [-74.2181776031148, 5.073797672011633], [-74.21809882640277, 5.073999673188323], [-74.2180287856882, 5.074113847845015], [-74.21794998950585, 5.07422803177016], [-74.21787995212095, 5.074333419710235], [-74.21777488204515, 5.074473950850815], [-74.21766981284874, 5.074579360493187], [-74.21756474652473, 5.074728673794216], [-74.21746846332091, 5.074974579065483], [-74.21743348195169, 5.075185351341005], [-74.2174334922651, 5.075243313184337], [-74.21743351391827, 5.075343418806035], [-74.21739852577107, 5.075571753653353], [-74.21727323028995, 5.075738322912776], [-74.21719823002623, 5.0758943937361165], [-74.21717325489843, 5.076092258000363], [-74.21719274892237, 5.076295674560471], [-74.21718444759351, 5.0764378039576075], [-74.21711221968684, 5.07657435712124], [-74.2169788471993, 5.076691427139336], [-74.21685381594027, 5.076822432840809], [-74.21679270764172, 5.076998003499756], [-74.21675106889795, 5.077193076150409], [-74.21677611419152, 5.077396503992381], [-74.21689565926206, 5.077597111612233], [-74.21694014913557, 5.077711359899348], [-74.2169429639673, 5.077878563531727], [-74.2169096459782, 5.078031830482167], [-74.21686092701256, 5.078163640612342], [-74.21680221589325, 5.07837849587369], [-74.2167884652098, 5.078693843459653], [-74.21678851709167, 5.0789433475025305], [-74.21677474584133, 5.0792101714345534], [-74.21672986904989, 5.079466613301327], [-74.21666079000681, 5.079650290837808], [-74.2166469871104, 5.079743859882023], [-74.21670576651084, 5.079882457966801], [-74.21674380984498, 5.080021060761466], [-74.21675421319522, 5.080176993215341], [-74.21672659188415, 5.080326008549296], [-74.21667823876906, 5.080471554995237], [-74.21663680855016, 5.080651761997233], [-74.21664029357181, 5.080807700262799], [-74.21662649883454, 5.080935920284756], [-74.21660579222527, 5.081067600707583], [-74.21658854058039, 5.081213149126477], [-74.21655746445332, 5.081334440962576], [-74.21651946594726, 5.081414150369785], [-74.21652294754055, 5.0815562240861585], [-74.2165022360163, 5.081646325323622], [-74.2164504026972, 5.081677521749604], [-74.21636401724764, 5.081708731759151], [-74.21623961316148, 5.0817815247920555], [-74.21618434367953, 5.081882029671412], [-74.21616365745383, 5.082110745700753], [-74.21608757529742, 5.081888986523941], [-74.21601841950032, 5.081698400706379], [-74.2159596358356, 5.081497435125234], [-74.21594383884528, 5.081421213888178], [-74.21592157751671, 5.081313781295853], [-74.2158766253949, 5.081168242436451], [-74.2158065314032, 5.081043163702224], [-74.21574517440808, 5.080933679353807], [-74.21567960923842, 5.080933692527411], [-74.21557054923903, 5.080911846664112], [-74.21545212649441, 5.080858753254464], [-74.21523710636538, 5.08074632088788], [-74.21503456199314, 5.080696364514697], [-74.21481956367992, 5.080674545206074], [-74.21461702332329, 5.08064021312602], [-74.21447991059053, 5.080596501494035], [-74.21438020382244, 5.080609015561501], [-74.21428673390297, 5.08066527139351], [-74.21416834572072, 5.080749660660561], [-74.2140094679578, 5.080899666817359], [-74.21394186650255, 5.080985698642463], [-74.21380075545252, 5.081165286129774], [-74.21364810996981, 5.081334036548447], [-74.21352971214137, 5.0814090436734185], [-74.21334276506845, 5.081459070946555], [-74.21323683082393, 5.081490336339875], [-74.21314337232224, 5.081559099380754], [-74.2130654940536, 5.081668461394807], [-74.21296580450924, 5.081768468760072], [-74.2127791657308, 5.081879221503972], [-74.2127473481406, 5.0820198842358675], [-74.21282052601362, 5.082146399900242], [-74.21277924816549, 5.082298675709572], [-74.21268192650729, 5.082413277902268], [-74.21243355209953, 5.082675783902111], [-74.21235818402934, 5.082893761364242], [-74.21233604802838, 5.083133973360281], [-74.21235765670363, 5.083417631353182], [-74.21237162893605, 5.083601030482426], [-74.21237982050522, 5.083727411393995], [-74.21240277999502, 5.084081442935269], [-74.2124605231929, 5.084468430501966], [-74.21258036176043, 5.084757544339051], [-74.2127445235527, 5.084886521805089], [-74.21277976834644, 5.084913695138363], [-74.2129175666341, 5.0850199315071345], [-74.21297588131077, 5.085091976738243], [-74.21310836759139, 5.085255651138692], [-74.21329030603516, 5.085518066916925], [-74.21341456466, 5.085722658231497], [-74.2134995779542, 5.08620054495702], [-74.21348709675387, 5.086338503895574], [-74.2133995851225, 5.08657683114526], [-74.213262040055, 5.086827711993282], [-74.21312450038538, 5.087116218905287], [-74.21302449075657, 5.087341991769172], [-74.21301202320485, 5.0875552209562045], [-74.21297453389003, 5.087743365848965], [-74.21278037554372, 5.0879632654320135], [-74.21279664215378, 5.088087892021275], [-74.21275362795295, 5.088208283454376], [-74.21278045975491, 5.0883875042527995], [-74.21268018275228, 5.088500000353108], [-74.21252419776081, 5.088760794747497], [-74.21236821524214, 5.088986818654756], [-74.21221221632722, 5.089146773430355], [-74.21203541152471, 5.089275450567957], [-74.21191408115588, 5.089445838702728], [-74.21187944113706, 5.0896127303390575], [-74.2118621676326, 5.089918695638557], [-74.2118448937315, 5.090217690195149], [-74.2118206484929, 5.090391537543626], [-74.21176520754145, 5.090551484922942], [-74.21165430054121, 5.0907774891216695], [-74.211618428185, 5.090959037578025], [-74.21159241200466, 5.091090703680465], [-74.21138594810138, 5.091796388822965], [-74.21132794817396, 5.092327248190904], [-74.2114119391661, 5.092612076322701], [-74.21157986666229, 5.092961626637745], [-74.2116315391177, 5.0930781427445915], [-74.21172192840314, 5.09309755108975], [-74.2118510558116, 5.0931039991064635], [-74.21199956796292, 5.093168708226712], [-74.21211580477541, 5.093304635954549], [-74.21219976178055, 5.093453509109557], [-74.21221676849427, 5.093536649144956], [-74.21213047944119, 5.093894321035597], [-74.21211925398906, 5.094097619320386], [-74.21211930118717, 5.094338568600987], [-74.2121005704665, 5.094526816656455], [-74.21205178225505, 5.094658594442454], [-74.2119804742266, 5.094812959179727], [-74.21191668814969, 5.094993687096404], [-74.21190920314221, 5.095132983955256], [-74.21192268643875, 5.0951792048744124], [-74.21197216215946, 5.0953488136053995], [-74.21198058671452, 5.095377685056246], [-74.21206323637702, 5.0956261470590825], [-74.21207829324115, 5.09577673793967], [-74.21204453320303, 5.095949925521189], [-74.21200490415784, 5.0960205961569915], [-74.21197697054504, 5.096070409436087], [-74.21190565143375, 5.096145722702529], [-74.21190566473724, 5.096213491074512], [-74.21193196037697, 5.096288776942683], [-74.21203710243714, 5.0963602958462415], [-74.21211483184905, 5.096405229360398], [-74.21213474004804, 5.096416738263094], [-74.21219482431503, 5.096473203486901], [-74.21220610139623, 5.0965560240361185], [-74.21216115005502, 5.097068051136709], [-74.2121236720799, 5.097414420358702], [-74.21212397325823, 5.097828208069472], [-74.21212695550803, 5.0982391260567095], [-74.21211536350819, 5.0983935936383125], [-74.21208631557566, 5.098481033313927], [-74.21204273281381, 5.098559726342326], [-74.21196717046024, 5.09863260918014], [-74.21190905888648, 5.098685080732923], [-74.21182186792878, 5.098731719427556], [-74.2117463114874, 5.098784195805291], [-74.21162426120726, 5.098921191395979], [-74.21154290357609, 5.099043611425578], [-74.21146446476207, 5.0991980910085335], [-74.21144122661164, 5.09930593340639], [-74.21145287877674, 5.0993962696167525], [-74.21153719239548, 5.099524489462597], [-74.2115924298489, 5.099623563707098], [-74.2116098886647, 5.099699341245508], [-74.21160409579146, 5.099830480670919], [-74.21161574376029, 5.099935397166731], [-74.21162447050948, 5.099976194487043], [-74.21164482333222, 5.100002423983031], [-74.21170296561652, 5.100049036621793], [-74.2117802957617, 5.100109367262151], [-74.21200734791205, 5.100265066001949], [-74.2120909961624, 5.10035691045216], [-74.21212287796055, 5.100444753686893], [-74.21213486624863, 5.1006444287014965], [-74.2121484699596, 5.100717677259711], [-74.21216676016329, 5.1008161506256116], [-74.21224182519651, 5.100976853625227], [-74.21225442347557, 5.101003827002552], [-74.21228976816974, 5.101067342093285], [-74.21217791558891, 5.1010408301229715], [-74.21213230884314, 5.1010431329672485], [-74.21201024554396, 5.101052572481052], [-74.21191738148218, 5.101087912600662], [-74.21191740460925, 5.101200295863178], [-74.21190463028925, 5.101380119674172], [-74.21186943705347, 5.101550302375832], [-74.21178942267461, 5.101746191437216], [-74.21173489665662, 5.101907704416771], [-74.21165759844473, 5.101926108588207], [-74.21130221768438, 5.102444773526152], [-74.21108236447614, 5.1027012678651955], [-74.21107169992288, 5.102713709358905], [-74.21105810327589, 5.1027154387715195], [-74.21058108748835, 5.102776152046868], [-74.21054343078602, 5.102780945276632], [-74.21006318568087, 5.1026752938082485], [-74.20931400228726, 5.1025024042680025], [-74.2088529676897, 5.102483194004645], [-74.20841114354975, 5.10240635261753], [-74.20816141474818, 5.102406352724409], [-74.2078348482292, 5.102531220644689], [-74.20735460329024, 5.10280015630988], [-74.20645174292564, 5.103280400812358], [-74.20557769617831, 5.103683805165869], [-74.20490535280004, 5.104000766993884], [-74.2041657758182, 5.104192866540657], [-74.20341659405611, 5.104144840377408], [-74.20267701586054, 5.1039623466132324], [-74.20193366170363, 5.10372524376767], [-74.20156284705963, 5.103606967688639], [-74.20093852911621, 5.1032996118917415], [-74.19967068134859, 5.102876993010834], [-74.19887347526169, 5.102656082569808], [-74.19886098231571, 5.102657416072562], [-74.19853210315053, 5.102567136434824], [-74.19809598222209, 5.102553361475351], [-74.19809385086837, 5.1025534134062225], [-74.19750835194273, 5.102567135594371], [-74.19695958459027, 5.1025671358937945], [-74.19660911044883, 5.102604026217472], [-74.19631858692756, 5.102673199301808], [-74.19630543501272, 5.1026822168626556], [-74.19616640750468, 5.102723926757051], [-74.19600961659894, 5.102742373136526], [-74.19584795917628, 5.102746744012492], [-74.19557899390189, 5.10271370999352], [-74.19507953901558, 5.102560032569009], [-74.1949787955425, 5.1025018251842456], [-74.19467661219355, 5.102327230871226]]]], "type": "MultiPolygon"}}, {"type": "Feature", "properties": {"CODIGO": "25777000200000006", "SECTOR_CODIGO": "257770002", "NOMBRE": "ENCANTADO", "Area_ha": 608.9637597717879, "Perimetro": 13770.906785436493, "Shape_Length": 13762.975077443907, "Shape_Area": 6089637.597717878, "USO_CAMP": "Agricola", "Descripcion": "50% caf\u00e9, 325 % yuca y 25% cultivos a pan coger."}, "geometry": {"coordinates": [[[[-74.21320296288351, 5.101891797682788], [-74.21317213701538, 5.101892568890661], [-74.21298307612814, 5.101897296150444], [-74.21245480667748, 5.101820453375583], [-74.21206100523604, 5.10183005914157], [-74.21173489665662, 5.101907704416771], [-74.21178942267461, 5.101746191437216], [-74.21186943705347, 5.101550302375832], [-74.21190463028925, 5.101380119674172], [-74.21191740460925, 5.101200295863178], [-74.21191738148218, 5.101087912600662], [-74.21201024554396, 5.101052572481052], [-74.21213230884314, 5.1010431329672485], [-74.21217791558891, 5.1010408301229715], [-74.21228976816974, 5.101067342093285], [-74.21225442347557, 5.101003827002552], [-74.21224182519651, 5.100976853625227], [-74.21216676016329, 5.1008161506256116], [-74.2121484699596, 5.100717677259711], [-74.21213486624863, 5.1006444287014965], [-74.21212287796055, 5.100444753686893], [-74.2120909961624, 5.10035691045216], [-74.21200734791205, 5.100265066001949], [-74.2117802957617, 5.100109367262151], [-74.21170296561652, 5.100049036621793], [-74.21164482333222, 5.100002423983031], [-74.21162447050948, 5.099976194487043], [-74.21161574376029, 5.099935397166731], [-74.21160409579146, 5.099830480670919], [-74.2116098886647, 5.099699341245508], [-74.2115924298489, 5.099623563707098], [-74.21153719239548, 5.099524489462597], [-74.21145287877674, 5.0993962696167525], [-74.21144122661164, 5.09930593340639], [-74.21146446476207, 5.0991980910085335], [-74.21154290357609, 5.099043611425578], [-74.21162426120726, 5.098921191395979], [-74.2117463114874, 5.098784195805291], [-74.21182186792878, 5.098731719427556], [-74.21190905888648, 5.098685080732923], [-74.21196717046024, 5.09863260918014], [-74.21204273281381, 5.098559726342326], [-74.21208631557566, 5.098481033313927], [-74.21211536350819, 5.0983935936383125], [-74.21212695550803, 5.0982391260567095], [-74.21212397325823, 5.097828208069472], [-74.2121236720799, 5.097414420358702], [-74.21216115005502, 5.097068051136709], [-74.21220610139623, 5.0965560240361185], [-74.21219482431503, 5.096473203486901], [-74.21213474004804, 5.096416738263094], [-74.21211483184905, 5.096405229360398], [-74.21203710243714, 5.0963602958462415], [-74.21193196037697, 5.096288776942683], [-74.21190566473724, 5.096213491074512], [-74.21190565143375, 5.096145722702529], [-74.21197697054504, 5.096070409436087], [-74.21200490415784, 5.0960205961569915], [-74.21204453320303, 5.095949925521189], [-74.21207829324115, 5.09577673793967], [-74.21206323637702, 5.0956261470590825], [-74.21198058671452, 5.095377685056246], [-74.21197216215946, 5.0953488136053995], [-74.21192268643875, 5.0951792048744124], [-74.21190920314221, 5.095132983955256], [-74.21191668814969, 5.094993687096404], [-74.2119804742266, 5.094812959179727], [-74.21205178225505, 5.094658594442454], [-74.2121005704665, 5.094526816656455], [-74.21211930118717, 5.094338568600987], [-74.21211925398906, 5.094097619320386], [-74.21213047944119, 5.093894321035597], [-74.21221676849427, 5.093536649144956], [-74.21219976178055, 5.093453509109557], [-74.21211580477541, 5.093304635954549], [-74.21199956796292, 5.093168708226712], [-74.2118510558116, 5.0931039991064635], [-74.21172192840314, 5.09309755108975], [-74.2116315391177, 5.0930781427445915], [-74.21157986666229, 5.092961626637745], [-74.2114119391661, 5.092612076322701], [-74.21132794817396, 5.092327248190904], [-74.21138594810138, 5.091796388822965], [-74.21159241200466, 5.091090703680465], [-74.211618428185, 5.090959037578025], [-74.21165430054121, 5.0907774891216695], [-74.21176520754145, 5.090551484922942], [-74.2118206484929, 5.090391537543626], [-74.2118448937315, 5.090217690195149], [-74.2118621676326, 5.089918695638557], [-74.21187944113706, 5.0896127303390575], [-74.21191408115588, 5.089445838702728], [-74.21203541152471, 5.089275450567957], [-74.21221221632722, 5.089146773430355], [-74.21236821524214, 5.088986818654756], [-74.21252419776081, 5.088760794747497], [-74.21268018275228, 5.088500000353108], [-74.21278045975491, 5.0883875042527995], [-74.21275362795295, 5.088208283454376], [-74.21279664215378, 5.088087892021275], [-74.21278037554372, 5.0879632654320135], [-74.21297453389003, 5.087743365848965], [-74.21301202320485, 5.0875552209562045], [-74.21302449075657, 5.087341991769172], [-74.21312450038538, 5.087116218905287], [-74.213262040055, 5.086827711993282], [-74.2133995851225, 5.08657683114526], [-74.21348709675387, 5.086338503895574], [-74.2134995779542, 5.08620054495702], [-74.21341456466, 5.085722658231497], [-74.21329030603516, 5.085518066916925], [-74.21310836759139, 5.085255651138692], [-74.21297588131077, 5.085091976738243], [-74.2129175666341, 5.0850199315071345], [-74.21277976834644, 5.084913695138363], [-74.2127445235527, 5.084886521805089], [-74.21258036176043, 5.084757544339051], [-74.2124605231929, 5.084468430501966], [-74.21240277999502, 5.084081442935269], [-74.21237982050522, 5.083727411393995], [-74.21237162893605, 5.083601030482426], [-74.21235765670363, 5.083417631353182], [-74.21233604802838, 5.083133973360281], [-74.21235818402934, 5.082893761364242], [-74.21243355209953, 5.082675783902111], [-74.21268192650729, 5.082413277902268], [-74.21277924816549, 5.082298675709572], [-74.21282052601362, 5.082146399900242], [-74.2127473481406, 5.0820198842358675], [-74.2127791657308, 5.081879221503972], [-74.21296580450924, 5.081768468760072], [-74.2130654940536, 5.081668461394807], [-74.21314337232224, 5.081559099380754], [-74.21323683082393, 5.081490336339875], [-74.21334276506845, 5.081459070946555], [-74.21352971214137, 5.0814090436734185], [-74.21364810996981, 5.081334036548447], [-74.21380075545252, 5.081165286129774], [-74.21394186650255, 5.080985698642463], [-74.2140094679578, 5.080899666817359], [-74.21416834572072, 5.080749660660561], [-74.21428673390297, 5.08066527139351], [-74.21438020382244, 5.080609015561501], [-74.21447991059053, 5.080596501494035], [-74.21461702332329, 5.08064021312602], [-74.21481956367992, 5.080674545206074], [-74.21503456199314, 5.080696364514697], [-74.21523710636538, 5.08074632088788], [-74.21545212649441, 5.080858753254464], [-74.21557054923903, 5.080911846664112], [-74.21567960923842, 5.080933692527411], [-74.21574517440808, 5.080933679353807], [-74.2158065314032, 5.081043163702224], [-74.2158766253949, 5.081168242436451], [-74.21592157751671, 5.081313781295853], [-74.21594383884528, 5.081421213888178], [-74.2159596358356, 5.081497435125234], [-74.21601841950032, 5.081698400706379], [-74.21608757529742, 5.081888986523941], [-74.21616365745383, 5.082110745700753], [-74.21618434367953, 5.081882029671412], [-74.21623961316148, 5.0817815247920555], [-74.21636401724764, 5.081708731759151], [-74.2164504026972, 5.081677521749604], [-74.2165022360163, 5.081646325323622], [-74.21652294754055, 5.0815562240861585], [-74.21651946594726, 5.081414150369785], [-74.21655746445332, 5.081334440962576], [-74.21658854058039, 5.081213149126477], [-74.21660579222527, 5.081067600707583], [-74.21662649883454, 5.080935920284756], [-74.21664029357181, 5.080807700262799], [-74.21663680855016, 5.080651761997233], [-74.21667823876906, 5.080471554995237], [-74.21672659188415, 5.080326008549296], [-74.21675421319522, 5.080176993215341], [-74.21674380984498, 5.080021060761466], [-74.21670576651084, 5.079882457966801], [-74.2166469871104, 5.079743859882023], [-74.21666079000681, 5.079650290837808], [-74.21672986904989, 5.079466613301327], [-74.21677474584133, 5.0792101714345534], [-74.21678851709167, 5.0789433475025305], [-74.2167884652098, 5.078693843459653], [-74.21680221589325, 5.07837849587369], [-74.21686092701256, 5.078163640612342], [-74.2169096459782, 5.078031830482167], [-74.2169429639673, 5.077878563531727], [-74.21694014913557, 5.077711359899348], [-74.21689565926206, 5.077597111612233], [-74.21677611419152, 5.077396503992381], [-74.21675106889795, 5.077193076150409], [-74.21679270764172, 5.076998003499756], [-74.21685381594027, 5.076822432840809], [-74.2169788471993, 5.076691427139336], [-74.21711221968684, 5.07657435712124], [-74.21718444759351, 5.0764378039576075], [-74.21719274892237, 5.076295674560471], [-74.21717325489843, 5.076092258000363], [-74.21719823002623, 5.0758943937361165], [-74.21727323028995, 5.075738322912776], [-74.21739852577107, 5.075571753653353], [-74.21743351391827, 5.075343418806035], [-74.2174334922651, 5.075243313184337], [-74.21743348195169, 5.075185351341005], [-74.21746846332091, 5.074974579065483], [-74.21756474652473, 5.074728673794216], [-74.21766981284874, 5.074579360493187], [-74.21777488204515, 5.074473950850815], [-74.21787995212095, 5.074333419710235], [-74.21794998950585, 5.07422803177016], [-74.2180287856882, 5.074113847845015], [-74.21809882640277, 5.073999673188323], [-74.2181776031148, 5.073797672011633], [-74.21837024625665, 5.0736834651937315], [-74.21846656631766, 5.07358684874923], [-74.2185015693348, 5.073490243898718], [-74.21852779629582, 5.073261917478199], [-74.21862407915164, 5.072989656607176], [-74.21871162420747, 5.07284035006117], [-74.21883419726743, 5.072655912059504], [-74.21893050695314, 5.072550506198249], [-74.21903557770032, 5.0724538858855235], [-74.21910561448136, 5.072339704872757], [-74.21921067990738, 5.072181613835457], [-74.219315743293, 5.072049868423851], [-74.21938888045057, 5.071952041591051], [-74.21942080278983, 5.071909340835059], [-74.21953463143261, 5.0717775888209164], [-74.21962217638034, 5.07163705717339], [-74.21971848436287, 5.0714789663472075], [-74.21981479146153, 5.07135599969865], [-74.21988482916902, 5.071250606261684], [-74.21998113416473, 5.071118861050865], [-74.22014751093764, 5.071039789710822], [-74.22021756561126, 5.070995862401111], [-74.22034017472298, 5.0709958363111145], [-74.22028759542047, 5.07083777772135], [-74.22027004678765, 5.07067970818261], [-74.22023497859693, 5.07053042855314], [-74.22019992509861, 5.07038992382596], [-74.22013858534423, 5.070240650340269], [-74.22015607879638, 5.070135267411975], [-74.22025239196626, 5.070012296225221], [-74.220366229847, 5.069968370429372], [-74.22056764434785, 5.069898072095657], [-74.22066395199863, 5.069775107217907], [-74.22076027144468, 5.069687271910085], [-74.22083905229931, 5.069511609979145], [-74.22089155157067, 5.069300848173521], [-74.22092655992073, 5.0691866726312185], [-74.22103161317919, 5.069011018998422], [-74.2210928959987, 5.068905615823707], [-74.22110161387835, 5.0687299821504475], [-74.22114537566542, 5.068580685821255], [-74.22130297660965, 5.0684138001721895], [-74.22142557027128, 5.068334740811951], [-74.2214243503607, 5.068118115915465], [-74.22142926593526, 5.067999270440141], [-74.221430678053, 5.067965141625899], [-74.22143364716314, 5.067893306974941], [-74.22140559357192, 5.067762171177035], [-74.22150946543016, 5.067444338356338], [-74.22162627010218, 5.067122030311336], [-74.2217138499125, 5.066770433288689], [-74.22172351435974, 5.066428615219443], [-74.2217072728976, 5.066325612366932], [-74.22166500037703, 5.066057513854996], [-74.22162595768455, 5.065647345436368], [-74.22171356383826, 5.065422707143108], [-74.22179833028635, 5.065289835505331], [-74.22186934143214, 5.065178521810546], [-74.22197642877886, 5.064983173713715], [-74.22210298931832, 5.064729228067383], [-74.2221419033603, 5.064524132615534], [-74.22225872791354, 5.064309250996996], [-74.22232685306028, 5.064074852120783], [-74.22245337670735, 5.0636841784994475], [-74.22246305131794, 5.063381426921688], [-74.22254089360034, 5.063029830269917], [-74.22255732220785, 5.0629591564367304], [-74.22260900329618, 5.0627368299606585], [-74.22262196403994, 5.062495488558355], [-74.22262840866485, 5.062375480252035], [-74.22262835618969, 5.062131326817573], [-74.22262830073575, 5.061877406775009], [-74.22285230639964, 5.0618871258675595], [-74.22309580621976, 5.061994504018633], [-74.22315154630458, 5.0620193282792725], [-74.22327113437136, 5.062072591595998], [-74.22344647313675, 5.062228812871635], [-74.22358287604884, 5.062482706792457], [-74.2236601664349, 5.062821441380875], [-74.22366086336828, 5.062824500158792], [-74.22378753527592, 5.063117457995124], [-74.22396287537414, 5.063273678121181], [-74.2241576980483, 5.063439657798761], [-74.22420642960607, 5.063615440545016], [-74.22419675092411, 5.0638791237278244], [-74.22432341000638, 5.06412325196033], [-74.22449875446922, 5.064289239341433], [-74.22478954136126, 5.06443078711498], [-74.2248396675115, 5.064455186569887], [-74.22506367459177, 5.064484433352627], [-74.2253948026156, 5.064435534429863], [-74.2256577539317, 5.064406177330207], [-74.22586229280822, 5.064474494526459], [-74.2260473497154, 5.06452328550018], [-74.2261315867693, 5.064544383685297], [-74.22628110481288, 5.064581830360008], [-74.22646615868832, 5.064620855512047], [-74.22665121654232, 5.064669644480382], [-74.22681682712135, 5.0648551627889455], [-74.22683949065181, 5.064891857206712], [-74.22694348315358, 5.065060223842799], [-74.2269922069377, 5.065196940698944], [-74.22689484039525, 5.0653239227670035], [-74.2267604577057, 5.065526147217667], [-74.2267195915944, 5.0655876463994485], [-74.22670017217295, 5.065841567666762], [-74.22670022343837, 5.066075955922463], [-74.22679763090677, 5.066144298448114], [-74.22702163596469, 5.066154015728028], [-74.22724566155276, 5.066251625902325], [-74.22725970949574, 5.066336035864346], [-74.22727491925097, 5.066427408901538], [-74.22721652354623, 5.066603210702156], [-74.22713865558636, 5.066827851651566], [-74.22709973540707, 5.066993887012521], [-74.22716363303272, 5.067121961161282], [-74.22716501340747, 5.067124727282268], [-74.22717768406277, 5.067150123170302], [-74.22729457696741, 5.067247757333634], [-74.2274601491123, 5.06725748932854], [-74.22763540082822, 5.067243929210991], [-74.2277133681681, 5.067237899012267], [-74.22777397073887, 5.067248934036513], [-74.22792764306185, 5.0672769160299875], [-74.22803951532975, 5.067373030417039], [-74.22806401642244, 5.067394077887705], [-74.22811276282857, 5.067608921803242], [-74.22812253202633, 5.067755414776883], [-74.22810311020253, 5.06799957208232], [-74.22811213517494, 5.068056814452867], [-74.2281323669141, 5.068185123360623], [-74.22815187905039, 5.068341377082389], [-74.22813044024159, 5.068528041647286], [-74.22812271606672, 5.068595300475863], [-74.22815197996654, 5.068800382194122], [-74.22837601818257, 5.068937056231376], [-74.22863898413061, 5.068966297922997], [-74.22889220903136, 5.068966240157342], [-74.22907475752463, 5.068982839490636], [-74.22908255271888, 5.068811917550792], [-74.22908892376579, 5.068769256021882], [-74.22910550190663, 5.068658275036962], [-74.22911719601912, 5.068634809924854], [-74.2293910181108, 5.06883840505564], [-74.2296523398067, 5.069046501735377], [-74.22970723239746, 5.069188160297238], [-74.22975621734565, 5.0694089589593005], [-74.22979204504075, 5.069563274136419], [-74.2299019516529, 5.069689837924286], [-74.22996030832819, 5.069757037066523], [-74.23005451715372, 5.069846927725482], [-74.23026816885003, 5.070008189145618], [-74.23035049083818, 5.070022525814746], [-74.23047723103522, 5.070033904233106], [-74.23058313047235, 5.070011703869917], [-74.23072929024875, 5.069968972582417], [-74.23076639991145, 5.070168754900003], [-74.23083061635036, 5.070196332660348], [-74.23111305600132, 5.070206038245524], [-74.23127667651656, 5.070169319556108], [-74.23135719932527, 5.070139393227085], [-74.2315003421132, 5.0700526265322745], [-74.23156893280752, 5.070016721272717], [-74.23164349074327, 5.069992777155799], [-74.23174489339449, 5.069971817539074], [-74.23182243674852, 5.069953855783714], [-74.23183669724948, 5.069953851231103], [-74.23186717541996, 5.069953843824394], [-74.23197006555053, 5.069961688849063], [-74.23212590473138, 5.070010478978045], [-74.23230125169408, 5.070156933815863], [-74.23243762953003, 5.070283861874622], [-74.23255453505982, 5.070430324879985], [-74.232653567176, 5.07048210861488], [-74.23277856721563, 5.0705474693196715], [-74.23287108909327, 5.070547447582237], [-74.23299283309922, 5.0705474171415625], [-74.23322657726919, 5.070557130494612], [-74.23346032086559, 5.070537544956575], [-74.23373302602572, 5.070547247115359], [-74.23383537699895, 5.070564330095991], [-74.23408365390468, 5.070605764430786], [-74.23410003407629, 5.07062101004581], [-74.23422003662645, 5.0707326929], [-74.23433693155064, 5.070840088311653], [-74.23451226166951, 5.0709279448149305], [-74.23485314477816, 5.070957163371121], [-74.23501871700763, 5.0709571238932085], [-74.23516479905022, 5.070927792973219], [-74.23533039266503, 5.071025415390177], [-74.23544729605754, 5.071152349081097], [-74.23563238581367, 5.0713378603310995], [-74.23577850514883, 5.071464785124075], [-74.236002522049, 5.071503796663152], [-74.23627522649505, 5.0715134985469446], [-74.23647001189286, 5.071513450734235], [-74.2366160787798, 5.071405991557154], [-74.23671345919995, 5.071347374166503], [-74.2368205775882, 5.07128874717807], [-74.23699586250773, 5.07119104744396], [-74.23718088155827, 5.071073808596328], [-74.23729772175436, 5.070937057635696], [-74.23746327264604, 5.0708491221924366], [-74.23767752176057, 5.070780707108785], [-74.2378028947855, 5.070780678754886], [-74.23788204844219, 5.070780660176423], [-74.23804763571759, 5.070858745998023], [-74.2382034968644, 5.070985668686922], [-74.23832040124599, 5.07112236827393], [-74.23836431883164, 5.071146068044582], [-74.23837751641649, 5.071153188971025], [-74.23844702979342, 5.071190701427073], [-74.23860287031107, 5.071239495228545], [-74.23875870077546, 5.071239457157144], [-74.23886141470257, 5.071178051497223], [-74.23899406176267, 5.071119489274661], [-74.2391716406682, 5.071264478052896], [-74.2391716028738, 5.071264532414134], [-74.23908144328043, 5.071389887030693], [-74.23862525498923, 5.071927095703866], [-74.23894522146492, 5.072018894491778], [-74.23883274584962, 5.072117627962357], [-74.23878379449485, 5.072180772787705], [-74.238692350132, 5.07229872758417], [-74.23868349562997, 5.072310152439251], [-74.23848093000409, 5.072577543791842], [-74.23842312094521, 5.07266230618463], [-74.238420222614, 5.072666553503184], [-74.2383423385143, 5.072780755364691], [-74.23824641466344, 5.073016045830234], [-74.23812917620438, 5.073315494915189], [-74.23809495042829, 5.073381724964737], [-74.2379799429475, 5.073604264280082], [-74.23775606767875, 5.073957206677706], [-74.23755351028517, 5.074224603356833], [-74.23736161349187, 5.074502688053589], [-74.23725500823237, 5.074684504596948], [-74.23705240693496, 5.074780799277413], [-74.23699912018343, 5.074930522191138], [-74.2368773800202, 5.0750788181223925], [-74.23684985571971, 5.075112350744247], [-74.23673257245021, 5.075230006571564], [-74.23661530565664, 5.075390450083465], [-74.23650868023752, 5.075497409586919], [-74.23638073697786, 5.075604379133247], [-74.23611415452442, 5.075754154790076], [-74.23595421610428, 5.07590389906951], [-74.23578363740842, 5.076096426095829], [-74.23561303857089, 5.0762461825880525], [-74.23545310913914, 5.076438708192338], [-74.23527185444868, 5.076609851300441], [-74.23517590712541, 5.076759589762595], [-74.23507995975932, 5.076909326410989], [-74.23506932395767, 5.0770483488120615], [-74.23495205922141, 5.07723016299138], [-74.23487745475258, 5.077454752076523], [-74.23485423131456, 5.0775207891170435], [-74.23481351759246, 5.077636560148901], [-74.23467490890096, 5.077764918918107], [-74.23452561845038, 5.0778398118197385], [-74.2344296616263, 5.07794676703421], [-74.23433372123752, 5.0781178880168385], [-74.23426978257815, 5.078310391896578], [-74.23413120842159, 5.078588467448235], [-74.23404590947563, 5.078684729979786], [-74.2338326465621, 5.0788131020160545], [-74.23368336670572, 5.078930773503683], [-74.23349145793999, 5.079166081761909], [-74.23340618879766, 5.0793478889753905], [-74.23336357728373, 5.07955108499724], [-74.23325698941966, 5.079818456936633], [-74.23323140790546, 5.0798498241779395], [-74.2331610335105, 5.079936108793628], [-74.23299044993661, 5.080160712108098], [-74.23289451984674, 5.08037460903461], [-74.23270259271021, 5.080535062838241], [-74.23248932616158, 5.080642045724389], [-74.23232939255986, 5.08080249533689], [-74.2319135574596, 5.081187567199886], [-74.23168967540562, 5.08152981575305], [-74.23163399326766, 5.081626837724381], [-74.23148713061352, 5.081882757363025], [-74.23128456937789, 5.08219292294894], [-74.23108201969599, 5.082503086683372], [-74.23087941800135, 5.082652851178504], [-74.23074081289447, 5.082802593928115], [-74.23061288658425, 5.083027187944603], [-74.23048498498464, 5.083326647239053], [-74.23037837036517, 5.083487073595639], [-74.2301864515762, 5.083690302143567], [-74.23002651891896, 5.08386143373907], [-74.22988790846952, 5.083979101612306], [-74.22979194691622, 5.08407536794292], [-74.22960002150987, 5.08423581401225], [-74.229546732174, 5.0843962317976725], [-74.2295254569395, 5.0846314964044925], [-74.22944019198, 5.084888174282426], [-74.22934424008751, 5.085027212118252], [-74.22926962746125, 5.085219717341346], [-74.22921635107865, 5.085390828221909], [-74.22916423036975, 5.085538983533283], [-74.22915239751298, 5.085572636292984], [-74.22906712030871, 5.0857544533626236], [-74.22900316757662, 5.085936255100316], [-74.22887524480056, 5.086139472763254], [-74.22878997724648, 5.086385442162306], [-74.22859807016545, 5.086642137907068], [-74.22848082456792, 5.086930898210422], [-74.2283635739387, 5.087208956360976], [-74.22831028957805, 5.087390767622782], [-74.22823568865641, 5.087593960516593], [-74.22819305980555, 5.087765073733689], [-74.22816111262765, 5.087946883229715], [-74.22803315388379, 5.088053843890541], [-74.22788385268339, 5.088075262277857], [-74.2277559104628, 5.088214306745708], [-74.22767062550841, 5.088374741192132], [-74.22757568986388, 5.0885461857363286], [-74.22756402434611, 5.088567253088947], [-74.22744673302847, 5.088695594068634], [-74.22722282632556, 5.088909530226648], [-74.22699890154792, 5.089080669463953], [-74.22672504999835, 5.089332441465737], [-74.22650674662084, 5.089523569049053], [-74.22626464979805, 5.089830128637326], [-74.22604636512935, 5.09010086911098], [-74.22592714505522, 5.090236448533683], [-74.22558939203586, 5.09039696265892], [-74.2252480649365, 5.090486166679493], [-74.2250809512841, 5.090486203257328], [-74.22492804826159, 5.090457717353947], [-74.22455120806185, 5.090725199577483], [-74.22419925750565, 5.090992673234162], [-74.22398593074809, 5.09105333423468], [-74.22363040988284, 5.091274458854977], [-74.22334598918788, 5.0914206976289975], [-74.22300466227023, 5.09152060827184], [-74.22253889248437, 5.091645487389668], [-74.22225800816888, 5.091695467246293], [-74.22208023826973, 5.091752547695998], [-74.22167850616131, 5.092030732893223], [-74.22146936153554, 5.09220874379505], [-74.22151462679311, 5.092264030052947], [-74.22176987502357, 5.092602091432438], [-74.22185648765094, 5.0927528524712375], [-74.22188840327753, 5.0928396598391465], [-74.22192255414019, 5.092958511613141], [-74.22178376227244, 5.0935539454201155], [-74.22137761457617, 5.0952964352525045], [-74.22132442315639, 5.095666737153733], [-74.22126454409491, 5.095687191155169], [-74.2207542022941, 5.095248283368116], [-74.22003849823655, 5.095899234806698], [-74.22058270843362, 5.096645610345668], [-74.22099354157719, 5.097199996181889], [-74.22073596901691, 5.099114758522041], [-74.2206502591175, 5.099615892008753], [-74.2206283566983, 5.099634609052196], [-74.22029630659168, 5.099918343648926], [-74.21996858069421, 5.100225178091262], [-74.21960442767701, 5.100521313324653], [-74.21928294038719, 5.100755086995986], [-74.21914963835492, 5.1008520197888725], [-74.2190917829603, 5.100894089614929], [-74.21874983383557, 5.1011513575444445], [-74.2186269484172, 5.1012438115609156], [-74.21841174436986, 5.1014208276625235], [-74.21830845819778, 5.101563294536158], [-74.21826372216981, 5.101694217997839], [-74.21825683348895, 5.101714377759488], [-74.21822245471705, 5.101973373189499], [-74.21818374868447, 5.10216330023053], [-74.2180675557591, 5.102353243906433], [-74.2179771769606, 5.102461173788335], [-74.21785669789467, 5.1027244901205115], [-74.21776387890931, 5.102902260368058], [-74.21776202848669, 5.102905807147831], [-74.21765874750787, 5.1030784813787164], [-74.21741340266837, 5.10318644077172], [-74.21721538492883, 5.103216695002481], [-74.21697863860975, 5.103268544591265], [-74.21675479815228, 5.103316073570189], [-74.21665579552581, 5.103329035354535], [-74.2165443932147, 5.103325723906333], [-74.21632828319746, 5.1031690420403155], [-74.21607975592404, 5.10295293227067], [-74.21594680491003, 5.102823223799321], [-74.21585824265382, 5.102736822807416], [-74.2156529378451, 5.102553129397959], [-74.21540981390812, 5.102364033286931], [-74.21523628464655, 5.102259261303573], [-74.21512346743513, 5.102191145410576], [-74.21499049993885, 5.10212781157241], [-74.21472156263484, 5.102050974298037], [-74.21424131903377, 5.101935711362816], [-74.21372265284941, 5.1018876908679776], [-74.21336727336906, 5.101887690759396], [-74.21320296288351, 5.101891797682788]]]], "type": "MultiPolygon"}}, {"type": "Feature", "properties": {"CODIGO": "25777000200000005", "SECTOR_CODIGO": "257770002", "NOMBRE": "LA CABRERA", "Area_ha": 297.9026744125213, "Perimetro": 11433.59182584755, "Shape_Length": 11427.057846756687, "Shape_Area": 2979026.7441252135, "USO_CAMP": "Agricola", "Descripcion": "95% Caf\u00e9 y 5% Cultivos a pan coger."}, "geometry": {"coordinates": [[[[-74.22099354157719, 5.097199996181889], [-74.22058270843362, 5.096645610345668], [-74.22003849823655, 5.095899234806698], [-74.2207542022941, 5.095248283368116], [-74.22126454409491, 5.095687191155169], [-74.22132442315639, 5.095666737153733], [-74.22137761457617, 5.0952964352525045], [-74.22178376227244, 5.0935539454201155], [-74.22192255414019, 5.092958511613141], [-74.22188840327753, 5.0928396598391465], [-74.22185648765094, 5.0927528524712375], [-74.22176987502357, 5.092602091432438], [-74.22151462679311, 5.092264030052947], [-74.22146936153554, 5.09220874379505], [-74.22167850616131, 5.092030732893223], [-74.22208023826973, 5.091752547695998], [-74.22225800816888, 5.091695467246293], [-74.22253889248437, 5.091645487389668], [-74.22300466227023, 5.09152060827184], [-74.22334598918788, 5.0914206976289975], [-74.22363040988284, 5.091274458854977], [-74.22398593074809, 5.09105333423468], [-74.22419925750565, 5.090992673234162], [-74.22455120806185, 5.090725199577483], [-74.22492804826159, 5.090457717353947], [-74.2250809512841, 5.090486203257328], [-74.2252480649365, 5.090486166679493], [-74.22558939203586, 5.09039696265892], [-74.22592714505522, 5.090236448533683], [-74.22604636512935, 5.09010086911098], [-74.22626464979805, 5.089830128637326], [-74.22650674662084, 5.089523569049053], [-74.22672504999835, 5.089332441465737], [-74.22699890154792, 5.089080669463953], [-74.22722282632556, 5.088909530226648], [-74.22744673302847, 5.088695594068634], [-74.22756402434611, 5.088567253088947], [-74.22757568986388, 5.0885461857363286], [-74.22767062550841, 5.088374741192132], [-74.2277559104628, 5.088214306745708], [-74.22788385268339, 5.088075262277857], [-74.22803315388379, 5.088053843890541], [-74.22816111262765, 5.087946883229715], [-74.22819305980555, 5.087765073733689], [-74.22823568865641, 5.087593960516593], [-74.22831028957805, 5.087390767622782], [-74.2283635739387, 5.087208956360976], [-74.22848082456792, 5.086930898210422], [-74.22859807016545, 5.086642137907068], [-74.22878997724648, 5.086385442162306], [-74.22887524480056, 5.086139472763254], [-74.22900316757662, 5.085936255100316], [-74.22906712030871, 5.0857544533626236], [-74.22915239751298, 5.085572636292984], [-74.22916423036975, 5.085538983533283], [-74.22921635107865, 5.085390828221909], [-74.22926962746125, 5.085219717341346], [-74.22934424008751, 5.085027212118252], [-74.22944019198, 5.084888174282426], [-74.2295254569395, 5.0846314964044925], [-74.229546732174, 5.0843962317976725], [-74.22960002150987, 5.08423581401225], [-74.22979194691622, 5.08407536794292], [-74.22988790846952, 5.083979101612306], [-74.23002651891896, 5.08386143373907], [-74.2301864515762, 5.083690302143567], [-74.23037837036517, 5.083487073595639], [-74.23048498498464, 5.083326647239053], [-74.23061288658425, 5.083027187944603], [-74.23074081289447, 5.082802593928115], [-74.23087941800135, 5.082652851178504], [-74.23108201969599, 5.082503086683372], [-74.23128456937789, 5.08219292294894], [-74.23148713061352, 5.081882757363025], [-74.23163399326766, 5.081626837724381], [-74.23168967540562, 5.08152981575305], [-74.2319135574596, 5.081187567199886], [-74.23232939255986, 5.08080249533689], [-74.23248932616158, 5.080642045724389], [-74.23270259271021, 5.080535062838241], [-74.23289451984674, 5.08037460903461], [-74.23299044993661, 5.080160712108098], [-74.2331610335105, 5.079936108793628], [-74.23323140790546, 5.0798498241779395], [-74.23325698941966, 5.079818456936633], [-74.23336357728373, 5.07955108499724], [-74.23340618879766, 5.0793478889753905], [-74.23349145793999, 5.079166081761909], [-74.23368336670572, 5.078930773503683], [-74.2338326465621, 5.0788131020160545], [-74.23404590947563, 5.078684729979786], [-74.23413120842159, 5.078588467448235], [-74.23426978257815, 5.078310391896578], [-74.23433372123752, 5.0781178880168385], [-74.2344296616263, 5.07794676703421], [-74.23452561845038, 5.0778398118197385], [-74.23467490890096, 5.077764918918107], [-74.23481351759246, 5.077636560148901], [-74.23485423131456, 5.0775207891170435], [-74.23487745475258, 5.077454752076523], [-74.23495205922141, 5.07723016299138], [-74.23506932395767, 5.0770483488120615], [-74.23507995975932, 5.076909326410989], [-74.23517590712541, 5.076759589762595], [-74.23527185444868, 5.076609851300441], [-74.23545310913914, 5.076438708192338], [-74.23561303857089, 5.0762461825880525], [-74.23578363740842, 5.076096426095829], [-74.23595421610428, 5.07590389906951], [-74.23611415452442, 5.075754154790076], [-74.23638073697786, 5.075604379133247], [-74.23650868023752, 5.075497409586919], [-74.23661530565664, 5.075390450083465], [-74.23673257245021, 5.075230006571564], [-74.23684985571971, 5.075112350744247], [-74.2368773800202, 5.0750788181223925], [-74.23699912018343, 5.074930522191138], [-74.23705240693496, 5.074780799277413], [-74.23725500823237, 5.074684504596948], [-74.23736161349187, 5.074502688053589], [-74.23755351028517, 5.074224603356833], [-74.23775606767875, 5.073957206677706], [-74.2379799429475, 5.073604264280082], [-74.23809495042829, 5.073381724964737], [-74.23812917620438, 5.073315494915189], [-74.23824641466344, 5.073016045830234], [-74.2383423385143, 5.072780755364691], [-74.238420222614, 5.072666553503184], [-74.23842312094521, 5.07266230618463], [-74.23848093000409, 5.072577543791842], [-74.23868349562997, 5.072310152439251], [-74.238692350132, 5.07229872758417], [-74.23878379449485, 5.072180772787705], [-74.23883274584962, 5.072117627962357], [-74.23894522146492, 5.072018894491778], [-74.23862525498923, 5.071927095703866], [-74.23908144328043, 5.071389887030693], [-74.2391716028738, 5.071264532414134], [-74.2391716406682, 5.071264478052896], [-74.23917451637293, 5.071266825052489], [-74.23919502980038, 5.071277103301288], [-74.2392316472488, 5.071295452364713], [-74.23936552827547, 5.071362535425428], [-74.2394763816387, 5.071401655044029], [-74.2395570627526, 5.071421861304109], [-74.23958439740312, 5.071422449483609], [-74.2396211780832, 5.071423241222874], [-74.23963748394483, 5.071423592682473], [-74.23972392159523, 5.071402931970224], [-74.23978240188592, 5.071373593437915], [-74.239809228528, 5.071359052307094], [-74.23989765700858, 5.071311118515584], [-74.24000396510387, 5.07124230986487], [-74.24004877473276, 5.071213306084232], [-74.24009782738756, 5.071177342486012], [-74.24009787154309, 5.0711773116376655], [-74.24010245149806, 5.071173847371132], [-74.2402536927799, 5.071059490174457], [-74.24035588984121, 5.07098221670988], [-74.24056125476189, 5.070867832505352], [-74.24071028918699, 5.07083404667288], [-74.24079636894663, 5.070846720719082], [-74.2409111374436, 5.0708636167224554], [-74.24104002120026, 5.0709835518503805], [-74.24130524249514, 5.070951029386052], [-74.24138352235786, 5.070941430996829], [-74.24160554915059, 5.070867485841266], [-74.24172022196952, 5.0707955827306375], [-74.24174564272872, 5.070779643587476], [-74.24179847871495, 5.070746513731635], [-74.24201552323578, 5.070649721582347], [-74.24213609369554, 5.0705287617620645], [-74.24227273373886, 5.070407795477355], [-74.24240134868896, 5.0703190884699545], [-74.24260233082306, 5.070254546487606], [-74.24285155357545, 5.070214173323296], [-74.24299629406214, 5.070326999179331], [-74.24312494744761, 5.070399531195437], [-74.24324553769087, 5.070391435558857], [-74.24335808348737, 5.070367225301178], [-74.24336251518591, 5.0703659907575025], [-74.24350279991644, 5.070326874643129], [-74.24364751027635, 5.070310717717844], [-74.24380832287012, 5.070391295721871], [-74.24396110240124, 5.070504124843106], [-74.24409778976886, 5.070536334547388], [-74.24429575919315, 5.0705262104848146], [-74.24448961114649, 5.070502362878584], [-74.24473718016, 5.070492373012516], [-74.24474230521128, 5.070496041199817], [-74.24474433372691, 5.070497493134356], [-74.24474677426929, 5.0704992392438095], [-74.24487584303266, 5.07059163879677], [-74.24508382192992, 5.070661095944108], [-74.24537100886126, 5.070670957058442], [-74.2455987446713, 5.070561664998937], [-74.24569773556922, 5.070422623811494], [-74.24583635910109, 5.07034315044367], [-74.24595161882394, 5.070338672970403], [-74.2460938282728, 5.070333153664246], [-74.2462324640757, 5.070323187740131], [-74.24638098877314, 5.070243714189167], [-74.24639662572825, 5.070224662211199], [-74.24640512658482, 5.070214308362178], [-74.24651958513132, 5.070074866307316], [-74.24657896516177, 5.069925899652313], [-74.24661443456296, 5.069777528324607], [-74.24663831625851, 5.069677633743361], [-74.24674719546891, 5.069449213445603], [-74.2468520351497, 5.069399709063458], [-74.24691552240759, 5.069369730602214], [-74.24711356891238, 5.069339895240578], [-74.24733144498475, 5.069399420421112], [-74.24760872244241, 5.069389417492461], [-74.24771997169738, 5.069349544083755], [-74.24788597449643, 5.069290046424385], [-74.24790901760235, 5.0692657729505175], [-74.24808398089905, 5.069081467490334], [-74.24820349999477, 5.068956105199252], [-74.24830178040351, 5.068853020503674], [-74.24850970755736, 5.068713945211527], [-74.24874212384806, 5.068599800756588], [-74.24883216542423, 5.068690044488764], [-74.24893919639658, 5.068813815677529], [-74.24894922549856, 5.068825415870023], [-74.24906628091115, 5.06895175903755], [-74.24913832825303, 5.06907811402682], [-74.24917942195191, 5.069098704102485], [-74.24926436952511, 5.0691412650789625], [-74.24939940933878, 5.069186365861263], [-74.24953443800564, 5.069177304746413], [-74.24971446110611, 5.069123098042108], [-74.24984944850215, 5.068969611298604], [-74.24988541311447, 5.068798094910857], [-74.24988537326547, 5.068647815226008], [-74.2498853537682, 5.068572426559975], [-74.24989804543071, 5.068505524865004], [-74.24997718748111, 5.068580531672272], [-74.25009291080787, 5.068576223656202], [-74.25019067128937, 5.068575561441887], [-74.2503360072399, 5.068564245387052], [-74.25064391214804, 5.068954160068187], [-74.25071542547319, 5.0687005241406045], [-74.25079175832272, 5.068619153605781], [-74.25080845198825, 5.068588045653218], [-74.25082274494564, 5.068506011556411], [-74.25096214432224, 5.068587503141024], [-74.25114285489701, 5.06857235718202], [-74.25125577994878, 5.068481722047426], [-74.25137621589286, 5.068315578746431], [-74.25151170438029, 5.068149431641751], [-74.25169992838703, 5.0680587792181], [-74.25177841918415, 5.068037767837134], [-74.25179661333561, 5.068032898227748], [-74.25186377223876, 5.068014920879907], [-74.2519258112695, 5.067998313364448], [-74.25217048236762, 5.067992698555052], [-74.25226236810173, 5.068012424614433], [-74.25240019665804, 5.0680387084115015], [-74.25252489260929, 5.068038675926718], [-74.25274658507367, 5.068103805307713], [-74.25294856886615, 5.068137508082545], [-74.2529102416201, 5.068296232311981], [-74.25281941467118, 5.068448116568623], [-74.25277190236487, 5.068527567536637], [-74.2526335472703, 5.068701080107585], [-74.25251825099079, 5.068839890222485], [-74.25235679839034, 5.068886191640984], [-74.25234399302744, 5.0689018904380205], [-74.25225302681773, 5.069013434053159], [-74.25220502938582, 5.069066404917209], [-74.25210397588754, 5.069053258310773], [-74.25197623568334, 5.069036637322898], [-74.25190824598508, 5.06904120252947], [-74.25180323585467, 5.069048246193782], [-74.25169829970396, 5.069040758472539], [-74.25164176653412, 5.069036723887622], [-74.25143416904922, 5.069036778271307], [-74.25123811140803, 5.069071523244308], [-74.25120106843912, 5.069084801516288], [-74.25107665918735, 5.069129391454025], [-74.25096134923119, 5.069221939445494], [-74.25085757039973, 5.069302923373456], [-74.25064997665535, 5.0693261053399885], [-74.25053465611457, 5.069372396749681], [-74.25043089186573, 5.0695112033237235], [-74.25028172020436, 5.069630106855679], [-74.24986306409001, 5.069853548280956], [-74.24951570732463, 5.070184168411117], [-74.24899020995757, 5.070684572722028], [-74.24859832606084, 5.07110453445899], [-74.24825097980496, 5.071497683786515], [-74.24815301844679, 5.071658514716335], [-74.24804615547876, 5.071792537939005], [-74.24793928349071, 5.071953364352075], [-74.24786804182615, 5.072078455256909], [-74.24778789864244, 5.072221411627912], [-74.24768994425297, 5.072355432104327], [-74.24760980101544, 5.072507321658141], [-74.24746732736675, 5.072784284900555], [-74.24735155360264, 5.0729719099441954], [-74.24722687824963, 5.073141676740636], [-74.24711110617552, 5.073311443532812], [-74.24701313616387, 5.073436529007371], [-74.24692408029136, 5.073561616270949], [-74.24681720598659, 5.073668850729817], [-74.24661230099505, 5.073695692873825], [-74.24650542209079, 5.073785056400696], [-74.24642527934283, 5.0739369431965615], [-74.24634511853837, 5.074035235398728], [-74.24628277793452, 5.074106714448861], [-74.2461848049506, 5.0742139334841205], [-74.24610465219386, 5.074330093852159], [-74.24606013896845, 5.074446231608009], [-74.24598890034999, 5.074562389252843], [-74.24593609940008, 5.074654211740139], [-74.24585532546574, 5.07479468283982], [-74.24575736312649, 5.074946575941407], [-74.24560593279982, 5.075027012512912], [-74.24547232898583, 5.075143186364209], [-74.24534763568502, 5.075259345730718], [-74.24529635099867, 5.075285072480714], [-74.24516947615466, 5.07534872444306], [-74.2450358811364, 5.075500623766203], [-74.24490228338037, 5.075634654879342], [-74.24477760601188, 5.075813355576018], [-74.24467963252131, 5.075929510413311], [-74.24458166705348, 5.076081405255915], [-74.24458170552884, 5.076233271344286], [-74.24455502391095, 5.076394076894328], [-74.24443923718003, 5.076528103502514], [-74.24435016252868, 5.076599593282662], [-74.24422545445522, 5.0766621533833165], [-74.24410967575396, 5.0767872476502625], [-74.24405624695338, 5.076912333957857], [-74.24403846955714, 5.0770552695373405], [-74.24431501519429, 5.076944977576537], [-74.24443093527265, 5.076944949578861], [-74.24455578577837, 5.0770343231772195], [-74.24464497853808, 5.077105833047067], [-74.244751993438, 5.077195213835193], [-74.24486790902627, 5.077177304887791], [-74.24496598713739, 5.077168340896445], [-74.24501953666451, 5.0773739698479], [-74.2450284979318, 5.077543847952387], [-74.24503745921635, 5.077713726959544], [-74.24508209733956, 5.077928301746209], [-74.24510888440264, 5.078080289017038], [-74.24510891885232, 5.078223348552648], [-74.24507329459479, 5.078402184324084], [-74.24500200612111, 5.078572082413277], [-74.24490395319204, 5.078706222441383], [-74.2448683216054, 5.078840346110211], [-74.24484160787048, 5.0789744688642875], [-74.24312942977501, 5.079045382303118], [-74.24308350367343, 5.079170465017533], [-74.24297218510729, 5.079360320652571], [-74.24286085084358, 5.079449687063874], [-74.24270495748439, 5.079516724388897], [-74.2426047630413, 5.079661912466497], [-74.24256049954518, 5.079726066498369], [-74.24250458030181, 5.079807107754762], [-74.24240440310228, 5.080019296172251], [-74.2423394433195, 5.080131018894245], [-74.24224856147796, 5.080287329063596], [-74.2420927079441, 5.080521868560302], [-74.24193685611365, 5.080756408041843], [-74.24188166042582, 5.080852070549809], [-74.24181441502762, 5.080968601303433], [-74.2417142438144, 5.081180794217502], [-74.24166950376446, 5.081246391419128], [-74.24156951551471, 5.081392993273557], [-74.24148046092574, 5.081504685442879], [-74.24135799393633, 5.081661050942728], [-74.241191008388, 5.081862088518172], [-74.24103513693714, 5.082029629363418], [-74.24092380349742, 5.082163653504146], [-74.24084825965876, 5.08226312548902], [-74.24074568455359, 5.0823981986338005], [-74.24060095113984, 5.082543398098591], [-74.24038941975915, 5.082777945028363], [-74.24024468408264, 5.082934311646906], [-74.24012223702849, 5.083168841916768], [-74.24009155577042, 5.083244102576547], [-74.24002207587183, 5.083414535422547], [-74.23988847681042, 5.083570904120718], [-74.23977714860195, 5.083727255316032], [-74.2396992317458, 5.083883610120793], [-74.23955450742075, 5.084073483667333], [-74.23943650934494, 5.084191859119962], [-74.23939863355518, 5.084229856243127], [-74.23928730455455, 5.084341541344393], [-74.23912030032837, 5.084520252479464], [-74.23898669634366, 5.084643114086825], [-74.23881968386183, 5.0847883199886414], [-74.23870836544683, 5.084967021768358], [-74.23856364388855, 5.085168052454345], [-74.23834096334876, 5.085369101718657], [-74.23818509907468, 5.0855478094253606], [-74.23805150152467, 5.085715332475767], [-74.2378845082699, 5.085927538696644], [-74.23775092101451, 5.086139735026691], [-74.23765072496278, 5.086273769197816], [-74.23750597985834, 5.086396633948252], [-74.23740580968958, 5.086597654071427], [-74.23727217864709, 5.086664684062778], [-74.23708289577642, 5.086787567318085], [-74.23693815551954, 5.0869215982822995], [-74.23677115145544, 5.0871114672682936], [-74.23671148019092, 5.087163852864219], [-74.23650393822834, 5.087346033610623], [-74.23619220078928, 5.087692272333871], [-74.23610639600345, 5.087841483263226], [-74.23594456601393, 5.088013599731144], [-74.23583721076852, 5.088181138274402], [-74.23563580682656, 5.088607756042754], [-74.23539919226947, 5.089108959078189], [-74.23538112062622, 5.089147240212341], [-74.23514561034538, 5.089643765951249], [-74.2348086976047, 5.090176206379363], [-74.23467034443878, 5.090475129897451], [-74.23444437321024, 5.090182843205456], [-74.23429963401546, 5.090328041089547], [-74.23412151628744, 5.090584923499175], [-74.23401020433965, 5.090830605644318], [-74.23369844735976, 5.091109852356903], [-74.2334312629639, 5.091478413750186], [-74.23328652972268, 5.091645942329226], [-74.23314179423815, 5.0918246453534985], [-74.23296366059455, 5.092048018777926], [-74.23279665983317, 5.092204391974334], [-74.2326407861828, 5.092383090943798], [-74.23254107151554, 5.0924989217089305], [-74.23242925487268, 5.092628809312949], [-74.23225110880688, 5.092807511976859], [-74.23205070830414, 5.093042057134951], [-74.23175744168303, 5.093257807864748], [-74.2317716618538, 5.0934235779866], [-74.23179317784968, 5.0935946454021], [-74.23175723259612, 5.09356888717712], [-74.23167951626554, 5.093507342045556], [-74.2315983806328, 5.09347506062989], [-74.23146952842524, 5.09347868037149], [-74.23125477375056, 5.0934715541952675], [-74.23113666265745, 5.0934895272087015], [-74.23108656481759, 5.093532606284044], [-74.23098635909722, 5.093586464362749], [-74.2308267353314, 5.093626698276444], [-74.23072747988897, 5.093661174272462], [-74.23060661191386, 5.09370662446839], [-74.23037244952937, 5.093787110377602], [-74.23024719756039, 5.0938708814897415], [-74.23013386420133, 5.093906799456984], [-74.22994297941788, 5.093942733545279], [-74.22980578231873, 5.093972673720454], [-74.22966370846376, 5.0940276015226145], [-74.22959503696185, 5.094101526784209], [-74.22953237935425, 5.0942122819197335], [-74.22939468650004, 5.094465250936856], [-74.22929923914408, 5.094460488493993], [-74.22923242683152, 5.09446528861285], [-74.22913222216738, 5.094522735874158], [-74.22892700646769, 5.094489286879432], [-74.2287408805497, 5.094465405070716], [-74.22864066634158, 5.094489354196692], [-74.22824936678617, 5.094613862934176], [-74.22792488614732, 5.094767065948135], [-74.2277865000337, 5.094814950526584], [-74.22753838650435, 5.0950159891363365], [-74.22735708153672, 5.095202654799647], [-74.22724259553596, 5.095408446545367], [-74.2270567047892, 5.095718434700465], [-74.22689636730546, 5.095770152205383], [-74.22674109625109, 5.09581168897357], [-74.22641199499175, 5.095412270957991], [-74.2263135541329, 5.095442669546491], [-74.22612564314768, 5.095547880601524], [-74.22589839640504, 5.095644345526312], [-74.2258353274427, 5.095656569452126], [-74.22580893729929, 5.095661681287732], [-74.22564929117716, 5.095692609021291], [-74.22537397142936, 5.095815374311909], [-74.22522540705813, 5.095960020841255], [-74.22508121589516, 5.096113436650316], [-74.22488457958814, 5.096288778318141], [-74.22483216154644, 5.096398345612338], [-74.22451308804447, 5.096534084895117], [-74.22419814961535, 5.096684892242966], [-74.22356826762116, 5.096972149851829], [-74.2230126652019, 5.097247126673782], [-74.22278041125037, 5.097291341622892], [-74.22275943043087, 5.097295337381439], [-74.22255188047836, 5.097503541485928], [-74.22227990797056, 5.097726116185671], [-74.2221224362735, 5.0977907525813615], [-74.22190769055436, 5.097833866311518], [-74.22147102757903, 5.097862676591435], [-74.22099354157719, 5.097199996181889]]]], "type": "MultiPolygon"}}, {"type": "Feature", "properties": {"CODIGO": "25777000100000005", "SECTOR_CODIGO": "257770001", "NOMBRE": "SANTA ROSA", "Area_ha": 358.12115117633505, "Perimetro": 11760.634380862273, "Shape_Length": 11754.058233088852, "Shape_Area": 3581211.5117633506, "USO_CAMP": "Agricola", "Descripcion": "70% Caf\u00e9, 25% Platano y 5% cultivos a Pancoger."}, "geometry": {"coordinates": [[[[-74.27714752597245, 5.031366535998184], [-74.27731456775513, 5.031462193335559], [-74.27743984592179, 5.0315159886820835], [-74.2774637724477, 5.031749261800488], [-74.27736124047651, 5.0319550571375204], [-74.27735647080902, 5.0319646275210985], [-74.27724319984543, 5.032168033528938], [-74.27711798248404, 5.032317609219361], [-74.2769271468844, 5.0324552408096785], [-74.27679001454507, 5.032640708852551], [-74.27662304196241, 5.032778332511053], [-74.27649783913209, 5.032975760325274], [-74.27642632463073, 5.033191117383365], [-74.27638463120091, 5.033388519926617], [-74.27636083323557, 5.033597881433134], [-74.27636684930903, 5.03377732515516], [-74.27636097996687, 5.034100327996704], [-74.2763312753413, 5.034507080709189], [-74.27631346053332, 5.034782236666177], [-74.27627775459369, 5.035057395132662], [-74.27617044690842, 5.035266782863763], [-74.27606315034355, 5.035498100234623], [-74.27600951127825, 5.035647653202522], [-74.27591412724937, 5.035833109995491], [-74.27580688895144, 5.036269791774158], [-74.27568770593005, 5.036658630288181], [-74.27555062021766, 5.037017558608902], [-74.27541354148853, 5.037388455631915], [-74.27533012076103, 5.037699521542107], [-74.27519300887627, 5.037956765648365], [-74.27513282744145, 5.038057415185776], [-74.27504992043994, 5.038196069302429], [-74.27483524481167, 5.0383995021603765], [-74.27455496427116, 5.038620898984523], [-74.2743973017087, 5.038648481342807], [-74.27429595566666, 5.038759415853788], [-74.27476645021031, 5.039578325410856], [-74.275076051729, 5.040322815068678], [-74.2751734398315, 5.040534526725083], [-74.27524120335273, 5.040670324822774], [-74.27538515129353, 5.04086550937925], [-74.27557984882266, 5.040865451336855], [-74.2758422706884, 5.0409163074017], [-74.2760962282045, 5.040941700770676], [-74.27630786198363, 5.041001050152219], [-74.27659568801278, 5.041085855708424], [-74.27672269049656, 5.041162210356601], [-74.27683275383981, 5.0412215970376595], [-74.27691742963884, 5.041323430708109], [-74.27693438969966, 5.041433776734299], [-74.27690058422695, 5.041620531550452], [-74.27684982635353, 5.041730897493681], [-74.27678215567792, 5.04187522577632], [-74.27670598672862, 5.041960136204864], [-74.2767125202339, 5.0420123801343255], [-74.27672296765998, 5.04209594419355], [-74.27678226379322, 5.042231742348063], [-74.27681615600395, 5.0423845237390985], [-74.27685745795915, 5.042462116114024], [-74.27688392066035, 5.042511827253675], [-74.27703630807099, 5.042605156613102], [-74.2772310314649, 5.042698466968435], [-74.27736648410225, 5.042749368128809], [-74.27752731851032, 5.0427493189140495], [-74.27774741005231, 5.042766226742116], [-74.27795058180209, 5.042842559753565], [-74.27805219762858, 5.042969855322096], [-74.2780861194439, 5.043173573130071], [-74.27814544810435, 5.043428202015192], [-74.27822168417237, 5.043606445162306], [-74.2782555909297, 5.043750740220762], [-74.27831489410387, 5.043912008218172], [-74.27839113026751, 5.044090233220787], [-74.27845043966619, 5.044268473414036], [-74.27850127757365, 5.044446719405803], [-74.27851825258286, 5.044599503095865], [-74.27852676508803, 5.044752289865073], [-74.2785183361271, 5.044879628093258], [-74.27851838289182, 5.045040906782871], [-74.27853536645685, 5.045202182900319], [-74.27858619722745, 5.045337981087175], [-74.27860315948263, 5.045465301906272], [-74.27866245773762, 5.045609594862042], [-74.27865403753492, 5.045770874825693], [-74.27862869407099, 5.045932160961131], [-74.27866056699942, 5.046187314209981], [-74.27866062917211, 5.046397417664466], [-74.27873053554863, 5.04663376032062], [-74.27875675869379, 5.046756314490264], [-74.27878299356864, 5.046896369270694], [-74.27884413073679, 5.047001401991537], [-74.27883943396179, 5.0469989103745565], [-74.2789616866712, 5.0471039258631185], [-74.27903157973032, 5.047270241488119], [-74.27902291338022, 5.047480347622692], [-74.2790054993095, 5.047629170808918], [-74.27892699226581, 5.047848050834439], [-74.27884846440523, 5.047996902116732], [-74.2787612249196, 5.048172013369883], [-74.27868765452419, 5.048319661454773], [-74.27875365859097, 5.0482988260098045], [-74.27890910995634, 5.048339121778198], [-74.27901449512551, 5.04831956230761], [-74.27901919191164, 5.04832205392064], [-74.27903157855283, 5.048491532879673], [-74.27902544285737, 5.048590478479661], [-74.2790193297681, 5.0487760215074555], [-74.27902552916629, 5.048887338558631], [-74.27905023931545, 5.049017206434018], [-74.27905644985198, 5.049147090853936], [-74.27906267109584, 5.049332621334615], [-74.27905655378844, 5.049493422619901], [-74.27905043145559, 5.049660403696589], [-74.27902580611983, 5.049802665919588], [-74.27900119431484, 5.049988204684378], [-74.27900739300634, 5.050087160358328], [-74.27900743450014, 5.050229409257189], [-74.27903212796186, 5.05032216317317], [-74.2791123496977, 5.050476751122589], [-74.27916789893185, 5.05061279496173], [-74.27918026614508, 5.0507179354366], [-74.27918647627251, 5.050853989667242], [-74.27914949504206, 5.050940589458098], [-74.27907552537691, 5.051058115830581], [-74.27897689246956, 5.051218942953527], [-74.27889058249082, 5.051342662569372], [-74.27878576939042, 5.051441649759901], [-74.27873481425974, 5.051498786048564], [-74.27868095651482, 5.0515591826206405], [-74.2785329518227, 5.051621076689087], [-74.27842811200729, 5.051627287536155], [-74.27831092135011, 5.051614959828407], [-74.27818140522446, 5.051615000565993], [-74.27800011851787, 5.051641019633478], [-74.27779783527967, 5.051773394010721], [-74.27777446798177, 5.0519923735922045], [-74.2777930099509, 5.052134613254394], [-74.27781155735488, 5.052276855617118], [-74.27783626410606, 5.05239436037404], [-74.27789797874173, 5.052530399433182], [-74.27794734717017, 5.052635518645423], [-74.27802755828385, 5.05274682381907], [-74.27807075866346, 5.052851944307495], [-74.27814480470835, 5.0529818027609075], [-74.27822501329835, 5.053080727518567], [-74.27831755980726, 5.053192027319308], [-74.27841011332727, 5.053328060691156], [-74.27848439048736, 5.053450090290435], [-74.27843564890141, 5.053547911984495], [-74.27839910107232, 5.05367019352318], [-74.27835036937701, 5.0538108149418965], [-74.27825896611792, 5.053926988637604], [-74.27817363880713, 5.0540187180424425], [-74.2781431931403, 5.05414098936574], [-74.27810054986747, 5.054232707020847], [-74.27805180613316, 5.054324416794151], [-74.27802368365779, 5.054406075217913], [-74.27802239349849, 5.054409822727429], [-74.27802173406637, 5.054411739488471], [-74.27799030366275, 5.054503015216687], [-74.2779465978337, 5.054649250969624], [-74.27788101722058, 5.054758942442825], [-74.27786542642042, 5.054821560894866], [-74.27784460464608, 5.054905179205373], [-74.27783006217848, 5.055036782062268], [-74.27781551712802, 5.055161082284688], [-74.27786657965285, 5.055248804235812], [-74.27793952701997, 5.055365756935858], [-74.27803435546627, 5.0555265773261455], [-74.27810730101284, 5.055650849825013], [-74.27813651563815, 5.055782442406409], [-74.27817300372153, 5.05591403421349], [-74.2781876245861, 5.0560456302269134], [-74.27823870892335, 5.0561991545402], [-74.2782752050023, 5.056345372400811], [-74.27830937440504, 5.056495900785171], [-74.27831171623608, 5.056506205454593], [-74.27830445640842, 5.056637821081943], [-74.27829720577036, 5.056754798841499], [-74.27820974950639, 5.056879109849049], [-74.27811499471612, 5.056988811872225], [-74.27799837010767, 5.057083894734854], [-74.27793073124896, 5.0571374701138545], [-74.27785986715125, 5.057193602478749], [-74.27780888050195, 5.0573471579743146], [-74.27779433809671, 5.057478760836404], [-74.2777579261098, 5.0576469335927206], [-74.27776525851885, 5.0577565971661915], [-74.27781631420719, 5.057837006486235], [-74.27783822335329, 5.057946675692171], [-74.2779111761726, 5.058092876859633], [-74.27795494670482, 5.058173280619188], [-74.2780424817145, 5.0583194828548645], [-74.27804251811557, 5.05843647339235], [-74.27807902555836, 5.058626551379186], [-74.27809365352918, 5.0587800742764975], [-74.27809368905801, 5.058897064811806], [-74.27808643052293, 5.058999420124262], [-74.27810832823343, 5.059094455992752], [-74.27816670476714, 5.0592260443683905], [-74.27823964569146, 5.059335693365291], [-74.27837092756599, 5.059467251850425], [-74.27840215395099, 5.059494078156144], [-74.27847302588718, 5.059554958875046], [-74.27857513995093, 5.059686526003155], [-74.27861891761104, 5.0597961845354815], [-74.27862624840103, 5.059913165166687], [-74.27863358927152, 5.060095944606918], [-74.27859717106428, 5.060198314037478], [-74.27853158032879, 5.06030800569165], [-74.27845870950775, 5.060439627769928], [-74.2784004094463, 5.060542005107187], [-74.27833483862732, 5.060717491030519], [-74.27833487426595, 5.060834470690456], [-74.2784224108444, 5.060973362873269], [-74.27848077244427, 5.061097641309054], [-74.2785391489895, 5.061258468175556], [-74.27856837023253, 5.061419307356636], [-74.27858299766713, 5.061572842853839], [-74.27859000297818, 5.06169863505604], [-74.27859032657564, 5.061704439610531], [-74.27859037101604, 5.061850665976523], [-74.27852480966143, 5.062070019307948], [-74.27848839749211, 5.062194327420221], [-74.27846656530619, 5.0623551796436805], [-74.2784739059051, 5.062494094397662], [-74.2784957933234, 5.0625671978802], [-74.2785614409914, 5.062632973827141], [-74.27863436235849, 5.0626841364587625], [-74.27871457310141, 5.062684112845395], [-74.27883121409275, 5.062640207778124], [-74.2790280710635, 5.062610905114657], [-74.27912283651138, 5.062559695346536], [-74.2793050751857, 5.062428038030851], [-74.2793780037036, 5.062486506809324], [-74.27947281816044, 5.0625961493834355], [-74.27950928906726, 5.062640005301185], [-74.27939597250602, 5.062822681101744], [-74.27923042035953, 5.063005394978656], [-74.27900689806509, 5.063154917716956], [-74.2789075534713, 5.063221366120735], [-74.27895727822462, 5.06335420370607], [-74.2790401325035, 5.063520238953816], [-74.27913953406562, 5.063661360403746], [-74.27920582957906, 5.063860621796218], [-74.27922247988954, 5.064142915192276], [-74.27921423651586, 5.0642508577438266], [-74.2791977092646, 5.064383710410059], [-74.27918946417373, 5.064499958117597], [-74.2792143475278, 5.064624499779814], [-74.27925581012266, 5.064856969300575], [-74.27940486306218, 5.0648652285929385], [-74.27956215297704, 5.064765544416112], [-74.27972771090664, 5.064599428900922], [-74.27991946365569, 5.064539693057336], [-74.2799678141621, 5.064524629339559], [-74.28018310011991, 5.064524562702897], [-74.28041126029625, 5.064607525620775], [-74.28051814441909, 5.064690478708546], [-74.28054063641599, 5.064859245213096], [-74.28049585482971, 5.065174301504844], [-74.28041145856571, 5.065259889659139], [-74.2801400503035, 5.065429606866548], [-74.28003550954054, 5.065542567916305], [-74.2800677131469, 5.0656393620187306], [-74.28011600428734, 5.065711944442621], [-74.28021650344735, 5.065758936278797], [-74.28023668330334, 5.065768374115544], [-74.2804116294091, 5.065827176418853], [-74.28040348511567, 5.065852841771467], [-74.28040350642164, 5.065921430902464], [-74.28040382788303, 5.065923385536339], [-74.28041167441837, 5.06597107280626], [-74.28064846212932, 5.066147513080643], [-74.28088650569185, 5.066343052855664], [-74.28098540006035, 5.0665010728224065], [-74.28103093063042, 5.066573826178952], [-74.28112463107382, 5.066788965460868], [-74.2811285613142, 5.066910239576796], [-74.28110127600128, 5.066980670651241], [-74.2810466654655, 5.067004157896663], [-74.2809764314202, 5.06698461671824], [-74.28073448887459, 5.066812558860407], [-74.280570604926, 5.066722631462348], [-74.28041188276384, 5.06666321627394], [-74.28037664417879, 5.066643707083699], [-74.28036260601519, 5.0666359355044], [-74.27988454290185, 5.066421863331851], [-74.27967860425807, 5.066421926013437], [-74.2795253484654, 5.066417578490978], [-74.27945335962714, 5.066415538499071], [-74.27933482504524, 5.066421827841187], [-74.27920882278137, 5.066428514659003], [-74.27907369736418, 5.0664930985907], [-74.2789514166141, 5.066486679225652], [-74.2787840709443, 5.06640283657666], [-74.2786682133052, 5.066338339863744], [-74.27864821712893, 5.06633834681418], [-74.27853950905279, 5.066338377994759], [-74.27843012944702, 5.066428750181722], [-74.27836578384371, 5.0664545926443925], [-74.27824992900977, 5.06640299647392], [-74.27814051795468, 5.066396574139416], [-74.27805685898893, 5.066396596465724], [-74.27796837543602, 5.066406310572448], [-74.27783158138406, 5.066269215020021], [-74.2776867503167, 5.066172465837394], [-74.27758217793131, 5.066164428726266], [-74.27748564837458, 5.0661644573871865], [-74.27737301701707, 5.066164489777848], [-74.2772443090304, 5.066148395068673], [-74.27714774905388, 5.066035500190752], [-74.27708337219698, 5.065970987463682], [-74.27695463081669, 5.06586615359207], [-74.27685002229533, 5.065753260958823], [-74.27676150565769, 5.065640356450286], [-74.27664884542686, 5.065535519707878], [-74.27656034081112, 5.06547101560251], [-74.276471875098, 5.065527508514558], [-74.27638339935852, 5.065567861612964], [-74.27626272844644, 5.065567898786454], [-74.27610182624434, 5.0654953543975], [-74.27606156771436, 5.065374372425664], [-74.27598940393553, 5.06527069342974], [-74.27595857614112, 5.0652264009103405], [-74.27588240167078, 5.065277355655752], [-74.27574273001912, 5.065271030531674], [-74.27559667885866, 5.065194676446846], [-74.27549508335231, 5.065137411937843], [-74.27536370560574, 5.065068851766846], [-74.27481206691682, 5.064746898692012], [-74.27452715897196, 5.064625425785872], [-74.27414531149108, 5.064613384737796], [-74.27382394480449, 5.064545853302421], [-74.27365433842412, 5.064510208616821], [-74.27338692922224, 5.064439904294861], [-74.27316941568716, 5.064382717217999], [-74.27239353264842, 5.064091220442474], [-74.2721798639738, 5.064046482731491], [-74.2720608849472, 5.064021572151416], [-74.27172677493279, 5.063951618911996], [-74.27116284757555, 5.063064433724813], [-74.27109612003373, 5.062876048339754], [-74.27101118114574, 5.062566105052383], [-74.27102324028135, 5.062353385023667], [-74.27098679033129, 5.062061661517491], [-74.27093819412336, 5.0616727046571315], [-74.27087138034099, 5.061198657928463], [-74.27072486498506, 5.0604490761142555], [-74.27054894556947, 5.059549059687752], [-74.27037365126313, 5.058652244843108], [-74.27036751468376, 5.058620783323129], [-74.27035697833773, 5.0586012910130265], [-74.2703379323208, 5.058578549955532], [-74.27031878921706, 5.058567100117209], [-74.27016756729756, 5.058609754923668], [-74.27002219694513, 5.058586290640739], [-74.26997967319099, 5.058579426920823], [-74.26987207488024, 5.058553481786459], [-74.2702094999921, 5.057986697199475], [-74.26952252364163, 5.054338310638579], [-74.26960921837649, 5.054212653799584], [-74.26975858168467, 5.054135301103074], [-74.26989828257778, 5.053995122420648], [-74.26994160533175, 5.053845319879177], [-74.26994154189882, 5.05362787691254], [-74.26998485096824, 5.0534200865018635], [-74.27007637345623, 5.053279928876873], [-74.27024979856326, 5.05309625723192], [-74.27034613369975, 5.052965767031627], [-74.27049065885527, 5.052859412143922], [-74.27067372779973, 5.052724063338086], [-74.27073635455143, 5.052646734762346], [-74.27077004468393, 5.052525919255414], [-74.27087601769236, 5.052380921539644], [-74.27105907645651, 5.052211749374953], [-74.27109279832219, 5.0521489289242165], [-74.27109276711622, 5.052042616518984], [-74.2710300993177, 5.051979817537743], [-74.27088550667317, 5.051839727954397], [-74.27081318224116, 5.051694793605211], [-74.2707697716669, 5.051569172618731], [-74.27073121070711, 5.051496696558339], [-74.27066373570747, 5.05145806154195], [-74.27053362165181, 5.051443606073089], [-74.27034087997788, 5.051472653059158], [-74.27028581679288, 5.0514640403813065], [-74.27018667652516, 5.0514485334383314], [-74.27012743208017, 5.051432495977544], [-74.27009336957113, 5.0514232748586325], [-74.27000837082595, 5.051400260198231], [-74.26983492992187, 5.051506616323565], [-74.26959401525264, 5.051579166206441], [-74.26947355370939, 5.051608191846487], [-74.26935789994717, 5.051584070791838], [-74.26916032476366, 5.051535802439843], [-74.26898792384995, 5.051487617788582], [-74.26892988348195, 5.0511781293946765], [-74.26890573209637, 5.0510493525662294], [-74.26888056228847, 5.0509151389538385], [-74.2688285669799, 5.0506378795512274], [-74.2687972912389, 5.050471105854819], [-74.26877944100978, 5.0503759165528415], [-74.26876238493976, 5.050284971032801], [-74.26873320717561, 5.050129379303737], [-74.26871549181371, 5.050039498211256], [-74.26866224553106, 5.049769344808984], [-74.26862501347759, 5.049536447936082], [-74.2685360364098, 5.048979808600479], [-74.26851079098758, 5.048821873845495], [-74.26850717888244, 5.048801329201133], [-74.26846378249502, 5.048554470547054], [-74.26842346728807, 5.048325152711894], [-74.26832301936697, 5.047922406522422], [-74.2682964909617, 5.0476836110495995], [-74.26827989990214, 5.047580640634011], [-74.26826336086923, 5.047477972319107], [-74.26823685271647, 5.047318780495432], [-74.26825664423097, 5.047146303491068], [-74.26823012981153, 5.046940660873113], [-74.26820363445546, 5.046808004185101], [-74.26814405150628, 5.046635541033788], [-74.26807121263273, 5.0464033840028755], [-74.26802842608733, 5.0462681885532525], [-74.26798514207385, 5.046131428756863], [-74.26793876864886, 5.04590589836826], [-74.2678725541814, 5.045687006333624], [-74.26783282053349, 5.045527808589626], [-74.26777985673401, 5.045395153740225], [-74.26772690992091, 5.045282395480737], [-74.26769377876515, 5.045083398797559], [-74.2676540347705, 5.044884401438181], [-74.26763231134176, 5.044762608384044], [-74.26742111041901, 5.044831195609478], [-74.26726718841066, 5.04485228013234], [-74.26709228451864, 5.044866364361302], [-74.26693836324432, 5.044873424347768], [-74.2668054311957, 5.044901523494034], [-74.26673548263426, 5.04494364913228], [-74.26674951928368, 5.045097995808143], [-74.26674955860653, 5.045238318170453], [-74.26674961474454, 5.045434764588652], [-74.26675665078832, 5.04561015979508], [-74.26675670133555, 5.04578556409925], [-74.26677773238713, 5.045918860430305], [-74.26654686775032, 5.045982072393456], [-74.26640693728777, 5.046010172497654], [-74.26628800954771, 5.046052297712738], [-74.26619000072836, 5.045834838135792], [-74.26611997473677, 5.0456243742166835], [-74.26606393880154, 5.045413906534958], [-74.26602888700431, 5.04515431773807], [-74.26597984735145, 5.044922808742035], [-74.26590282230369, 5.04468428502699], [-74.26584680312962, 5.044508897420637], [-74.26581877886296, 5.044389635468693], [-74.2657837563581, 5.044256347296726], [-74.26576272443147, 5.0440879616449505], [-74.26565071706058, 5.043849452611123], [-74.26553170532378, 5.04361093998602], [-74.2654406881353, 5.0433864479412565], [-74.26534267370734, 5.04314793325754], [-74.26527266229196, 5.042979560572384], [-74.26519563163555, 5.042748060647568], [-74.26519127096469, 5.042656748108834], [-74.26518859550379, 5.04260072238463], [-74.26516056212475, 5.0424253335223135], [-74.26507654822844, 5.042242937324557], [-74.26501356548212, 5.042158766489963], [-74.26495056831145, 5.0420745929586435], [-74.26495749909961, 5.0418360476061475], [-74.26503448065044, 5.041906177597532], [-74.2651184519752, 5.0419342232678614], [-74.26519540690164, 5.041927187019175], [-74.26524436441002, 5.041857011892462], [-74.26528631743811, 5.041779828209934], [-74.26535625646486, 5.041681584107362], [-74.26551716771012, 5.041632424086904], [-74.26561510305658, 5.041576270356455], [-74.2656710524374, 5.041527138212789], [-74.26567102281611, 5.041421895934067], [-74.26560802993131, 5.041302637759158], [-74.26551005297596, 5.041204440043645], [-74.2654820263635, 5.041085183448304], [-74.26542602359139, 5.04097293924916], [-74.26529309107389, 5.04097297448686], [-74.2651321807603, 5.041008099988806], [-74.26504122877188, 5.041008124963069], [-74.26493625846986, 5.040930983779982], [-74.26483127990006, 5.04082577102025], [-74.26470861933906, 5.0406193531089585], [-74.26468156098511, 5.040501920447144], [-74.2646364694684, 5.040330298802594], [-74.26463641319916, 5.0401225267534615], [-74.26461835754894, 5.039996059284672], [-74.26479849081282, 5.0398424413336915], [-74.26492456534605, 5.039706909692488], [-74.26496493604543, 5.039678861838949], [-74.26504165506535, 5.0396255679887165], [-74.26521277565006, 5.039508080069103], [-74.26527578240274, 5.039300292140646], [-74.26532077700065, 5.039119611919039], [-74.26533874722344, 5.038984097837189], [-74.26539273315791, 5.038758244039725], [-74.26549177329129, 5.038550445734564], [-74.26585202604764, 5.038270307625168], [-74.26604648757778, 5.03806769270687], [-74.26608618362454, 5.038026332839928], [-74.26624187295586, 5.03775694731038], [-74.26643585004827, 5.037593199154535], [-74.26657733311991, 5.037551427586733], [-74.26672711816155, 5.037401142941097], [-74.26681031759288, 5.03726757570512], [-74.26694343866966, 5.037083909064774], [-74.26700998828305, 5.0369503362414], [-74.26712649583713, 5.036841797065342], [-74.2673511891356, 5.036724882218752], [-74.26758421818046, 5.036641349200242], [-74.26774237547902, 5.036649653006538], [-74.26790773141023, 5.036552859730651], [-74.2679420989546, 5.03653274231078], [-74.26803956857151, 5.0364295078904115], [-74.26809187446206, 5.036374105257775], [-74.2682416685385, 5.036257210368068], [-74.26838312314185, 5.036098584972853], [-74.26853288167032, 5.035889866113447], [-74.26870761149753, 5.035681152851658], [-74.26878981845108, 5.035571178390301], [-74.26888234500395, 5.035447399124036], [-74.26907373394681, 5.035272053257644], [-74.26934002976145, 5.035071661999023], [-74.26963128235744, 5.03485455370635], [-74.26990591637022, 5.034695892751691], [-74.27006404980436, 5.034670808009228], [-74.27008461260459, 5.03467080046163], [-74.2701639287226, 5.034670777801401], [-74.2703638881068, 5.034649977050607], [-74.27046674351696, 5.03458481326634], [-74.27059474136081, 5.034503695769831], [-74.27069786658556, 5.034446943386698], [-74.27070042630378, 5.034445533231148], [-74.27072999408306, 5.034395018273416], [-74.27079443213854, 5.034345969791731], [-74.27083815644762, 5.034311196102051], [-74.27091999391797, 5.034211490829277], [-74.2709374975834, 5.034188499094249], [-74.27100726566368, 5.0340968683156095], [-74.2709911970019, 5.0340638237135], [-74.27108256042733, 5.03400584834336], [-74.27108953777355, 5.03401982840116], [-74.27117319170132, 5.033972765518924], [-74.2711383142606, 5.0339085799507695], [-74.27126821716655, 5.033915590968464], [-74.27127766043279, 5.033916100028854], [-74.27136142922014, 5.0339091513340195], [-74.27137059458971, 5.033912914606371], [-74.27145034505659, 5.033945664727711], [-74.27160418931831, 5.033951525964228], [-74.27160975365963, 5.033885111629539], [-74.27162053841295, 5.0337563787690085], [-74.27165980364417, 5.033716979354499], [-74.27172236660022, 5.033741308539892], [-74.27182586419111, 5.033729133117587], [-74.27185614026962, 5.033727921255542], [-74.27196439723791, 5.033723592010483], [-74.27197806288346, 5.033723045050836], [-74.27210542573656, 5.0337230450323975], [-74.2721120014914, 5.0337230448513655], [-74.27225811344299, 5.033716958660083], [-74.27229095819337, 5.0337324163624215], [-74.27236160840361, 5.033765661885307], [-74.27236380141687, 5.033768237191137], [-74.27237799314028, 5.033784896726595], [-74.27250163290186, 5.0339300378183225], [-74.2725503367623, 5.033990917249947], [-74.27267818646533, 5.0338630694024395], [-74.27283038608756, 5.0337047816314024], [-74.27295214741063, 5.03354040250824], [-74.27297019428661, 5.0335281569188615], [-74.27297919249337, 5.033522050912231], [-74.27312261051777, 5.0334247331789745], [-74.27331753752848, 5.033331698462223], [-74.2733904824609, 5.033296883793302], [-74.27367053312233, 5.033217739514788], [-74.27401146156524, 5.033181211623236], [-74.27403139424635, 5.033179217345923], [-74.27437674038676, 5.033144682955476], [-74.27468114178325, 5.033138597695022], [-74.2748576956418, 5.03311424313838], [-74.27497336665984, 5.033071629423025], [-74.27505251069447, 5.03301074689091], [-74.27510541899646, 5.032965398690402], [-74.27513774298505, 5.032937692803873], [-74.27521688702842, 5.032791579775046], [-74.27535082445563, 5.032535882089013], [-74.27545718927217, 5.03238298040381], [-74.27564304778015, 5.032115809471643], [-74.27600224102997, 5.031628768857833], [-74.2764892817099, 5.030953001266592], [-74.27653522726149, 5.030890210331897], [-74.27699904310015, 5.031249665358041], [-74.27714752597245, 5.031366535998184]]]], "type": "MultiPolygon"}}, {"type": "Feature", "properties": {"CODIGO": "25777000100000007", "SECTOR_CODIGO": "257770001", "NOMBRE": "SAN MARCOS", "Area_ha": 443.36685220893884, "Perimetro": 12967.468198065859, "Shape_Length": 12960.146311512359, "Shape_Area": 4433668.522089388, "USO_CAMP": "Ganadero", "Descripcion": "70% ganader\u00eda multiprop\u00f3sito y caf\u00e9 30%."}, "geometry": {"coordinates": [[[[-74.25648059374198, 5.026713926291937], [-74.25672149899383, 5.027081022116265], [-74.25694066886447, 5.027464566572316], [-74.257129396732, 5.027616765904984], [-74.25736682885068, 5.0279089897382745], [-74.25742770906581, 5.028170777933997], [-74.25761035034158, 5.028462998721135], [-74.25788431029693, 5.028785664563576], [-74.25814609472715, 5.029059624418759], [-74.25835917472011, 5.0293518512221205], [-74.25862704778459, 5.029528405562691], [-74.2589497134838, 5.0296440770912785], [-74.25926628875784, 5.029796275499011], [-74.25954633933667, 5.029948477368379], [-74.25967353871535, 5.030049361725907], [-74.25972289148926, 5.030088503255895], [-74.25978537448098, 5.030117511795209], [-74.25989335540585, 5.030167644637484], [-74.26016731472546, 5.030131116167849], [-74.26041692441157, 5.030094588551148], [-74.2607091491983, 5.03005197318705], [-74.26075390681602, 5.030046602510789], [-74.26080587010293, 5.030040366464971], [-74.26101354913649, 5.030015445199793], [-74.26110141844526, 5.030017275656339], [-74.26130577551189, 5.030021535307303], [-74.26141231508886, 5.03004284172532], [-74.26151885466858, 5.030064148124135], [-74.26159650919944, 5.030141802049742], [-74.26167105666342, 5.030216349444925], [-74.26180499041286, 5.030429429782105], [-74.26186587099069, 5.030660774841103], [-74.2619027570371, 5.030743846024498], [-74.26193241519987, 5.030820462746098], [-74.26198469202636, 5.03093341427925], [-74.26203677356808, 5.031050833209064], [-74.26206173943598, 5.031209134942862], [-74.26202853484013, 5.031334124035269], [-74.26198704085786, 5.031509115199082], [-74.26199541357346, 5.031725745734666], [-74.26202038940768, 5.031925714665801], [-74.26206197359812, 5.03207568168582], [-74.26210356665817, 5.032233982848503], [-74.26218668847925, 5.032358943753889], [-74.26227812151973, 5.03250889374699], [-74.26234812120663, 5.032569028086893], [-74.26239447376611, 5.032608850125176], [-74.26256066414528, 5.032658794425427], [-74.26275179666648, 5.032767062044646], [-74.26299846065292, 5.032916072053036], [-74.26317144103186, 5.033025573586757], [-74.26333531522056, 5.033125933380965], [-74.26348098789649, 5.03322630039125], [-74.26369040874191, 5.0334270611852565], [-74.26386342312486, 5.033682601605939], [-74.26405946255642, 5.033928200479954], [-74.2640819610647, 5.033956389434993], [-74.2642640937427, 5.034221059547034], [-74.26421865621747, 5.034494922838134], [-74.26413679728779, 5.03473227559114], [-74.26408223479658, 5.034951366131943], [-74.26414599971922, 5.035124781220001], [-74.26431900817083, 5.035289042809883], [-74.26460125380942, 5.035526298057389], [-74.26474693184579, 5.035644925358873], [-74.26506560439417, 5.03594606928333], [-74.26543880868573, 5.0359003224261345], [-74.26565726964037, 5.035900261330628], [-74.26587572310713, 5.035863685882471], [-74.26591655900434, 5.035844902330143], [-74.26609415306827, 5.035763212213299], [-74.26629438985573, 5.035653621788834], [-74.26649461017512, 5.035525769684378], [-74.26666752043405, 5.0353522844030785], [-74.26675850380337, 5.035206206732246], [-74.26687678337461, 5.0350236150333565], [-74.26694955199707, 5.034822767910715], [-74.26706782822379, 5.034631044023409], [-74.26713148924149, 5.0344302119163835], [-74.26731348360205, 5.03420195285923], [-74.26745909551587, 5.034083241383483], [-74.26768663213078, 5.033982771369929], [-74.26788687485703, 5.033927941185257], [-74.26810530685013, 5.033818343932723], [-74.26831463986892, 5.033717872105172], [-74.26857860305937, 5.0336539021439215], [-74.2686353692446, 5.03365607526081], [-74.26881527320495, 5.033662964927816], [-74.26914138038673, 5.03371029296244], [-74.26925297360205, 5.033687562101979], [-74.26935140516201, 5.0336875348781565], [-74.26953791364586, 5.033682286194783], [-74.26968297294984, 5.033687441192799], [-74.26981767701862, 5.033697790924265], [-74.26998345080926, 5.033676963839805], [-74.27012831869563, 5.033618805509446], [-74.27019065594973, 5.033593781906579], [-74.27038751305545, 5.033546968765397], [-74.270485135828, 5.033512384000937], [-74.27056363815801, 5.033484573699928], [-74.27068637165425, 5.033465602952627], [-74.27069833038541, 5.033463754626252], [-74.2708951944968, 5.0334429209424885], [-74.27109205846156, 5.0334480532345545], [-74.27126490096167, 5.033408429248876], [-74.27132664708863, 5.033485611417272], [-74.27140579130868, 5.033583019040133], [-74.27150319878174, 5.033643901192643], [-74.27161278413438, 5.033698693744218], [-74.27165980364417, 5.033716979354499], [-74.27162053841295, 5.0337563787690085], [-74.27160975365963, 5.033885111629539], [-74.27160418931831, 5.033951525964228], [-74.27145034505659, 5.033945664727711], [-74.27137059458971, 5.033912914606371], [-74.27136142922014, 5.0339091513340195], [-74.27127766043279, 5.033916100028854], [-74.27126821716655, 5.033915590968464], [-74.2711383142606, 5.0339085799507695], [-74.27117319170132, 5.033972765518924], [-74.27108953777355, 5.03401982840116], [-74.27108256042733, 5.03400584834336], [-74.2709911970019, 5.0340638237135], [-74.27100726566368, 5.0340968683156095], [-74.2709374975834, 5.034188499094249], [-74.27091999391797, 5.034211490829277], [-74.27083815644762, 5.034311196102051], [-74.27079443213854, 5.034345969791731], [-74.27072999408306, 5.034395018273416], [-74.27070042630378, 5.034445533231148], [-74.27069786658556, 5.034446943386698], [-74.27059474136081, 5.034503695769831], [-74.27046674351696, 5.03458481326634], [-74.2703638881068, 5.034649977050607], [-74.2701639287226, 5.034670777801401], [-74.27008461260459, 5.03467080046163], [-74.27006404980436, 5.034670808009228], [-74.26990591637022, 5.034695892751691], [-74.26963128235744, 5.03485455370635], [-74.26934002976145, 5.035071661999023], [-74.26907373394681, 5.035272053257644], [-74.26888234500395, 5.035447399124036], [-74.26878981845108, 5.035571178390301], [-74.26870761149753, 5.035681152851658], [-74.26853288167032, 5.035889866113447], [-74.26838312314185, 5.036098584972853], [-74.2682416685385, 5.036257210368068], [-74.26809187446206, 5.036374105257775], [-74.26803956857151, 5.0364295078904115], [-74.2679420989546, 5.03653274231078], [-74.26790773141023, 5.036552859730651], [-74.26774237547902, 5.036649653006538], [-74.26758421818046, 5.036641349200242], [-74.2673511891356, 5.036724882218752], [-74.26712649583713, 5.036841797065342], [-74.26700998828305, 5.0369503362414], [-74.26694343866966, 5.037083909064774], [-74.26681031759288, 5.03726757570512], [-74.26672711816155, 5.037401142941097], [-74.26657733311991, 5.037551427586733], [-74.26643585004827, 5.037593199154535], [-74.26624187295586, 5.03775694731038], [-74.26608618362454, 5.038026332839928], [-74.26604648757778, 5.03806769270687], [-74.26585202604764, 5.038270307625168], [-74.26549177329129, 5.038550445734564], [-74.26539273315791, 5.038758244039725], [-74.26533874722344, 5.038984097837189], [-74.26532077700065, 5.039119611919039], [-74.26527578240274, 5.039300292140646], [-74.26521277565006, 5.039508080069103], [-74.26504165506535, 5.0396255679887165], [-74.26496493604543, 5.039678861838949], [-74.26492456534605, 5.039706909692488], [-74.26479849081282, 5.0398424413336915], [-74.26461835754894, 5.039996059284672], [-74.26463641319916, 5.0401225267534615], [-74.2646364694684, 5.040330298802594], [-74.26468156098511, 5.040501920447144], [-74.26470861933906, 5.0406193531089585], [-74.26483127990006, 5.04082577102025], [-74.26493625846986, 5.040930983779982], [-74.26504122877188, 5.041008124963069], [-74.2651321807603, 5.041008099988806], [-74.26529309107389, 5.04097297448686], [-74.26542602359139, 5.04097293924916], [-74.2654820263635, 5.041085183448304], [-74.26551005297596, 5.041204440043645], [-74.26560802993131, 5.041302637759158], [-74.26567102281611, 5.041421895934067], [-74.2656710524374, 5.041527138212789], [-74.26561510305658, 5.041576270356455], [-74.26551716771012, 5.041632424086904], [-74.26535625646486, 5.041681584107362], [-74.26528631743811, 5.041779828209934], [-74.26524436441002, 5.041857011892462], [-74.26519540690164, 5.041927187019175], [-74.2651184519752, 5.0419342232678614], [-74.26503448065044, 5.041906177597532], [-74.26495749909961, 5.0418360476061475], [-74.26495056831145, 5.0420745929586435], [-74.26501356548212, 5.042158766489963], [-74.26507654822844, 5.042242937324557], [-74.26516056212475, 5.0424253335223135], [-74.26518859550379, 5.04260072238463], [-74.26519127096469, 5.042656748108834], [-74.26519563163555, 5.042748060647568], [-74.26527266229196, 5.042979560572384], [-74.26534267370734, 5.04314793325754], [-74.2654406881353, 5.0433864479412565], [-74.26553170532378, 5.04361093998602], [-74.26565071706058, 5.043849452611123], [-74.26576272443147, 5.0440879616449505], [-74.2657837563581, 5.044256347296726], [-74.26581877886296, 5.044389635468693], [-74.26584680312962, 5.044508897420637], [-74.26590282230369, 5.04468428502699], [-74.26597984735145, 5.044922808742035], [-74.26602888700431, 5.04515431773807], [-74.26606393880154, 5.045413906534958], [-74.26611997473677, 5.0456243742166835], [-74.26619000072836, 5.045834838135792], [-74.26628800954771, 5.046052297712738], [-74.2662390723043, 5.0461715884063265], [-74.26619013343951, 5.046311923039528], [-74.26616918570103, 5.046480316273564], [-74.2661202531991, 5.046627667654066], [-74.26609233502363, 5.046866216714016], [-74.2660434230237, 5.047083723864396], [-74.26602446991747, 5.0471788883147015], [-74.26599451399093, 5.047329295325235], [-74.26591759712537, 5.047504725776812], [-74.26582669849167, 5.047701200281288], [-74.26573578864956, 5.047862594639239], [-74.2656588686233, 5.048002937689125], [-74.26556095955166, 5.04815731626174], [-74.2654645046689, 5.0483259860957785], [-74.26542028523052, 5.048612349690221], [-74.26498124217571, 5.048581579733058], [-74.26435349462584, 5.048537582330403], [-74.26434594914896, 5.048537330108698], [-74.2636173643817, 5.048512763604803], [-74.26311204530954, 5.048500392076864], [-74.26280635828888, 5.048462945144595], [-74.26252131274065, 5.048456117248546], [-74.26232814417195, 5.048447362496084], [-74.26216662481079, 5.048498033497309], [-74.26178602243235, 5.04856213600358], [-74.26149634563106, 5.048688104150725], [-74.26129359311574, 5.048852788241675], [-74.2611005067279, 5.049056200017154], [-74.26098216271258, 5.04924784614339], [-74.26091128667743, 5.049262940272642], [-74.26073626201139, 5.049299939371357], [-74.26043228365221, 5.049383162957051], [-74.26014672647418, 5.049466379608752], [-74.2599348647494, 5.049531104532716], [-74.25958942494347, 5.049607956990014], [-74.25951647722388, 5.049530993666332], [-74.25934284129171, 5.049341834256321], [-74.2592069477281, 5.049198078943479], [-74.25912761201403, 5.049105304687525], [-74.25902577100095, 5.048986217051284], [-74.25870367349253, 5.048327842922692], [-74.25864810881659, 5.048203634727704], [-74.25857915519117, 5.048021490555254], [-74.25851015012172, 5.047688586648914], [-74.25840365295794, 5.047625792267119], [-74.25835350370276, 5.047525305699376], [-74.25832842268802, 5.047405963228067], [-74.25830332941784, 5.047292895612656], [-74.25830329574514, 5.047167262335491], [-74.2583032651662, 5.047047913840595], [-74.25831575746656, 5.046897155137939], [-74.2582656186535, 5.046834349208001], [-74.25816537654474, 5.04675900200104], [-74.25805260300923, 5.046677366210422], [-74.25805882952672, 5.046551730744861], [-74.25809011418725, 5.046419815332195], [-74.25809008531508, 5.046313024637982], [-74.25798357576687, 5.0462188279101365], [-74.25792718309232, 5.046168588242926], [-74.25790834844084, 5.0460115583592104], [-74.25792083636246, 5.0458607996503515], [-74.2579145599272, 5.04579797747907], [-74.25788946868124, 5.045684920663015], [-74.25779547171197, 5.045565596670083], [-74.25772654028252, 5.045458827180915], [-74.25763256650309, 5.045396034550827], [-74.25755111151061, 5.04533952326864], [-74.25746338180349, 5.045232762981845], [-74.25743203254652, 5.045107137795106], [-74.25736936711566, 5.045006651760264], [-74.25730044934534, 5.044962694793479], [-74.25718767390308, 5.044887342635203], [-74.25706236152769, 5.0447868728266005], [-74.25696209790922, 5.044642421596258], [-74.25690567471707, 5.044479121629083], [-74.25678662995404, 5.044366076358698], [-74.25665507240012, 5.0443033019346215], [-74.25654229888511, 5.044259353673873], [-74.25646521877542, 5.044135459045223], [-74.25635977835103, 5.044003361962946], [-74.25619635971005, 5.043876559682001], [-74.25610148174292, 5.043829021731435], [-74.256011856404, 5.043749762812264], [-74.2559696622101, 5.043638790976418], [-74.25595908830806, 5.043517229675759], [-74.25589054005665, 5.043406263522764], [-74.2558114600642, 5.043290011010718], [-74.25566909362753, 5.043073352084514], [-74.25554255798016, 5.0428778323109755], [-74.25544238982361, 5.042761586982083], [-74.25532113994589, 5.042650633853513], [-74.25519989303821, 5.042566106510976], [-74.25512608647615, 5.042476274927467], [-74.25503119479758, 5.042375876978576], [-74.25497845922312, 5.042280761317271], [-74.25499423153195, 5.042138056188186], [-74.25495203677659, 5.042005942465424], [-74.25488347786144, 5.041847400419539], [-74.2547118261559, 5.041574131319483], [-74.25459152961201, 5.041333027591233], [-74.25447123627225, 5.041136329091436], [-74.2543636552306, 5.041104636744813], [-74.25427504386326, 5.041060229604594], [-74.25433831231553, 5.040996757378439], [-74.25440157084272, 5.0409078971492], [-74.25439521296227, 5.040812712713977], [-74.25431294876947, 5.04080004667069], [-74.25421170266674, 5.040806410068369], [-74.25414207413421, 5.040768357845121], [-74.25414838213459, 5.040679512484069], [-74.25415468833512, 5.040590668936235], [-74.25406608606632, 5.0405716597038985], [-74.25397116817322, 5.040584371654525], [-74.25393950119296, 5.04050187889792], [-74.25390151957102, 5.0404257401184465], [-74.25380658109977, 5.040362309720463], [-74.25376226583907, 5.040317902111139], [-74.25376855153539, 5.040140217242847], [-74.25375585089054, 5.039956186461059], [-74.2537431667425, 5.039867343324868], [-74.25369251716296, 5.039765824627031], [-74.25359759579166, 5.039765848370398], [-74.25355498597739, 5.0398038456139345], [-74.25354065149604, 5.039816628334686], [-74.25345839580673, 5.039873766317116], [-74.25337612194282, 5.03981033312857], [-74.25335077661258, 5.0396897610137], [-74.25336970493811, 5.039480349968445], [-74.25336964787837, 5.03925189942916], [-74.25336327192294, 5.039086900830213], [-74.25335689650935, 5.038902873194388], [-74.25335052519755, 5.038712501934096], [-74.25335049846174, 5.038610967053959], [-74.25326822148368, 5.038591955404146], [-74.25317961771619, 5.038560243367377], [-74.25310366365134, 5.0384968006329345], [-74.2531163018123, 5.038414305667962], [-74.2531542449916, 5.0383254527211045], [-74.25318586805072, 5.0382556418908], [-74.25319217358252, 5.038154103851984], [-74.25315417603625, 5.038065266910828], [-74.25314150779673, 5.037995468116005], [-74.25313513152088, 5.037836819441094], [-74.25309714358475, 5.037728957053315], [-74.25298320590632, 5.037633791546816], [-74.25295785331325, 5.03748149859065], [-74.25295149096559, 5.037354580619086], [-74.2529704511445, 5.037240355400824], [-74.25288185065459, 5.037227682258439], [-74.25270465109068, 5.037196005887779], [-74.25258440462265, 5.0371389222633445], [-74.25259070583103, 5.037024690647729], [-74.2525716747878, 5.036872403571945], [-74.25251469097788, 5.036732802589292], [-74.25238810455751, 5.036624953213724], [-74.25219820469609, 5.0364282847009685], [-74.25205895716488, 5.03631409697701], [-74.25195135120323, 5.036218931672331], [-74.25185643169478, 5.036212617745481], [-74.25176150707223, 5.036225329242037], [-74.25167924122651, 5.0362063127586865], [-74.25167289058753, 5.036130165351583], [-74.25166654224363, 5.036047667986642], [-74.2516411957426, 5.035927104728177], [-74.25158421167735, 5.035806551640773], [-74.25151457443926, 5.035692339350074], [-74.25146391721225, 5.035571781312808], [-74.25148286694638, 5.035444860717836], [-74.25141957513404, 5.035381413209146], [-74.25130567366335, 5.035419522912118], [-74.25118544115998, 5.035419554092553], [-74.25107152461035, 5.035362464237107], [-74.25095759507289, 5.035299042523189], [-74.25086266204264, 5.035248297758288], [-74.25079302810303, 5.035140433481779], [-74.25076136332288, 5.035051592243069], [-74.25069173672817, 5.034988160428003], [-74.25060313922123, 5.034975483262962], [-74.2505271849526, 5.034912050914286], [-74.25050817572964, 5.03481051980884], [-74.25044487156562, 5.034734388563851], [-74.2503625994425, 5.03468364108925], [-74.2502676621867, 5.034664631516593], [-74.25021073712364, 5.034734449221156], [-74.25011581727387, 5.034778891206802], [-74.25000823995792, 5.034759884157454], [-74.24997657711063, 5.034671042844962], [-74.25000818267478, 5.034531432391639], [-74.25011572910365, 5.034429867238333], [-74.25016632825432, 5.034315625568684], [-74.25014099649239, 5.034252179170881], [-74.25003341139819, 5.034207786767678], [-74.24994482482165, 5.034239532924156], [-74.24978658231748, 5.034093619412648], [-74.24977389026121, 5.033934970837791], [-74.24963464544327, 5.033865205812938], [-74.24949541251044, 5.033782744430288], [-74.24936250263961, 5.033712975317182], [-74.2492675560819, 5.033611464061299], [-74.24915993252637, 5.033433806547397], [-74.24916624524029, 5.033364004601156], [-74.24919153135512, 5.033268810753167], [-74.24915987310516, 5.033192667452197], [-74.24908390953762, 5.033103838644767], [-74.24895735915626, 5.033141952233063], [-74.24883712860039, 5.033154668315716], [-74.24862828174925, 5.033091271543161], [-74.24844475570195, 5.033015165131887], [-74.24821058424472, 5.032913688033177], [-74.24804602974729, 5.032824885911457], [-74.24789411365661, 5.03265993235269], [-74.24815994147329, 5.032221269192008], [-74.2481952205625, 5.032163053914699], [-74.24829509624946, 5.031998243941108], [-74.24818807267327, 5.031875649046408], [-74.24808868508512, 5.031753041301101], [-74.24794345207191, 5.031676438712217], [-74.24771415594341, 5.031607519717476], [-74.24753836719239, 5.031607563276991], [-74.24734730802633, 5.031638264791899], [-74.24716388931101, 5.031668965197503], [-74.2469957435543, 5.031661350134975], [-74.24681994719172, 5.0316000735561195], [-74.246674739255, 5.031600109011886], [-74.24666089874272, 5.031615975129095], [-74.24656776228481, 5.031722764588717], [-74.2465676280062, 5.031723797235429], [-74.24646715560304, 5.031692407985104], [-74.24646567597203, 5.031675394029478], [-74.24646113558983, 5.0316231751970895], [-74.24626444668787, 5.031553663028901], [-74.24612904406439, 5.031451878355047], [-74.24608572928766, 5.031465606681823], [-74.24591471548, 5.031519811726252], [-74.2456440159994, 5.031746138783374], [-74.24545226844032, 5.03189325597309], [-74.24542974996805, 5.032062960275902], [-74.24535076422248, 5.0320177277664335], [-74.24515895146048, 5.031893330010701], [-74.24489944132367, 5.031735011695511], [-74.24469633972672, 5.031587990607999], [-74.24456093561517, 5.031474893592803], [-74.24452473511049, 5.031390250639505], [-74.2444932084105, 5.031316527976826], [-74.24449312829312, 5.03098844690209], [-74.2445832837229, 5.030615091275598], [-74.2446283335248, 5.030298316480099], [-74.24465398687398, 5.030169513627401], [-74.24447399147176, 5.030063400889824], [-74.24437597207294, 5.0299324129681375], [-74.24432148489706, 5.0297359022556565], [-74.24432144457519, 5.029572126810973], [-74.24428872852717, 5.02934286012022], [-74.24424512212664, 5.029091765714402], [-74.24414709131842, 5.028917099728999], [-74.24401641796453, 5.0287970317755235], [-74.2436429494835, 5.028663930056877], [-74.24324225567635, 5.028489336458441], [-74.24296349802192, 5.028314719946689], [-74.24278924472758, 5.028096405153093], [-74.24257146387323, 5.0279217752845495], [-74.24243205330204, 5.027712182362496], [-74.24229263164013, 5.027441454820926], [-74.24204871893126, 5.027301761359808], [-74.24174385331804, 5.0271882958860825], [-74.24156093139136, 5.027118465169292], [-74.24146509472385, 5.027013670350652], [-74.24141277442435, 5.026912542194961], [-74.24134310491166, 5.026777878493598], [-74.24122737025337, 5.026616225939714], [-74.24101757600219, 5.026457176384369], [-74.24086827590851, 5.026362666863195], [-74.24080538490519, 5.026212987448832], [-74.24078177468436, 5.026039649312901], [-74.24071101086496, 5.025850567562151], [-74.24060098219537, 5.025708775471967], [-74.24039668211323, 5.025590640774731], [-74.24009809073856, 5.025464653276163], [-74.23986237881459, 5.025464709681186], [-74.23962668944604, 5.025512032528517], [-74.23935955950165, 5.025527861476503], [-74.23912385876939, 5.025520039383064], [-74.23890384719093, 5.025441301546764], [-74.23873882818953, 5.0253310340674995], [-74.23843237874999, 5.025197164309267], [-74.23827520786763, 5.025055377949596], [-74.23810232266518, 5.024905714193256], [-74.23794515415919, 5.024771806837718], [-74.23779583458122, 5.024637906248158], [-74.23758368356256, 5.024535526417272], [-74.2373558221676, 5.024464665662959], [-74.23714368663796, 5.024480477955124], [-74.2370022781394, 5.024527787469979], [-74.23681371435622, 5.024543585720873], [-74.2366330080291, 5.02455151432407], [-74.2363894215335, 5.024457019395738], [-74.23618513022389, 5.024386160566123], [-74.23622436260284, 5.024141901065479], [-74.23624000799725, 5.023866132653541], [-74.23625566547021, 5.02361400341692], [-74.23624777445742, 5.023480059599188], [-74.23610631391354, 5.023322509798126], [-74.235918950495, 5.023141015920449], [-74.23593280086229, 5.0230296937994625], [-74.23594011858367, 5.022969030177378], [-74.23596049841339, 5.02280009063165], [-74.2360506310193, 5.022542640232308], [-74.23613381546093, 5.0222225753153715], [-74.23615457914033, 5.022020803834408], [-74.2361545077898, 5.021714671538051], [-74.23612671098671, 5.0214920419467415], [-74.23612190444062, 5.021475184391541], [-74.23604338314348, 5.021199849462979], [-74.2360572052176, 5.020963291029338], [-74.2360641107845, 5.020824136379833], [-74.23606408111362, 5.0206919429390044], [-74.2360934996244, 5.0206886579449375], [-74.2362514053505, 5.020671022644759], [-74.23628355049394, 5.020664378328966], [-74.23635654044453, 5.020681760018762], [-74.23651482865489, 5.020700021563763], [-74.23674617486894, 5.020724371586075], [-74.23689064098646, 5.020768340584488], [-74.23702622282143, 5.020809604700216], [-74.23725147864529, 5.0208583092079815], [-74.23739759246124, 5.02085830910302], [-74.2376334162245, 5.020844637227741], [-74.23780206551281, 5.0208348603076685], [-74.23787340796864, 5.020830723923019], [-74.23802408602286, 5.020823876435219], [-74.23843502646338, 5.020782780159266], [-74.23869186471838, 5.020748534186644], [-74.23881514798035, 5.020738262212583], [-74.23897609851225, 5.020758808172057], [-74.23914047598946, 5.020803327872622], [-74.23938134639941, 5.0209079484260135], [-74.23947950221968, 5.020950583267995], [-74.2397431887913, 5.0210635886739095], [-74.23993838581, 5.021145777624322], [-74.24009591382156, 5.021159479430663], [-74.24020767289761, 5.021159477901173], [-74.24029111077077, 5.021159477692519], [-74.2404452144438, 5.021128655513756], [-74.24045008436853, 5.021126480134414], [-74.24063698605289, 5.021043043100408], [-74.24081859037817, 5.020922320584588], [-74.24101340812753, 5.020792443343933], [-74.24122987143174, 5.020684209662527], [-74.24135906807562, 5.020617218606439], [-74.24143587648419, 5.020577393753037], [-74.24152209438282, 5.020532687624915], [-74.24185761256031, 5.020511038733966], [-74.24222559763571, 5.020565153943707], [-74.24258725293697, 5.020575202111623], [-74.24261523089487, 5.0205759794706895], [-74.24264258765959, 5.0205750967745], [-74.24295074866235, 5.020565154297759], [-74.24302445937944, 5.020574369702207], [-74.24312391866994, 5.020586804246047], [-74.24340531996266, 5.020673386359608], [-74.24377330711286, 5.020835734316749], [-74.24405748533754, 5.020977821958596], [-74.24414129392572, 5.021019726944217], [-74.24448763386927, 5.021073844016851], [-74.24490973555493, 5.021236192077584], [-74.24532101531129, 5.021550060376689], [-74.24562406293869, 5.0218422837039896], [-74.2460028732027, 5.02208039376077], [-74.24641415133911, 5.022188626378035], [-74.24679296156238, 5.02229685830682], [-74.24690745321882, 5.022314747530819], [-74.24713930298068, 5.022350974650707], [-74.24755058233323, 5.022340148683201], [-74.24782116000124, 5.022318502169661], [-74.24809173913265, 5.022199448111551], [-74.24842725546968, 5.022166980483229], [-74.24870865673196, 5.022253564488375], [-74.24897923629044, 5.022340149161071], [-74.24923899081539, 5.022340148666281], [-74.24948792356597, 5.022340148884164], [-74.24967191683383, 5.022405089477775], [-74.24987755578066, 5.022513319015844], [-74.25007237239976, 5.022599904426361], [-74.25026718945774, 5.02257825907119], [-74.25057023714604, 5.02258908436299], [-74.25090575408429, 5.022643199430783], [-74.25125209458461, 5.022697311652329], [-74.25151184927996, 5.022762252040439], [-74.25186901307022, 5.022848838482939], [-74.252366877736, 5.023032828843351], [-74.25271321768696, 5.02317353047264], [-74.25308120495455, 5.023422461595252], [-74.25335178329776, 5.0237796282915905], [-74.25360071481221, 5.024136790255101], [-74.25386047064018, 5.024418191490773], [-74.25424367712932, 5.02472496127056], [-74.25436543820133, 5.024889336267238], [-74.2547124539755, 5.025090240243953], [-74.25494360832819, 5.025253975729474], [-74.25499594481693, 5.025291046363583], [-74.25515079136535, 5.0254007296488945], [-74.25555245695452, 5.0258023953256625], [-74.25563174655676, 5.025881684828878], [-74.25614922730891, 5.026344369791708], [-74.25645843041927, 5.026683307773853], [-74.25645968901837, 5.026684686990244], [-74.25646580299289, 5.0266913888834335], [-74.25646822453088, 5.026695078548028], [-74.25647208940207, 5.026700968638684], [-74.25647990872542, 5.0267128825588], [-74.25648059374198, 5.026713926291937]]]], "type": "MultiPolygon"}}, {"type": "Feature", "properties": {"CODIGO": "25777000100000009", "SECTOR_CODIGO": "257770001", "NOMBRE": "EL PARAISO", "Area_ha": 510.2800414653715, "Perimetro": 18748.19094342693, "Shape_Length": 18737.495018805697, "Shape_Area": 5102800.414653715, "USO_CAMP": "Agricola", "Descripcion": "50% Caf\u00e9, 30% pl\u00e1tano y 20% frutales."}, "geometry": {"coordinates": [[[[-74.23606408111362, 5.0206919429390044], [-74.2360641107845, 5.020824136379833], [-74.2360572052176, 5.020963291029338], [-74.23604338314348, 5.021199849462979], [-74.23612190444062, 5.021475184391541], [-74.23612671098671, 5.0214920419467415], [-74.2361545077898, 5.021714671538051], [-74.23615457914033, 5.022020803834408], [-74.23613381546093, 5.0222225753153715], [-74.2360506310193, 5.022542640232308], [-74.23596049841339, 5.02280009063165], [-74.23594011858367, 5.022969030177378], [-74.23593280086229, 5.0230296937994625], [-74.235918950495, 5.023141015920449], [-74.23584960987017, 5.0233080196204885], [-74.23576641735693, 5.023551551685047], [-74.23580116183405, 5.023788099564775], [-74.23583588354323, 5.023955064477244], [-74.23584980901951, 5.024163789810363], [-74.23576659220706, 5.024302963273024], [-74.23560702847996, 5.02434474137759], [-74.23548214062608, 5.024330851964897], [-74.23540581016887, 5.024275213770105], [-74.23539197527738, 5.0244561098381295], [-74.2354128501763, 5.024734410485809], [-74.23541288357269, 5.024880520900037], [-74.23534352393025, 5.024957064835302], [-74.2352394463799, 5.0249362159582045], [-74.23515617958249, 5.024859706840707], [-74.23506598944016, 5.024873636259869], [-74.23505906841706, 5.024984962471417], [-74.23514929873251, 5.025138005792192], [-74.23511466252674, 5.025367615811191], [-74.23505921773072, 5.02563200562984], [-74.23504540189568, 5.025854657098011], [-74.2350566473385, 5.0258984695800715], [-74.2351078963219, 5.026098148503353], [-74.23511819382063, 5.026364875801462], [-74.23511106338513, 5.026483312446077], [-74.23516835933167, 5.026626856005718], [-74.23515408014887, 5.026774006029091], [-74.23514339057913, 5.02697498847848], [-74.23500032394954, 5.027337505058734], [-74.23490735071343, 5.02765694258379], [-74.23484660524129, 5.028051739947565], [-74.23475717180683, 5.0282132642039885], [-74.23471785340477, 5.028417841453394], [-74.2345892640098, 5.028464529225907], [-74.23448905892917, 5.028478908351162], [-74.23444618215345, 5.02876603414215], [-74.23439972692091, 5.029060337378413], [-74.23434970890642, 5.029422832456192], [-74.234317540115, 5.029591520243372], [-74.23415653357415, 5.029771004940119], [-74.23404202389928, 5.029832045338348], [-74.23409578058887, 5.0301370916785935], [-74.23417815505219, 5.0303918855247804], [-74.23408908462136, 5.03078079559792], [-74.2340040060936, 5.0309030516755815], [-74.23393248995941, 5.0311614721922595], [-74.23389917437451, 5.0315251580799325], [-74.23388493940385, 5.0318601296926735], [-74.23388026223334, 5.032257304652433], [-74.23385168928817, 5.0325013595081405], [-74.23380414875223, 5.033252653744307], [-74.23386624811437, 5.03352061302328], [-74.23397128008666, 5.033735923844233], [-74.23412886827411, 5.034223980302928], [-74.23421959295004, 5.034472790896568], [-74.23424351159808, 5.0347216177443554], [-74.2342865226591, 5.034989582324663], [-74.23435811905286, 5.035066127849743], [-74.23447266337888, 5.035147449863098], [-74.23458718059295, 5.035118711073178], [-74.23437980135937, 5.035937036656298], [-74.23419126106013, 5.036512043405476], [-74.2345014012265, 5.0368364149838065], [-74.23469018742294, 5.037106751250593], [-74.2349329290449, 5.037485203612642], [-74.23520260884018, 5.0377690343031745], [-74.23544533889769, 5.038079898490941], [-74.2356610884782, 5.038323185206272], [-74.23580943976135, 5.038607034227278], [-74.23582300897873, 5.0389855503770224], [-74.23580964469042, 5.039485738375524], [-74.23582111525643, 5.039828413358148], [-74.23582322002108, 5.039891285840138], [-74.23585870708605, 5.040077904298758], [-74.23587720294677, 5.04017516749278], [-74.23609296822526, 5.040472521011194], [-74.236308724999, 5.0407428376596455], [-74.23648403004061, 5.040959093360102], [-74.23672674257757, 5.041242918971686], [-74.23680770806217, 5.0415538346979405], [-74.23684821682716, 5.041837710086557], [-74.23703701992932, 5.042135070003722], [-74.237239302686, 5.0424729823648535], [-74.23732028386627, 5.042851484793266], [-74.23752258397433, 5.043216434590747], [-74.23772487644317, 5.043554348438033], [-74.23784892755641, 5.043673282475597], [-74.23797837545906, 5.043824656442423], [-74.23804313336439, 5.044008490773856], [-74.2379676721457, 5.044170732870115], [-74.23774124101648, 5.04437626568236], [-74.23756873856517, 5.044570977297062], [-74.2375729960303, 5.044617879270773], [-74.23759035808382, 5.044808891345572], [-74.23756884958877, 5.045046825118008], [-74.23738554387123, 5.045198271916548], [-74.23720224231441, 5.045360537538142], [-74.23716669817269, 5.045449701379144], [-74.23713757048542, 5.0455227771666715], [-74.2371483915962, 5.045674179015077], [-74.23709561055627, 5.045741300031639], [-74.23709438117017, 5.04574487186499], [-74.23709430219989, 5.045745100028563], [-74.23709376829284, 5.045746663659488], [-74.23709302453702, 5.045748908110346], [-74.23709256789503, 5.045750296060175], [-74.23709199194163, 5.045752050686982], [-74.23709177667051, 5.045752726993163], [-74.2370908241379, 5.045755741838515], [-74.23709056582216, 5.045756558472872], [-74.2370902833055, 5.04575746020586], [-74.23708939379313, 5.045760400736415], [-74.2370891489947, 5.0457612082968835], [-74.23708864418393, 5.0457628894982545], [-74.23708824885013, 5.045764251996515], [-74.2370875433695, 5.045766696338405], [-74.23708713641037, 5.045768114052479], [-74.23708707096942, 5.04576833947585], [-74.23708606729971, 5.045771985978877], [-74.23708600726054, 5.045772205058253], [-74.23708556907576, 5.045773810128334], [-74.23708502798542, 5.045775868706295], [-74.23708454156501, 5.045777731740283], [-74.23708413398462, 5.045779297845066], [-74.23708401935949, 5.045779756804158], [-74.23708314538231, 5.04578327729102], [-74.23708305135918, 5.045783656587227], [-74.23708276840634, 5.045784804430488], [-74.23708211856561, 5.045787565351388], [-74.23708181961133, 5.045788839899112], [-74.23708147323633, 5.0457903262636785], [-74.23708121465923, 5.045791481299032], [-74.23708056425205, 5.045794419564575], [-74.23708034685842, 5.045795404416431], [-74.23708024577115, 5.045795865159381], [-74.23707952058042, 5.045799336502904], [-74.23707938020337, 5.045800014476072], [-74.23707908871255, 5.045801418398008], [-74.23707872409021, 5.045803274866319], [-74.23707826565895, 5.045805623732215], [-74.23707800115821, 5.045806985981297], [-74.23707795919238, 5.045807219503289], [-74.23707723581735, 5.045811173109301], [-74.23707722242342, 5.04581124732958], [-74.23707698491445, 5.04581256881062], [-74.23707654854276, 5.045815131170637], [-74.23707625229449, 5.045816881645464], [-74.23707603636011, 5.045818160559152], [-74.23707589015196, 5.0458190946058386], [-74.23707535166814, 5.0458225294012], [-74.23707526876905, 5.045823065209075], [-74.23707516091751, 5.0458237657406615], [-74.23707468800147, 5.045827042068662], [-74.23707452414841, 5.0458281878754825], [-74.23707435407007, 5.045829381649296], [-74.23707413792059, 5.045831023393869], [-74.23707376793242, 5.045833857976528], [-74.23707361761893, 5.045835006472], [-74.23707314515785, 5.0458389994119575], [-74.237073082111, 5.045839536086835], [-74.23707295337209, 5.045840642014954], [-74.23707270247087, 5.045842991390393], [-74.23707246939107, 5.0458452222012475], [-74.23707235861242, 5.045846282854443], [-74.23707229227855, 5.045846989640644], [-74.23707192796803, 5.0458509163231975], [-74.2370719208919, 5.045850991436257], [-74.23707183605366, 5.0458519326045606], [-74.23707158831085, 5.045854996777195], [-74.23707145964134, 5.045856615734808], [-74.23707138388606, 5.045857588554322], [-74.23707128641135, 5.045859003869341], [-74.23707106350871, 5.045862320437812], [-74.23707101699796, 5.045863012709239], [-74.23707100210619, 5.045863248894105], [-74.2370707927063, 5.045867025082467], [-74.23707073957183, 5.045868031337018], [-74.23707069161638, 5.04586891362217], [-74.23707059999845, 5.0458710392051485], [-74.23707048692158, 5.04587374481489], [-74.2370704533172, 5.045874581831995], [-74.23707043797214, 5.045875055079037], [-74.23707031835549, 5.045879071776965], [-74.23707030736425, 5.0458794617728016], [-74.23707028540234, 5.0458802526222195], [-74.23707023393187, 5.045883090217489], [-74.23707019999242, 5.045885179498041], [-74.23707018787178, 5.045885925992812], [-74.23707018108695, 5.045887107693058], [-74.23707016480778, 5.045890898895435], [-74.23707016433733, 5.045891126909503], [-74.23707016342902, 5.045891600129033], [-74.23707018819111, 5.045895146048615], [-74.23707020361323, 5.045896619056704], [-74.23707020936203, 5.045897272321588], [-74.23707024452413, 5.04589916331624], [-74.23707031189042, 5.045902336371234], [-74.23707032477363, 5.0459029452866275], [-74.2370703324393, 5.0459031814285265], [-74.2370704645653, 5.045907198551798], [-74.23707049415601, 5.045908053544825], [-74.2370705141702, 5.045908616301126], [-74.2370706300729, 5.045911213801845], [-74.23707074860023, 5.045913767866508], [-74.23707077303679, 5.045914283564044], [-74.23707082625516, 5.04591522718386], [-74.2370710612345, 5.045919239587151], [-74.23707107431565, 5.045919476623552], [-74.23707110408031, 5.045919947070239], [-74.23707133590977, 5.045923249200415], [-74.23707147492006, 5.045925184333162], [-74.23707150639848, 5.045925606821415], [-74.23707164216032, 5.045927256039084], [-74.23707194588651, 5.045930882860598], [-74.23707197818155, 5.045931260106595], [-74.2370716904884, 5.045932763550883], [-74.23707157166538, 5.045933388098972], [-74.23707140729475, 5.045934260652895], [-74.23707119403129, 5.045935520560404], [-74.23707115032428, 5.045935787563813], [-74.23707090500825, 5.045937274640728], [-74.23707084889188, 5.045937659293634], [-74.2370706823662, 5.045938823201818], [-74.23707054436441, 5.045939802473594], [-74.23707047492779, 5.045940300253633], [-74.23707028571015, 5.045941869561787], [-74.23707027594256, 5.045941952823306], [-74.23707011524023, 5.045943332970988], [-74.23707004001024, 5.045944106730387], [-74.2370699630579, 5.045944923924139], [-74.23706983656234, 5.0459462614804105], [-74.237069826853, 5.045946375505481], [-74.23706970989625, 5.045947985392658], [-74.23706967823787, 5.045948420668555], [-74.23706961155868, 5.045949421520026], [-74.23706955240294, 5.045950583414088], [-74.23706953073496, 5.045951053053923], [-74.23706946394867, 5.045952473739367], [-74.23706945724784, 5.045952747006016], [-74.23706942285857, 5.045954122389042], [-74.23706940450414, 5.045954912326775], [-74.23706939123274, 5.045955527625687], [-74.23706938695175, 5.045957078485321], [-74.2370693871694, 5.045957193396313], [-74.23706938889943, 5.045958583187581], [-74.23706940097975, 5.045959244583718], [-74.2370694236657, 5.045960265170895], [-74.23706945109792, 5.045961409708582], [-74.23706945694357, 5.0459616377106205], [-74.23706953324466, 5.0459633349966735], [-74.23706954452466, 5.045963573846129], [-74.23706959807038, 5.04596469028482], [-74.23706966862608, 5.045965736115626], [-74.23706971500225, 5.0459664019705235], [-74.23706981047009, 5.045967738199226], [-74.23706982430274, 5.045967895610532], [-74.23706996893165, 5.0459694624732085], [-74.23707002419027, 5.0459700541164345], [-74.23707009414102, 5.045970780548977], [-74.23707025835482, 5.045972207128158], [-74.23707029413394, 5.045972518316097], [-74.23707044727169, 5.045973813718305], [-74.23707052138431, 5.045974355560841], [-74.23707069150117, 5.045975564068564], [-74.23707082501032, 5.045976500296935], [-74.23707087347302, 5.045976838605129], [-74.23707116377794, 5.045978619631311], [-74.23707137003296, 5.045979852500177], [-74.23707154140774, 5.045980772369784], [-74.23707170182472, 5.045981623494385], [-74.23707193877671, 5.045982866257739], [-74.23707231296787, 5.04598463264711], [-74.23707239580868, 5.045985018844981], [-74.2370725742219, 5.045985843695686], [-74.23707287712557, 5.045987130669328], [-74.23707299626909, 5.045987628090193], [-74.2370732809366, 5.045988814664198], [-74.23707338820456, 5.045989235198472], [-74.23707374901466, 5.045990606209532], [-74.23707393896407, 5.045991328794268], [-74.23707405709733, 5.045991769213776], [-74.23707452669892, 5.045993412366684], [-74.23707457120112, 5.045993565195528], [-74.23707490179666, 5.045994704631712], [-74.23707514509816, 5.04599548864219], [-74.23707546463137, 5.0459965041398975], [-74.23707579415496, 5.045997554001522], [-74.23707581503119, 5.045997619108387], [-74.23707642479222, 5.0459994221464415], [-74.23707648649632, 5.045999605706201], [-74.23707679770149, 5.046000511737252], [-74.23707720949523, 5.046001646494718], [-74.23707745528428, 5.046002314684238], [-74.23707784619322, 5.046003379810791], [-74.23707796225283, 5.046003678178411], [-74.23707855069375, 5.046005181763582], [-74.23707875197374, 5.046005693505037], [-74.23707896231099, 5.046006223325512], [-74.23707957866316, 5.0460076951890445], [-74.23707971553044, 5.046008022471086], [-74.23708014514393, 5.04600903775912], [-74.23708043149522, 5.046009684155861], [-74.23708094798802, 5.046010835905362], [-74.23708131678427, 5.046011659488634], [-74.23708139199029, 5.046011825831202], [-74.23708224264585, 5.046013618457466], [-74.23708270554665, 5.046014582107708], [-74.2370831973501, 5.046015561084715], [-74.23708360672404, 5.046016371018491], [-74.23708408310961, 5.046017308403431], [-74.23708417909758, 5.046017490088249], [-74.2370850329939, 5.0460190881732965], [-74.23708519960614, 5.046019399112038], [-74.23708552286595, 5.046020000197744], [-74.23708625076026, 5.046021290885984], [-74.2370865241692, 5.046021773535981], [-74.23708702752258, 5.046022657485506], [-74.23708732714957, 5.046023167230012], [-74.23708807843506, 5.046024421681106], [-74.23708843869419, 5.046025025410791], [-74.23708859076173, 5.046025279373937], [-74.23708958358098, 5.0460268609077294], [-74.23708969218058, 5.046027031710754], [-74.23709021798857, 5.046027861328665], [-74.23709075550586, 5.0460286800664855], [-74.23709136901321, 5.046029602713207], [-74.2370919028939, 5.046030406980952], [-74.23709195446709, 5.046030481982286], [-74.2370931035175, 5.046032133794], [-74.23709319127512, 5.046032257586381], [-74.23709364907835, 5.046032911799861], [-74.23709445421721, 5.046034015949237], [-74.23709490019974, 5.046034622230078], [-74.23709545202699, 5.046035373984402], [-74.2370957432865, 5.0460357534515845], [-74.2370967527439, 5.046037068033487], [-74.23709706209051, 5.046037469181755], [-74.23709731264039, 5.046037792628009], [-74.2370984115229, 5.0460391586139846], [-74.2370986638534, 5.046039469389435], [-74.23709923001458, 5.046040166827611], [-74.23709978708764, 5.046040829900149], [-74.23710062991736, 5.046041825400006], [-74.2371011978283, 5.04604249388079], [-74.23710263555904, 5.046044116188556], [-74.23710322691942, 5.04604477919578], [-74.23710407952873, 5.046045697767813], [-74.23710472689154, 5.0460463923368595], [-74.2371053055375, 5.046047011937228], [-74.23710556048235, 5.04604727384773], [-74.23710685509485, 5.0460486032683], [-74.23710706935577, 5.046048822730049], [-74.23710743729859, 5.04604919571746], [-74.23710860705302, 5.0460503453178305], [-74.23710903372572, 5.046050760719651], [-74.23710961768948, 5.046051329640292], [-74.23711016636085, 5.046051844339297], [-74.23711126369156, 5.046052867403623], [-74.23711174817983, 5.046053318887892], [-74.23711184850966, 5.046053410987829], [-74.2371133588072, 5.04605475899866], [-74.23711354318436, 5.046054921514029], [-74.23711412614816, 5.046055438862151], [-74.23711499375722, 5.04605617825239], [-74.23711587039439, 5.046056920339853], [-74.23711645150733, 5.046057413261521], [-74.23711664580118, 5.04605757123392], [-74.23711824171075, 5.046058862983201], [-74.23711832575465, 5.046058931588996], [-74.23711882277912, 5.046059332379771], [-74.23712003002046, 5.046060265658124], [-74.23712066074262, 5.046060749437152], [-74.23712123905612, 5.0460611935041815], [-74.23712175047622, 5.046061572552015], [-74.23712312117048, 5.046062577904151], [-74.23712349524087, 5.046062851350337], [-74.23712369763653, 5.046062999354347], [-74.23712526339841, 5.0460640948163356], [-74.23712562569953, 5.046064347474214], [-74.23712619760956, 5.046064745407906], [-74.23712704865335, 5.046065313819806], [-74.23712816981654, 5.046066057251127], [-74.23712873626995, 5.04606643257486], [-74.23712885100052, 5.046066505646266], [-74.23713067944234, 5.046067659420837], [-74.23713075442558, 5.046067708137978], [-74.2371313154189, 5.046068059042118], [-74.23713252587869, 5.046068786016697], [-74.23713337771, 5.046069293804522], [-74.23713393234783, 5.046069623910041], [-74.23713438579468, 5.046069883632821], [-74.23713603787549, 5.046070819683069], [-74.2371362673075, 5.046070950444119], [-74.2371365843515, 5.046071128088613], [-74.2371381667926, 5.046071978314171], [-74.2371387313026, 5.046072280351639], [-74.23713927052081, 5.046072567960263], [-74.23714008247107, 5.046072980818567], [-74.23714145979932, 5.046073677616395], [-74.23714199447352, 5.046073948042213], [-74.23714396146467, 5.046074888016686], [-74.23714422065709, 5.046075010577699], [-74.23714474175226, 5.046075257504203], [-74.23714592387236, 5.046075789997684], [-74.23714700935926, 5.046076276529701], [-74.23714752320176, 5.0460765053737475], [-74.23714789976312, 5.046076664808579], [-74.23714982951671, 5.0460774763703515], [-74.23714989182494, 5.046077502491284], [-74.23715033339968, 5.046077687137063], [-74.23715189825839, 5.046078305763657], [-74.2371526793249, 5.046078610103071], [-74.23715316963568, 5.046078800989723], [-74.23715391636173, 5.046079077345303], [-74.23715555246253, 5.046079675025463], [-74.23715594613839, 5.046079819045842], [-74.23715603101262, 5.0460798496478505], [-74.23715799026782, 5.046080516383147], [-74.23715844983367, 5.046080672040613], [-74.23715891752362, 5.046080829492232], [-74.23716004336882, 5.046081186558927], [-74.23716137053428, 5.046081600245439], [-74.23716182466063, 5.046081742341042], [-74.23716210813797, 5.046081824139169], [-74.23716418366098, 5.046082422791896], [-74.23716431185748, 5.046082459645091], [-74.2371647533174, 5.046082583668548], [-74.23716626994303, 5.046082985231566], [-74.23716727109124, 5.046083247530298], [-74.23716769989328, 5.046083358005642], [-74.23716836428919, 5.046083517797001], [-74.23717025004527, 5.04608396661205], [-74.2371704657903, 5.046084016870684], [-74.23717066438313, 5.046084062637927], [-74.23717257713443, 5.04608447249452], [-74.23717324510355, 5.046084613277986], [-74.23717364498066, 5.046084696663996], [-74.23717469473465, 5.04608489643796], [-74.2371762544666, 5.0460851902459725], [-74.23717663988468, 5.046085261896942], [-74.23717681859611, 5.046085291415392], [-74.23717894959196, 5.046085642043344], [-74.23717927632471, 5.046085694805], [-74.23717964637974, 5.046085753817838], [-74.23718108773936, 5.0460859573699075], [-74.23718230887499, 5.046086127863332], [-74.23718266447442, 5.046086176950748], [-74.23718322763648, 5.046086243739078], [-74.23718536746163, 5.046086492106196], [-74.23718569055264, 5.046086527683311], [-74.2371875252556, 5.04608669972243], [-74.23718840063484, 5.046086777678608], [-74.23718872551842, 5.046086806918619], [-74.23718967667178, 5.046086874777499], [-74.23719145714092, 5.046086996250307], [-74.23719176395971, 5.046087015571773], [-74.23719183163887, 5.046087019062121], [-74.23719399012775, 5.0460871171945], [-74.23719451801624, 5.046087139714123], [-74.23719480767939, 5.046087152734563], [-74.23719614855491, 5.046087182753686], [-74.23719757966016, 5.046087212600929], [-74.23719785396712, 5.0460872166024915], [-74.23719830872669, 5.046087216641048], [-74.23720046882818, 5.046087213431156], [-74.23720064296985, 5.046087212194625], [-74.23720090102346, 5.046087209893443], [-74.23720262794683, 5.046087167696869], [-74.237203707043, 5.0460871384969], [-74.23720394523578, 5.046087130804657], [-74.23720478700889, 5.046087092103818], [-74.23720676646924, 5.0460869933277], [-74.23720697848853, 5.046086982066061], [-74.23720909860442, 5.0460868287331655], [-74.23720982124345, 5.046086773972598], [-74.2372100278404, 5.046086758197206], [-74.23721125023901, 5.046086642766922], [-74.23721287227477, 5.046086484049096], [-74.23721306082062, 5.046086465593651], [-74.23721340000901, 5.046086425135714], [-74.23721554338579, 5.046086166800061], [-74.23721591504658, 5.046086120851375], [-74.23721608554135, 5.046086099715878], [-74.2372176830814, 5.046085870469203], [-74.2372189477577, 5.0460856861924945], [-74.2372191011071, 5.046085664184845], [-74.23721981730664, 5.046085544289909], [-74.23722195417535, 5.046085184627439], [-74.23722210661218, 5.046085157192634], [-74.23722407020553, 5.046084779763946], [-74.23722497848813, 5.0460846034046405], [-74.23722509754509, 5.046084578747859], [-74.23722618527685, 5.0460843450434245], [-74.23722797109191, 5.046083954381171], [-74.23722807481496, 5.046083932468052], [-74.23722829487438, 5.046083878664817], [-74.23723039537009, 5.046083370682109], [-74.23723095002755, 5.046083234808226], [-74.23723103570636, 5.046083213834294], [-74.23723248587368, 5.046082827430659], [-74.23723390988123, 5.04608244469612], [-74.23723398022442, 5.046082425561027], [-74.23723456910405, 5.04608225523902], [-74.23723664234227, 5.046081647778652], [-74.23723685245926, 5.046081584946227], [-74.23723690386109, 5.046081569466462], [-74.23723870377178, 5.0460809987193285], [-74.23723980210485, 5.046080645559217], [-74.23724075431717, 5.046080319821864], [-74.23724268758447, 5.04607965200557], [-74.23724279578472, 5.046079611987637], [-74.23724482273497, 5.0460788616548], [-74.23724554676718, 5.046078589736154], [-74.23724683608901, 5.046078078774538], [-74.23724837875756, 5.046077462371884], [-74.23724883766008, 5.046077267867494], [-74.2372508256281, 5.046076420793786], [-74.23725118445104, 5.046076266291844], [-74.23725279908737, 5.046075535745517], [-74.23725396204986, 5.046075005118706], [-74.23725475715617, 5.046074623582153], [-74.23725670344194, 5.046073683391971], [-74.23725914006386, 5.046074376361991], [-74.23725927457814, 5.0460744141079426], [-74.23726013403478, 5.046074660389781], [-74.23726157042623, 5.046075099202807], [-74.23726272423922, 5.0460754544064095], [-74.23726354400507, 5.046075706192727], [-74.2372639900159, 5.04607585101817], [-74.23726615417661, 5.046076561698659], [-74.23726639885516, 5.0460766435706335], [-74.2372669333511, 5.046076819896001], [-74.23726879422335, 5.046077469626882], [-74.2372695598874, 5.046077740517366], [-74.23727030026824, 5.046078001503042], [-74.23727117972459, 5.046078326465593], [-74.23727294226529, 5.046078986336731], [-74.23727355445823, 5.046079214993294], [-74.23727364204449, 5.046079248304562], [-74.2372759130311, 5.046080146078033], [-74.23727629770285, 5.046080300068457], [-74.23727695868496, 5.0460805630150025], [-74.23727825812263, 5.04608110523768], [-74.23727962529775, 5.04608168171426], [-74.23728024838339, 5.046081944732994], [-74.23728059334721, 5.046082095179809], [-74.23728291511101, 5.04608312405456], [-74.23728351113459, 5.04608339074411], [-74.23728521347167, 5.0460841828327485], [-74.23728619695275, 5.046084645128853], [-74.23728674423171, 5.046084901053489], [-74.23728750286935, 5.046085273296493], [-74.23728943830254, 5.046086225093178], [-74.23728977698113, 5.046086391838586], [-74.23728994587013, 5.046086475664572], [-74.23729203222523, 5.046087552942888], [-74.23729264458787, 5.046087871175701], [-74.23729311514928, 5.046088115483899], [-74.23729427127769, 5.046088740317621], [-74.2372958185105, 5.046089580656851], [-74.2372962520623, 5.046089816892222], [-74.23729649775115, 5.046089955765548], [-74.23729870173915, 5.046091209258496], [-74.23729895646467, 5.0460913553531075], [-74.23729935390573, 5.046091581704311], [-74.2373008877395, 5.046092493549377], [-74.23730205753951, 5.046093190742158], [-74.23730242067612, 5.046093408110568], [-74.23730305935281, 5.046093804107255], [-74.23730512444878, 5.04609509043807], [-74.23730521117389, 5.046095145466522], [-74.2373054505655, 5.046095294304796], [-74.23730734140838, 5.046096523059456], [-74.23730814906493, 5.046097050837075], [-74.23730844267666, 5.046097243003142], [-74.23730945364665, 5.046097926926277], [-74.23731113680347, 5.046099072833684], [-74.23731139429417, 5.046099249686715], [-74.23731154788871, 5.046099357066971], [-74.237313617839, 5.046100824351333], [-74.23731408134319, 5.04610115372547], [-74.23731430541804, 5.0461013143555], [-74.2373156670862, 5.046102317914723], [-74.23731698268406, 5.046103293512452], [-74.23731717604824, 5.046103437009531], [-74.23731769833715, 5.046103837751985], [-74.23731970708555, 5.046105386586175], [-74.2373198417284, 5.04610549219291], [-74.23732000437846, 5.046105616747401], [-74.23732168882844, 5.04610696894992], [-74.23732265576588, 5.046107747962383], [-74.23732278679954, 5.046107853576008], [-74.23732365256998, 5.04610857487311], [-74.23732542479651, 5.046110060820871], [-74.23732552601152, 5.046110143870938], [-74.23732559741129, 5.046110206167099], [-74.23732750983501, 5.046111871905765], [-74.23732814610825, 5.046112428059084], [-74.23732821660744, 5.046112491261759], [-74.23732940155222, 5.0461135621138595], [-74.23733081879881, 5.046114849678766], [-74.23733086308509, 5.046114888501403], [-74.23733127346173, 5.046115274980029], [-74.23733311925949, 5.046117016849986], [-74.23733345823123, 5.046117338318019], [-74.2373349353363, 5.046118787730592], [-74.23733600927282, 5.0461198452219325], [-74.23733673160544, 5.046120581269306], [-74.23733850536001, 5.046122397471235], [-74.23734024398499, 5.04612424540859], [-74.23734095101283, 5.046124999581381], [-74.23734100888157, 5.046125063712926], [-74.23734196099426, 5.046126114197822], [-74.23734334532558, 5.046127649744452], [-74.23734342761121, 5.046127742783549], [-74.23734365278035, 5.046128004750651], [-74.23734531664324, 5.046129920691472], [-74.23734568559136, 5.046130347965638], [-74.23734578868641, 5.046130470823939], [-74.23734695078177, 5.046131863833324], [-74.23734797270907, 5.046133092433572], [-74.23734809571292, 5.046133246017619], [-74.23734856149656, 5.04613382602089], [-74.23735014608418, 5.0461358090689465], [-74.23735020487236, 5.0461358822468805], [-74.23735034598214, 5.046136067464941], [-74.23735169463475, 5.0461378211397045], [-74.23735238027663, 5.046138717409039], [-74.23735253858494, 5.046138931548367], [-74.2373532188576, 5.046139851353089], [-74.23735449891335, 5.046141593395949], [-74.23735467623503, 5.0461418418819965], [-74.23735471785042, 5.046141899710817], [-74.23735618260223, 5.046143972563743], [-74.23735656168822, 5.046144512015526], [-74.23735675170549, 5.046144793955517], [-74.2373576167188, 5.046146068095376], [-74.237358563184, 5.046147471468486], [-74.23735876950607, 5.046147786855526], [-74.23735902560362, 5.046148180866563], [-74.2373604065498, 5.0461503108824255], [-74.2373605079071, 5.046150469031787], [-74.23736072602759, 5.046150820588902], [-74.2373617496475, 5.046152466305174], [-74.23736239044882, 5.046153507430159], [-74.23736262126663, 5.046153893346025], [-74.23736306389912, 5.0461546362599075], [-74.23736421440468, 5.046156579418263], [-74.23736435382303, 5.0461568243572685], [-74.23736445521803, 5.046157002412466], [-74.23736560679559, 5.046159035145369], [-74.23736597617402, 5.046159689527028], [-74.23736622518005, 5.0461601505078155], [-74.23736682731631, 5.046161262281949], [-74.2373676748477, 5.046162834138918], [-74.23736793204128, 5.046163330391844], [-74.23736802259845, 5.046163503038813], [-74.23736918362584, 5.046165761052406], [-74.23736931222864, 5.046166012345701], [-74.2373695749097, 5.046166547495178], [-74.23737030679277, 5.046168038139205], [-74.23737088380014, 5.046169221441531], [-74.23737115286929, 5.0461697945810275], [-74.23737140291992, 5.046170330659377], [-74.23737239317143, 5.046172461419529], [-74.23737247109644, 5.046172634090547], [-74.2373726650212, 5.046173073460718], [-74.23737349690269, 5.046174957508345], [-74.23737383853964, 5.046175733187947], [-74.23737411045968, 5.04617638232638], [-74.23737449295544, 5.046177292745423], [-74.23737521718584, 5.046179030418258], [-74.2373754592598, 5.046179642516188], [-74.23737549098935, 5.046179721174562], [-74.23737639220488, 5.046182005922709], [-74.23737653001751, 5.046182355823207], [-74.23737680209013, 5.046183085489796], [-74.2373772872792, 5.046184382973602], [-74.23737777612888, 5.04618570759486], [-74.23737804646892, 5.046186475266944], [-74.2373781516994, 5.046186772750284], [-74.23737895731773, 5.046189082110543], [-74.23737898636097, 5.0461891716318], [-74.23737922322341, 5.04618989050772], [-74.23737977864197, 5.046191585071092], [-74.23738006907425, 5.046192480283678], [-74.23738032963989, 5.046193327598017], [-74.23738053936142, 5.04619400852345], [-74.23738111409851, 5.046195898489856], [-74.23738127032564, 5.046196442890277], [-74.23738136662061, 5.046196786536149], [-74.23738196341225, 5.046198887282205], [-74.23738208968872, 5.046199339448659], [-74.23738233597189, 5.046200268223469], [-74.23738261771892, 5.046201341700984], [-74.23738299763922, 5.04620279772778], [-74.23738323861832, 5.046203784420812], [-74.23738383795173, 5.0462062742320635], [-74.23738406092428, 5.046207281770121], [-74.23738438583703, 5.046208755093186], [-74.23738460701188, 5.046209766253919], [-74.23738481833344, 5.046210815435618], [-74.23738490576314, 5.046211242341281], [-74.23738530842715, 5.046213272881684], [-74.23738539231623, 5.046213735986645], [-74.2373855044834, 5.046214360999455], [-74.23738584008426, 5.046216236944433], [-74.23738593858667, 5.0462167932174085], [-74.23738611847698, 5.046217921177797], [-74.2373862499661, 5.0462187434032595], [-74.23738649838928, 5.046220325449753], [-74.23738662918181, 5.046221256254232], [-74.23738666211196, 5.046221492347948], [-74.23738697592512, 5.046223774595927], [-74.23738698782985, 5.046223866864293], [-74.23738713178084, 5.046225075421615], [-74.23738727756042, 5.046226296642846], [-74.2373874069118, 5.046227419270645], [-74.23738753198482, 5.046228664961314], [-74.2373875485279, 5.046228824177068], [-74.23738775652885, 5.046230978143044], [-74.23738778701609, 5.046231353582794], [-74.23738785731528, 5.046232263691785], [-74.2373879849112, 5.046233888494733], [-74.23738803397582, 5.04623454439144], [-74.23738811317568, 5.046235866173877], [-74.2373881458104, 5.04623642257236], [-74.23738824105047, 5.046238114393178], [-74.23738827513775, 5.0462389612341845], [-74.23738829505629, 5.046239473320996], [-74.23738837108012, 5.0462414999596295], [-74.23738837865507, 5.04624168814652], [-74.23738840385938, 5.046243085131404], [-74.23738842190932, 5.046244039675837], [-74.2373884422747, 5.046245263850462], [-74.23738844206383, 5.046246581260128], [-74.23738844228497, 5.046246697980708], [-74.23738843641745, 5.046248839686752], [-74.23738843063794, 5.0462491229045705], [-74.23738840581817, 5.046250310067886], [-74.23738837680064, 5.046251662820191], [-74.23738835747581, 5.046252416567116], [-74.23738829897046, 5.046253921384342], [-74.23738828687144, 5.046254202804575], [-74.237388209951, 5.046255989054066], [-74.2373881653584, 5.046256741039506], [-74.2373881181275, 5.046257529222524], [-74.23738800955465, 5.046259277530127], [-74.23738799113954, 5.046259558962394], [-74.23738786419159, 5.0462611335807], [-74.23738780953315, 5.046261811390573], [-74.23738770013401, 5.046263123579377], [-74.23738758062959, 5.04626434078195], [-74.23738753986275, 5.046264730834488], [-74.23738734054186, 5.046266681993328], [-74.23738731743528, 5.046266868429049], [-74.23738714243584, 5.046268321893842], [-74.2373870118244, 5.046269391632883], [-74.23738690784819, 5.046270232403241], [-74.23738667371713, 5.046271907660129], [-74.23738640565703, 5.0462737720877975], [-74.2373863022231, 5.046274422846156], [-74.2373861318763, 5.046275474564637], [-74.23738589552579, 5.046276930860754], [-74.23738583306782, 5.0462773019535225], [-74.23738551874199, 5.0462790352712865], [-74.23738544730904, 5.046279431715939], [-74.2373851900771, 5.046280820190782], [-74.23738496750332, 5.046281928107244], [-74.23738483520103, 5.046282581635042], [-74.23738447848605, 5.046284324986538], [-74.23738445790636, 5.046284416411963], [-74.23738407854825, 5.04628611456589], [-74.2373839040831, 5.046286897562444], [-74.23738369558437, 5.046287814536328], [-74.23738331866058, 5.046289368820173], [-74.23738325238942, 5.046289632247333], [-74.23738284497777, 5.046291287023639], [-74.2373827025479, 5.046291833802689], [-74.23738235671595, 5.046293130155291], [-74.2373820485199, 5.046294288904469], [-74.23738192486, 5.046294741547103], [-74.237381391533, 5.046296611004229], [-74.23738135567253, 5.046296733222443], [-74.23738093703732, 5.0462981790080885], [-74.23738063212988, 5.046299168550773], [-74.2373803541251, 5.04630007027522], [-74.23737988150117, 5.04630159488255], [-74.23738012803754, 5.046305990904334], [-74.23738014391833, 5.04630627679532], [-74.23738025326203, 5.046308268987547], [-74.23738037655623, 5.046310956955202], [-74.23738045475726, 5.046312704002148], [-74.23738055465057, 5.046314946845867], [-74.23738057852289, 5.0463156407927645], [-74.23738070930177, 5.046319421761533], [-74.23738074079189, 5.046320326515587], [-74.23738078386047, 5.046321627556139], [-74.23738086606672, 5.04632501230889], [-74.23738089166591, 5.04632614146806], [-74.23738094179402, 5.046328311116661], [-74.23738096156744, 5.046329699063748], [-74.23738100365429, 5.04633286311831], [-74.23738102188027, 5.046334386790443], [-74.23738102934838, 5.04633499481127], [-74.23738103978512, 5.046339074597951], [-74.23738104075372, 5.046339585816037], [-74.23738104382006, 5.046341680454743], [-74.23738102791418, 5.046343762462171], [-74.23738100566763, 5.046346307746496], [-74.23738098700514, 5.046348363519577], [-74.2373809853651, 5.046348450384857], [-74.23738090020235, 5.046353029811027], [-74.23738089860348, 5.046353138391761], [-74.23738085891041, 5.046355047625047], [-74.23738077755111, 5.046357824654388], [-74.23738071984295, 5.046359750208641], [-74.23738065862845, 5.046361730058408], [-74.2373806294298, 5.046362510968572], [-74.2373804690992, 5.046366468025898], [-74.23738043889539, 5.046367194649125], [-74.23738038796044, 5.0463684090066385], [-74.23738021226562, 5.046371876588825], [-74.23738014526077, 5.046373181458359], [-74.23738004510349, 5.046375085377936], [-74.23737995495777, 5.046376558586973], [-74.23737974923513, 5.046379893218712], [-74.23737966425804, 5.046381237029477], [-74.23737963095645, 5.046381757361013], [-74.2373793311469, 5.046385913743174], [-74.23737928011309, 5.046386599689458], [-74.23737914461533, 5.046388424052748], [-74.23737896644846, 5.04639058689779], [-74.23737873969925, 5.04639330086714], [-74.2373785887853, 5.046395084543175], [-74.23737857287138, 5.046395257392971], [-74.23737813417426, 5.046399925259698], [-74.23737812798848, 5.046399994037351], [-74.23737795985888, 5.046401739743992], [-74.2373776629893, 5.046404590473868], [-74.237377442279, 5.046406681919659], [-74.23737726234582, 5.046408388741782], [-74.23737716292052, 5.046409250314179], [-74.2373766861749, 5.046413361792759], [-74.23737662314379, 5.046413906610909], [-74.2373764908255, 5.0464150279276225], [-74.2373760445631, 5.046418560267121], [-74.23737585696581, 5.04642003185219], [-74.23737564891051, 5.046421659104256], [-74.23737543799749, 5.046423206738133], [-74.23737495736206, 5.046426693902412], [-74.23737479714111, 5.046427851464854], [-74.23737473659747, 5.046428280462064], [-74.23737411386303, 5.046432489033886], [-74.23737398465335, 5.046433346138984], [-74.23737375298575, 5.046434892907574], [-74.23737339989654, 5.04643712123251], [-74.2373729424437, 5.046439985840566], [-74.23737269987308, 5.046441492818112], [-74.23737265704966, 5.046441749866895], [-74.23737186907418, 5.046446371348764], [-74.23737182712907, 5.046446615728479], [-74.23737157455604, 5.046448082008454], [-74.23737105040858, 5.046450986555401], [-74.2373706396049, 5.0464532321817535], [-74.2373722798771, 5.04645364979514], [-74.23739530869992, 5.046459520688022], [-74.23769149833683, 5.046517296881651], [-74.23786332395278, 5.046660812183384], [-74.23811146285583, 5.046651179727432], [-74.23835956019306, 5.046469279774063], [-74.23870499678429, 5.046415899325927], [-74.23872128198009, 5.0464270915726965], [-74.23908223400443, 5.0464857207767615], [-74.23933305158974, 5.0465264609634595], [-74.23997263644208, 5.047100529375529], [-74.24087818616547, 5.047481133677648], [-74.24173121122072, 5.048078175777485], [-74.24182913393604, 5.048332170220285], [-74.24202382805045, 5.04863278181592], [-74.24211587010578, 5.048792103322902], [-74.24224135220896, 5.048984956493614], [-74.24241422053035, 5.049182963214507], [-74.24241703373012, 5.049186186200067], [-74.24259483450801, 5.049468741723972], [-74.24266655860905, 5.049535090007079], [-74.24271703394521, 5.049581782107644], [-74.24278353083977, 5.049643294206201], [-74.24286133910046, 5.049715269596942], [-74.24290447918055, 5.049821893284032], [-74.24295425559451, 5.0498858106972175], [-74.24326710707915, 5.05028754243407], [-74.24331093184297, 5.050343816494839], [-74.24333292452906, 5.050350403916188], [-74.24335293828274, 5.050389099664861], [-74.24341513406983, 5.05047762039511], [-74.2434704564274, 5.050556359697387], [-74.24384464750405, 5.0507863840361535], [-74.24392186972356, 5.0508338544379985], [-74.24450056676284, 5.050943274781552], [-74.2445395050742, 5.0511818215123805], [-74.24458733399636, 5.051474838924873], [-74.244588524417, 5.051494851071128], [-74.24461309895078, 5.0519078720765345], [-74.24461609035859, 5.051958141281118], [-74.24459478849448, 5.052124972377788], [-74.24460336774985, 5.052296234011111], [-74.24464611385687, 5.052476051129462], [-74.24476570675822, 5.052655851972345], [-74.2448938570077, 5.052895582817622], [-74.24504762177074, 5.053109629330561], [-74.24509034839792, 5.053229499044692], [-74.24510748138263, 5.053443577068644], [-74.24512465807875, 5.0538289221980355], [-74.24512767459727, 5.053933883556756], [-74.24503992260175, 5.05396945277738], [-74.24497508767837, 5.0542173453411525], [-74.24500088967251, 5.054351325495223], [-74.24505648817903, 5.054428353902323], [-74.24507600280648, 5.054482421428994], [-74.2451418854135, 5.054428333790173], [-74.24518358408665, 5.054374127007149], [-74.24523750707998, 5.054369446922788], [-74.24540075310891, 5.0544635775956674], [-74.24553778979806, 5.054542594832801], [-74.24573115054716, 5.054599450865803], [-74.24585072291035, 5.054676484748865], [-74.24597028785195, 5.054736401404111], [-74.24611547711501, 5.054770621921521], [-74.24624358822516, 5.054856218718448], [-74.2462321022612, 5.055307236509636], [-74.24624053992716, 5.055625915466754], [-74.2464998458334, 5.055810345762596], [-74.24667550419213, 5.055952873051166], [-74.24684281201486, 5.056120547448813], [-74.24705192499484, 5.056246292058836], [-74.24723595443379, 5.056422356115411], [-74.2475543201824, 5.0565998625846955], [-74.24775398267305, 5.056718100683166], [-74.24800808764672, 5.056854523704406], [-74.24823498317672, 5.057009154018847], [-74.24823810366911, 5.057011193784434], [-74.24844372280259, 5.057145583660756], [-74.24881577107526, 5.057200081071172], [-74.24925134029158, 5.057281865211222], [-74.24946911648446, 5.057272712155357], [-74.24968686644583, 5.057181666572481], [-74.2498320268839, 5.057081530055352], [-74.24995903671046, 5.056963219231291], [-74.25009511319081, 5.05685399147915], [-74.25023832102656, 5.056649979310742], [-74.25040422896814, 5.056591223961152], [-74.2507752098542, 5.056982604532713], [-74.25085637718755, 5.057078476187722], [-74.25100548382161, 5.057254592690505], [-74.25119132574032, 5.057474096193736], [-74.2512643846227, 5.057579154565854], [-74.25133050544491, 5.057674236324821], [-74.25150596254623, 5.057813694998571], [-74.2517661266915, 5.058044124132654], [-74.25186108666244, 5.058160453816353], [-74.25192950129374, 5.0582442544128625], [-74.25207473033454, 5.058456508841072], [-74.25226838943155, 5.058814340182017], [-74.25242084898387, 5.0590350476930395], [-74.25243176938969, 5.059050852588747], [-74.25266773968967, 5.059287356662795], [-74.25300052707831, 5.0596512087990595], [-74.25323047380046, 5.0599968956665675], [-74.25335154414823, 5.060318342455345], [-74.2534040261399, 5.060578884475902], [-74.25354352147976, 5.060702235720868], [-74.25368301337478, 5.060842049912745], [-74.2537158620029, 5.060973661236692], [-74.25372412524479, 5.061179314454601], [-74.25376517695044, 5.061327369250431], [-74.25381445051758, 5.061533022676589], [-74.25387192053032, 5.061705751444991], [-74.25389659684318, 5.061952536193162], [-74.25390484689125, 5.062117064077539], [-74.25392128947449, 5.062273357722055], [-74.25395414932528, 5.062437866890565], [-74.2540116185199, 5.062594155254042], [-74.25408550624819, 5.062808010967566], [-74.25410195819838, 5.062997214244899], [-74.25414303261873, 5.063186406911514], [-74.25415948975915, 5.063400285184735], [-74.25418413162983, 5.063523669520999], [-74.25413496073236, 5.063712885930268], [-74.25414321045345, 5.063869184555699], [-74.25414590310857, 5.063881896412923], [-74.25420070694602, 5.064140636744781], [-74.25447241512732, 5.063897145737453], [-74.25471533922435, 5.063679448622539], [-74.25479824685891, 5.063774849161416], [-74.25484633272167, 5.063621543048375], [-74.2549739736783, 5.06342304227988], [-74.25508887379257, 5.063346185013149], [-74.2553186890341, 5.063218080080308], [-74.25552934464127, 5.063083575448824], [-74.25553726936438, 5.063075917170128], [-74.25570168827306, 5.062917070570088], [-74.25591234064925, 5.062769766458371], [-74.25608613116658, 5.06260874636943], [-74.25626181839625, 5.062628275944294], [-74.25638235060887, 5.062653421880887], [-74.25649607299992, 5.062677145080888], [-74.2567596281884, 5.062794525328415], [-74.25691582229351, 5.062892355638218], [-74.25702397736812, 5.0627567123242905], [-74.25726706734879, 5.0624518433359285], [-74.25740235113712, 5.062616482546856], [-74.25740375302401, 5.062618189004065], [-74.25752090376531, 5.062745378153273], [-74.25768685550987, 5.062862786505345], [-74.25783326787844, 5.0629116791861035], [-74.25811632876027, 5.062989894346228], [-74.25836279193734, 5.0630131519901385], [-74.25807970395688, 5.06345591556421], [-74.25796311087046, 5.063547820788882], [-74.25793815131324, 5.063673119863153], [-74.257950683243, 5.063781703965324], [-74.25800070755558, 5.0639529173839986], [-74.25804524270913, 5.064172470797805], [-74.25805491937739, 5.064220185056445], [-74.2580538764956, 5.0642529600810615], [-74.25805079070932, 5.064349650086168], [-74.25800917802634, 5.064470773281325], [-74.25790510507532, 5.064667086976418], [-74.25790518131916, 5.064946902783359], [-74.257913678435, 5.06559840760549], [-74.25792721183282, 5.0657260105897715], [-74.25791870294954, 5.06582867562516], [-74.25786754470373, 5.065948473757232], [-74.25776517040734, 5.066008390024093], [-74.25766279879745, 5.066042636910327], [-74.25753482083, 5.0660683433220575], [-74.25739833599815, 5.066179600337081], [-74.25728744696252, 5.066307967250038], [-74.25725336046426, 5.06645342146342], [-74.25727045967028, 5.066590308111162], [-74.25731316738178, 5.0667443010221085], [-74.25739000064254, 5.066915399011375], [-74.25742416192718, 5.067052282334139], [-74.25749246378807, 5.067223370639411], [-74.25749250951897, 5.067394491202096], [-74.25752067826637, 5.067463100401069], [-74.25755435909983, 5.067545130733978], [-74.257520117655, 5.067638418632777], [-74.25755389953653, 5.06782448885943], [-74.25747653362194, 5.067860071518216], [-74.25738374354289, 5.06790274255494], [-74.25717975277584, 5.068039194012465], [-74.25701460674591, 5.068117176406714], [-74.2567717357182, 5.068165945221676], [-74.25655801761229, 5.068234207472129], [-74.25633459223144, 5.068370651253396], [-74.25615975385946, 5.068536317251915], [-74.25605292118384, 5.068682479208151], [-74.2559655475051, 5.068935806719071], [-74.25586841305783, 5.069004023315052], [-74.25566436686887, 5.06891639905177], [-74.25526602879673, 5.068926244989177], [-74.25496486938374, 5.068994524554397], [-74.25472200223219, 5.069101745990772], [-74.25443057300188, 5.069247959255942], [-74.25426788523889, 5.069160480482646], [-74.25416244210477, 5.0690548035160585], [-74.25408712082209, 5.0689717633951155], [-74.25399149308092, 5.068839797158473], [-74.25397222313956, 5.068813203320928], [-74.25395022656762, 5.0687773549668185], [-74.25381900565861, 5.068563465832048], [-74.25380087056459, 5.068533911063227], [-74.25356154872837, 5.068345920740788], [-74.25352221000843, 5.068315019086615], [-74.25317577935871, 5.068081040303177], [-74.25297248909351, 5.068141499896392], [-74.25294856886615, 5.068137508082545], [-74.25274658507367, 5.068103805307713], [-74.25252489260929, 5.068038675926718], [-74.25240019665804, 5.0680387084115015], [-74.25226236810173, 5.068012424614433], [-74.25217048236762, 5.067992698555052], [-74.2519258112695, 5.067998313364448], [-74.25186377223876, 5.068014920879907], [-74.25179661333561, 5.068032898227748], [-74.25177841918415, 5.068037767837134], [-74.25169992838703, 5.0680587792181], [-74.25151170438029, 5.068149431641751], [-74.25137621589286, 5.068315578746431], [-74.25125577994878, 5.068481722047426], [-74.25114285489701, 5.06857235718202], [-74.25096214432224, 5.068587503141024], [-74.25082274494564, 5.068506011556411], [-74.25080845198825, 5.068588045653218], [-74.25079175832272, 5.068619153605781], [-74.25071542547319, 5.0687005241406045], [-74.25064391214804, 5.068954160068187], [-74.2503360072399, 5.068564245387052], [-74.25019067128937, 5.068575561441887], [-74.25009291080787, 5.068576223656202], [-74.24997718748111, 5.068580531672272], [-74.24989804543071, 5.068505524865004], [-74.24983490548202, 5.068448936175724], [-74.24975699733223, 5.068439386289104], [-74.24958472201837, 5.068429383575628], [-74.24953553941437, 5.068318857527717], [-74.24963591129672, 5.06831025699277], [-74.24980529527963, 5.068214506658933], [-74.24998426185222, 5.068121070368919], [-74.25006367385102, 5.0680943290534115], [-74.25006517947993, 5.068056125100034], [-74.2500653824668, 5.06805094286557], [-74.25004000077804, 5.068056970906177], [-74.24994266314935, 5.068103892441753], [-74.24980333341901, 5.0681613520020425], [-74.24967545612681, 5.068222637561238], [-74.24960865528854, 5.06825328043539], [-74.24952121046115, 5.068268615817029], [-74.24947580157621, 5.067986298979531], [-74.24943039203052, 5.067708768569803], [-74.24936352457311, 5.067488664417885], [-74.24933191824785, 5.067331494020298], [-74.24916109812227, 5.067224902609813], [-74.248873375196, 5.067032664099081], [-74.24862401199461, 5.066859650964104], [-74.24862155788936, 5.066754477003259], [-74.24842339723973, 5.066635028276899], [-74.24816336379509, 5.06647585917217], [-74.24804033602994, 5.06647667199377], [-74.24784124838887, 5.066478336358296], [-74.2478054479713, 5.066443652567567], [-74.24769812858091, 5.066311703917224], [-74.2476484718027, 5.066268408615873], [-74.24762748740301, 5.066256213338985], [-74.24753776986857, 5.066246666885381], [-74.24744423568227, 5.0662428624645806], [-74.24736979222303, 5.066246711202371], [-74.24739296491181, 5.0663554491291505], [-74.24742450071827, 5.06651048272705], [-74.24738535458329, 5.06651348889161], [-74.24732428751403, 5.066507638513417], [-74.24721261847596, 5.066507666522781], [-74.24705717182222, 5.06643407034988], [-74.24695918632703, 5.066372790039501], [-74.24684176847896, 5.0662823796972445], [-74.24668010074781, 5.066235345250207], [-74.24671875884867, 5.066187207226693], [-74.24678895644097, 5.066099797559823], [-74.24692465287771, 5.066023215287504], [-74.24691993565514, 5.065825564045837], [-74.2469508878932, 5.065628676485065], [-74.24696129808198, 5.065503016274462], [-74.24697149133085, 5.065379980432156], [-74.2468887715768, 5.065183118299407], [-74.24682543843873, 5.065099807775557], [-74.24672337923178, 5.064965552311067], [-74.24653733013601, 5.064789444646284], [-74.24627895002995, 5.064634075120013], [-74.24611358681247, 5.0645512215596025], [-74.24594824790996, 5.06454089933213], [-74.24582830011691, 5.064455034801304], [-74.24580354975987, 5.064437315583673], [-74.2457885939402, 5.064422329944629], [-74.24564850389054, 5.064281919622896], [-74.2454624373473, 5.0640332773986465], [-74.24545410088865, 5.063974864375522], [-74.24545208514222, 5.063960741442654], [-74.24532803878331, 5.063794981716851], [-74.2452246807352, 5.063701746177954], [-74.24513164807016, 5.063577424067927], [-74.24489787655529, 5.063498801379948], [-74.24487125536751, 5.063489848804217], [-74.24486028870842, 5.0634861601701004], [-74.24482653187742, 5.06347480637478], [-74.24482601215637, 5.063474343206194], [-74.24470822176347, 5.063369406242184], [-74.2445842116668, 5.063318245989766], [-74.24447645635408, 5.063250747046399], [-74.24446749910867, 5.063245138150794], [-74.24434348046977, 5.06315739633934], [-74.24421946457002, 5.063084288908267], [-74.2441173403315, 5.063033112716802], [-74.24400791589774, 5.06297463151488], [-74.24392766714122, 5.0629015095728125], [-74.24381822705335, 5.062762567097406], [-74.24380360513332, 5.062645555116131], [-74.24377439945724, 5.06252122227219], [-74.24375977533063, 5.062382262278344], [-74.2437305714912, 5.062257929422999], [-74.24370136050975, 5.062104343116478], [-74.24367944704869, 5.061958069046291], [-74.24364294129734, 5.0618118021891485], [-74.24357725769623, 5.061672856095058], [-74.24345320249975, 5.061402265225576], [-74.24330733971752, 5.061460810647756], [-74.24313957868814, 5.061460851338251], [-74.24299369936682, 5.061453570771847], [-74.24278217907036, 5.061431686723402], [-74.24270949638814, 5.061397694901018], [-74.24267274729245, 5.0613805106628735], [-74.24259249677812, 5.061270821402675], [-74.24254139728453, 5.061109931699366], [-74.24253406832847, 5.060963645817768], [-74.2425413050107, 5.060729605044113], [-74.24256315381696, 5.060605259158803], [-74.2426214810668, 5.060488221123427], [-74.24267249958928, 5.0603565599685645], [-74.24268706391449, 5.060246850727788], [-74.2426505696633, 5.060137141727443], [-74.24256301816548, 5.060049400879002], [-74.2424608834981, 5.059947033651284], [-74.24241972725488, 5.0599154903205], [-74.24233686174159, 5.0598519740182475], [-74.24231495091774, 5.0597276387709185], [-74.24229304686217, 5.059610629770416], [-74.24219820162757, 5.059515566613464], [-74.2420960944557, 5.059530224018226], [-74.24198668579888, 5.059530251927339], [-74.24187726170126, 5.059464443903567], [-74.24168760500281, 5.059391349377036], [-74.24139584506678, 5.059354852862173], [-74.24119890462649, 5.059325646482951], [-74.24103843834646, 5.059325685185165], [-74.24096718336216, 5.059368857283934], [-74.24086557757416, 5.059392855724658], [-74.24075200803075, 5.059380898099044], [-74.24065637262503, 5.059374925824106], [-74.24056670821744, 5.0593449808519315], [-74.24041374883167, 5.059295082889606], [-74.24030967040402, 5.059261130915568], [-74.23989122230374, 5.059063441329472], [-74.23965211161351, 5.05896759786038], [-74.23932333797472, 5.058817836989715], [-74.23914399338138, 5.0587040025696375], [-74.23892879280271, 5.05860215846806], [-74.23873751330673, 5.058554255133158], [-74.23862990283736, 5.058476364618222], [-74.2385641329135, 5.058380476985436], [-74.23854018819966, 5.058218657078457], [-74.23851026757688, 5.058086802435375], [-74.23841331821117, 5.058147598469202], [-74.23827720664458, 5.058227955397371], [-74.23816903462496, 5.05829181845429], [-74.23812955128668, 5.0583152190894705], [-74.2380469893086, 5.058364152631326], [-74.23783893221828, 5.058188500566643], [-74.23782284878237, 5.058151647470619], [-74.23777450808831, 5.058022475429143], [-74.23774594193625, 5.057946158297408], [-74.23773917631378, 5.0579280812818626], [-74.23781462136803, 5.057884669886593], [-74.23779853614215, 5.0578478176957065], [-74.23777569987826, 5.057786789112153], [-74.2377501954794, 5.057718640215649], [-74.23770184763644, 5.057589469979055], [-74.23775818106294, 5.057468343560283], [-74.23782257934526, 5.057355278103479], [-74.2378869722231, 5.05725837805533], [-74.2379054960052, 5.057173900944692], [-74.23798803060508, 5.057187562507778], [-74.2380275180825, 5.0570913225876515], [-74.23794258429773, 5.056647793199485], [-74.23786421161132, 5.05648609796647], [-74.23782928781519, 5.056414037443363], [-74.237771974329, 5.056306992525381], [-74.23768267498143, 5.056140210439645], [-74.23750085780536, 5.05553852706655], [-74.23737501642732, 5.055208021625851], [-74.23730271823568, 5.055018137840412], [-74.23710555304197, 5.054266815473518], [-74.23700086524694, 5.054194170422746], [-74.236941511881, 5.054144599400582], [-74.23690421528437, 5.054113448124985], [-74.23680755565282, 5.0539600620189535], [-74.23676727237863, 5.053830881633444], [-74.23679943131827, 5.05365324330596], [-74.23685578087361, 5.0535724834316955], [-74.23686378493237, 5.053394845027637], [-74.2368921836782, 5.053216601316554], [-74.23689594752815, 5.053192977587519], [-74.2370200187786, 5.053112076797552], [-74.237056969604, 5.05308798079764], [-74.23703736420237, 5.052994735486656], [-74.23702471701878, 5.052934578618538], [-74.23696831068182, 5.052732729892604], [-74.23694761875225, 5.052620832093268], [-74.23692800346834, 5.052514738429906], [-74.23686352438321, 5.052280592348998], [-74.23683287767493, 5.052205521353484], [-74.23682055354601, 5.052175334012809], [-74.2367910137187, 5.052102978963948], [-74.2367874531218, 5.052093891465619], [-74.23677736706814, 5.0520681687330455], [-74.23670239979374, 5.051876919935643], [-74.23658156260827, 5.051675087169239], [-74.23638825604216, 5.05140867291069], [-74.23629965102683, 5.051263358471187], [-74.23617076567308, 5.05103731630673], [-74.23610632346426, 5.050924283895108], [-74.2360648015154, 5.050868790198347], [-74.23598551084173, 5.050762832744341], [-74.23588080420681, 5.050641738179418], [-74.23576804913785, 5.050504499832582], [-74.23566333548052, 5.050367262429104], [-74.23558280421621, 5.050286534390403], [-74.23551032064667, 5.050205806397331], [-74.23551029868415, 5.050116997982867], [-74.2355344287782, 5.050020094358118], [-74.23557467215798, 5.049939342666283], [-74.23556659716209, 5.049842458732408], [-74.23551825235093, 5.049729424513246], [-74.23537328112133, 5.049535675636404], [-74.2352202558268, 5.049366149444895], [-74.23504306171776, 5.0491643347231], [-74.23495444861251, 5.0489867225941145], [-74.23486583492218, 5.048776813980631], [-74.2347852644357, 5.048566899089332], [-74.23468858295784, 5.048333867839909], [-74.23478770865601, 5.048031110120129], [-74.23491237844883, 5.047801786550025], [-74.2351513751048, 5.047593286068425], [-74.23540077244098, 5.047384781128491], [-74.23517208379522, 5.047249343771476], [-74.23497455403263, 5.047009678433352], [-74.23526551773143, 5.04679073802434], [-74.23548373639001, 5.04660308688568], [-74.23579548603371, 5.046384146591833], [-74.23600331168444, 5.046196495215659], [-74.23633585846511, 5.046019237974793], [-74.2358472905231, 5.045675415332587], [-74.23521317279074, 5.045154446554148], [-74.23468299935918, 5.044675145159808], [-74.23439202612205, 5.0448419696171385], [-74.23414264293085, 5.045092159740226], [-74.23390355447101, 5.044904613207904], [-74.23362284432973, 5.044529475117769], [-74.23348764717882, 5.044164723843532], [-74.23347716371717, 5.043768678885573], [-74.23346668213303, 5.0433726348210115], [-74.23342748579245, 5.042996133162678], [-74.23341460020053, 5.04287237252647], [-74.2333001807444, 5.042465929375244], [-74.23302986672417, 5.042090787223968], [-74.23284269887566, 5.041705204871006], [-74.23261397077704, 5.0413613200189324], [-74.23239565038692, 5.041090387791303], [-74.23207338987845, 5.040798635354423], [-74.23186545936582, 5.040506859719041], [-74.2315431564474, 5.040027507807615], [-74.23137757717167, 5.039747099421682], [-74.2312416372427, 5.039516879292749], [-74.2310440772521, 5.039120875858731], [-74.23092968510201, 5.038818655670408], [-74.23080484710567, 5.038287143939216], [-74.23075279447893, 5.037911950779602], [-74.2308012551701, 5.037658952025796], [-74.23080470055123, 5.037640957755494], [-74.23082543511647, 5.037411662457444], [-74.23070067353162, 5.037224090226518], [-74.23067982867396, 5.036963536153182], [-74.23073171848195, 5.036619585096067], [-74.23086679060847, 5.036452798129707], [-74.231074592527, 5.0361713482334745], [-74.23066929491036, 5.036338195721758], [-74.2303195185216, 5.036389862542393], [-74.23031593562033, 5.036390390490871], [-74.23006886647133, 5.036415021605475], [-74.22974916623275, 5.036353051432273], [-74.22936757548469, 5.03619802176436], [-74.22904786655512, 5.036042973586837], [-74.22890656461317, 5.035947459199687], [-74.22860436620961, 5.035743176432006], [-74.22825368919767, 5.035484726685299], [-74.22803708300283, 5.035257262562925], [-74.2277689121229, 5.035009138175605], [-74.22752137085638, 5.034812710389611], [-74.22730478623096, 5.034699004979689], [-74.22713976155786, 5.034574946174869], [-74.22699535608847, 5.03440951998817], [-74.22689218571813, 5.034213053171617], [-74.22669620718739, 5.033975251770597], [-74.22651054187912, 5.033758124939586], [-74.22630422493646, 5.033468617088018], [-74.22592264432564, 5.033354946717585], [-74.22570606884983, 5.033272269503968], [-74.2255513686722, 5.033168887511422], [-74.22529351517461, 5.032962125012377], [-74.22523197560541, 5.032897010631873], [-74.2251078559096, 5.032765679018324], [-74.22478812753381, 5.032558917730754], [-74.2246334354095, 5.0325175897033505], [-74.22436528822557, 5.032383213464312], [-74.22417964635618, 5.032279841254913], [-74.22407647594704, 5.032073040661772], [-74.22398360978, 5.0317938505374995], [-74.22389072266941, 5.031431925579673], [-74.22376688715346, 5.031038981806668], [-74.22367399820477, 5.03066672281981], [-74.22353986767953, 5.030315152117852], [-74.22345729231077, 5.02997390625155], [-74.22349846651719, 5.029622299453664], [-74.22368404999952, 5.029425772606297], [-74.22390058512117, 5.029353337820779], [-74.22414808403278, 5.029363631218481], [-74.22441620364575, 5.0293739074899175], [-74.22469462015539, 5.02931180593959], [-74.22504520682438, 5.029187631966112], [-74.22528236607603, 5.029094510045117], [-74.22541640681165, 5.028991066164746], [-74.22540924973025, 5.028976006250769], [-74.22555410010739, 5.0287333139851], [-74.2256972102823, 5.028529910391998], [-74.22584032506037, 5.028344449328269], [-74.22596554360372, 5.028153014824311], [-74.22611463204986, 5.028009424731911], [-74.22630543489132, 5.02769236219809], [-74.22675859928309, 5.026962513829928], [-74.22722367039269, 5.026148921060635], [-74.22745622636505, 5.025837829466481], [-74.227963064219, 5.025084043303742], [-74.22810616406916, 5.0248387673034385], [-74.22802553209911, 5.0247417824148375], [-74.22801666894786, 5.02473112044308], [-74.22782573129403, 5.024420122139291], [-74.22753931823158, 5.023935678796204], [-74.2273483711547, 5.023594770586829], [-74.22709179018061, 5.023146215546996], [-74.2270463884999, 5.022983497007377], [-74.22693658599054, 5.02258996281558], [-74.22681716013531, 5.021991835585748], [-74.22675739174827, 5.021423600818268], [-74.22678119309401, 5.021154426929139], [-74.22676322760458, 5.020825444333176], [-74.2267452628802, 5.020508427949987], [-74.22671537022536, 5.020191413162568], [-74.22674516353847, 5.020059811068755], [-74.2268167300753, 5.020005962043664], [-74.22682075789481, 5.020001184272405], [-74.22685600899763, 5.019959386902384], [-74.2268823239885, 5.019928187270074], [-74.22691209096533, 5.0196709747350345], [-74.22693591148904, 5.019497504355762], [-74.22698358960778, 5.0193060882199925], [-74.22711473571229, 5.018965105306798], [-74.22715782902897, 5.01883676271861], [-74.22729952357147, 5.0184147651860975], [-74.22738643121068, 5.018098804928915], [-74.22752606491822, 5.018027377639174], [-74.22779296718313, 5.017893476791466], [-74.2279597688206, 5.01776796534094], [-74.22812656075288, 5.017600625053021], [-74.22836006353386, 5.0173412551282315], [-74.22839463210177, 5.01729886635833], [-74.22858522499976, 5.017065155388777], [-74.2288020225364, 5.01669704324255], [-74.22904387400446, 5.016454399347278], [-74.22945253530885, 5.016136434857198], [-74.22987788987908, 5.01584356194212], [-74.23008637050856, 5.015600925446364], [-74.23027817180756, 5.015358292274505], [-74.23047229044784, 5.0151245843566326], [-74.23052834961715, 5.0150570925345], [-74.23068679973659, 5.014889757661293], [-74.2309370013127, 5.0146973023392], [-74.23111213490168, 5.0145299613191145], [-74.23138736641734, 5.014354229518897], [-74.23155414805584, 5.014153431369193], [-74.23165420930687, 5.013994470081836], [-74.2317375776368, 5.013785322914263], [-74.23182927906895, 5.013551079427381], [-74.23197103743354, 5.013333554910316], [-74.23212168325796, 5.013184078469816], [-74.23222648103193, 5.013136758990767], [-74.23223153140538, 5.013135069226497], [-74.23232080245936, 5.0131052039616275], [-74.23255198474135, 5.0130338422677845], [-74.23266720424188, 5.013181325461367], [-74.2327402601342, 5.013388315577373], [-74.23275026469346, 5.013565074326241], [-74.23275852418918, 5.013710980312469], [-74.23277678741584, 5.013857093633657], [-74.23285593293, 5.013991030008466], [-74.23292898857417, 5.014100612956946], [-74.2330081332045, 5.0142710767364065], [-74.23303248457275, 5.014496333689737], [-74.2330142209433, 5.014855526859524], [-74.23291072507493, 5.015239072019819], [-74.232788964358, 5.015646969496122], [-74.23274025961219, 5.016036602050298], [-74.23277678851383, 5.016377530379233], [-74.23283766835566, 5.0166880199565735], [-74.2328863735578, 5.016828046088711], [-74.23300204496918, 5.016925452019109], [-74.23319077316381, 5.016992420421168], [-74.23334906207108, 5.017035036101916], [-74.23356214173083, 5.017059387707107], [-74.23375695904187, 5.017114181885288], [-74.23397612665146, 5.017205499944112], [-74.23406135982044, 5.017278556627206], [-74.23407962385785, 5.017382052969612], [-74.23406744795273, 5.017662101123888], [-74.23406135966732, 5.017960415057057], [-74.23409788809751, 5.01814305460545], [-74.2341223188834, 5.018224792938073], [-74.23418403945604, 5.018357978297701], [-74.23418804591765, 5.018368280197953], [-74.23427499589312, 5.018591865964601], [-74.23433361774133, 5.018701780762945], [-74.23437894662733, 5.018786772193517], [-74.23456735531914, 5.0190011685928715], [-74.23489400085434, 5.019239018691314], [-74.23492585790117, 5.019275425222218], [-74.23510241055459, 5.019427625980361], [-74.23531549061501, 5.019518945816148], [-74.23543116305585, 5.019592003424046], [-74.2356198904139, 5.019798996476284], [-74.23582079577456, 5.020066868601931], [-74.23603387578328, 5.0203712693908065], [-74.23616781268636, 5.020596523754902], [-74.23622869339765, 5.0206513171641145], [-74.23628355049394, 5.020664378328966], [-74.2362514053505, 5.020671022644759], [-74.2360934996244, 5.0206886579449375], [-74.23606408111362, 5.0206919429390044]]]], "type": "MultiPolygon"}}, {"type": "Feature", "properties": {"CODIGO": "25777000100000010", "SECTOR_CODIGO": "257770001", "NOMBRE": "SANTA BARBARA", "Area_ha": 1753.5489012402018, "Perimetro": 24010.488743268892, "Shape_Length": 24452.116198438725, "Shape_Area": 17535489.012402017, "USO_CAMP": "Ganadero", "Descripcion": "100% Ganader\u00eda lechera (grandes hacendados)"}, "geometry": {"coordinates": [[[[-74.21095602753678, 4.99878364388092], [-74.21101685145733, 4.998760571614851], [-74.21112643640413, 4.998655552543793], [-74.21118579434399, 4.998504875634664], [-74.21122688856356, 4.998176123277079], [-74.21122543673094, 4.9981151471501395], [-74.21121775623608, 4.997792577075318], [-74.21120405799704, 4.997491222663466], [-74.21125428395783, 4.997304014079922], [-74.21126509578045, 4.997284011069771], [-74.21134560357281, 4.997135071282709], [-74.2114551895621, 4.996975260608421], [-74.21162869713753, 4.996824586378244], [-74.21177480891649, 4.996765224185025], [-74.21195288417834, 4.996733263400292], [-74.21220858083127, 4.996774356638268], [-74.21246427642625, 4.996842846927513], [-74.2126834456045, 4.996879374794526], [-74.21285695397445, 4.9968976390152156], [-74.2131446125506, 4.996879375142099], [-74.21329529058335, 4.996838280721825], [-74.21345053474283, 4.996751528578938], [-74.21365144022224, 4.996692171398798], [-74.2138239675701, 4.996645117088858], [-74.21395279696225, 4.996609981424469], [-74.21419936108177, 4.996550623734638], [-74.21432264411168, 4.996536923580524], [-74.2144093980569, 4.996550622127851], [-74.21464246736237, 4.99650895322746], [-74.21478046302578, 4.996492719384745], [-74.21492657509215, 4.996517072597803], [-74.21507268703205, 4.996582008890008], [-74.21513337069531, 4.996642693318149], [-74.21518633049978, 4.996695654004403], [-74.21522913706133, 4.996746958670525], [-74.21530789971328, 4.996856541485302], [-74.21538666336384, 4.99692845922639], [-74.21557501213738, 4.9970688616448244], [-74.21575308630878, 4.997178448492666], [-74.21594828325777, 4.997260632646661], [-74.21615717807018, 4.997339397338142], [-74.21635922401047, 4.997435283941329], [-74.21650582606858, 4.997570606859221], [-74.21653729929174, 4.997599659318961], [-74.21672564673946, 4.9978496479438865], [-74.21692426820327, 4.99813388212104], [-74.21714686150406, 4.998411268334341], [-74.21723589764127, 4.9985379735680455], [-74.21724959577608, 4.998695504801498], [-74.21721192667721, 4.998914672882129], [-74.21707870028517, 4.999049851833417], [-74.21699908069834, 4.999147451708044], [-74.2169605553499, 4.999263030110039], [-74.21694514518823, 4.999355489015528], [-74.21702990145056, 4.9994813399025215], [-74.21722252945348, 4.999581507956338], [-74.21749991455206, 4.9997150629753255], [-74.21777729954181, 4.999856324217034], [-74.21805211675361, 5.000036109251073], [-74.21827042902308, 5.000262130597136], [-74.21839884780383, 5.000513828599197], [-74.2185375414695, 5.0007655318750786], [-74.21865568561455, 5.000947886166557], [-74.21876612689847, 5.001037778370653], [-74.21891766097875, 5.001089148247461], [-74.21917193121985, 5.001104557547234], [-74.21943186053248, 5.001047911629939], [-74.21966320513131, 5.000999207055357], [-74.21988846126163, 5.000999207595048], [-74.22015024600877, 5.001066174613332], [-74.22052161506555, 5.001260990379175], [-74.22081992820557, 5.001449718643356], [-74.22108780158486, 5.001674975877079], [-74.221446993225, 5.0019489375046], [-74.22165398565222, 5.0021194015883035], [-74.22199491451084, 5.002405537731708], [-74.22211058734243, 5.002588178001169], [-74.22222017148687, 5.0027890816290475], [-74.2222993147903, 5.002977810664442], [-74.22230065229797, 5.0029877403807], [-74.22231377133758, 5.00308519852066], [-74.222326667153, 5.003180994920888], [-74.22234193244537, 5.003294387461204], [-74.22234035481323, 5.00334565571074], [-74.22233757136978, 5.003436086830668], [-74.22233336439963, 5.003572824782982], [-74.22232975561184, 5.0036901079836555], [-74.2223366321498, 5.003797832095085], [-74.22234802029277, 5.003976245008472], [-74.22238454802093, 5.004177147351763], [-74.22248195527713, 5.0043354375406395], [-74.22265242157388, 5.004578960170339], [-74.22279244640215, 5.004779863733759], [-74.22289594084884, 5.005126883375615], [-74.2230481410819, 5.00537648864806], [-74.22318816607796, 5.00563218613474], [-74.22327948539566, 5.005869619399581], [-74.22328557379757, 5.006119226105997], [-74.22318816748076, 5.006478419837811], [-74.22315772571126, 5.006752381988029], [-74.22315163890843, 5.006874143211208], [-74.223224695247, 5.007056782103077], [-74.22334645335705, 5.007160279458226], [-74.22336782128926, 5.007173336784568], [-74.22345603809204, 5.007227246628593], [-74.22360215049375, 5.007361183577069], [-74.22376652723489, 5.007495117994051], [-74.2239856955652, 5.0075681722422845], [-74.22415007233856, 5.007689933993367], [-74.22428400776744, 5.007829957606897], [-74.22450926542335, 5.008000421245186], [-74.22466146429352, 5.00812827422787], [-74.22483801762992, 5.008298734753889], [-74.22494991642252, 5.00834069710144], [-74.22513024202317, 5.008408319563694], [-74.22529461876773, 5.008438759337352], [-74.2255685794337, 5.0084144097081555], [-74.22581818824098, 5.008432674606917], [-74.22604953261079, 5.008481377354039], [-74.22624434918598, 5.008560520520869], [-74.22636610959019, 5.008566609763052], [-74.22650004588313, 5.008572696064497], [-74.22671312591063, 5.00865184193366], [-74.22684097359935, 5.008791863585399], [-74.22699926290677, 5.008968417161042], [-74.22713319891027, 5.009126707353991], [-74.22721843178073, 5.009248464528378], [-74.22730975141452, 5.009309346748646], [-74.22745586410394, 5.0093093467841], [-74.22759588738579, 5.009370226246967], [-74.22783332095992, 5.0094859005173245], [-74.22805248916286, 5.009650275519434], [-74.22825948224752, 5.009924236798861], [-74.22839950606561, 5.010192108545207], [-74.22852735359405, 5.010575653317656], [-74.22861867457479, 5.010910493338645], [-74.22866129101924, 5.011214897176566], [-74.22867346655931, 5.011391445897703], [-74.2286978191074, 5.011519297057205], [-74.2288013148459, 5.011647142456824], [-74.22891698752709, 5.011805432875161], [-74.22903265976088, 5.011988071905864], [-74.22917268406009, 5.012122008547003], [-74.22935532379856, 5.0122559446423045], [-74.229450053361, 5.0122983237145915], [-74.22955398552695, 5.012344818670842], [-74.22958666824447, 5.012359440587743], [-74.22976930927284, 5.01245684904425], [-74.22987889436537, 5.012590784817828], [-74.22999456580816, 5.0126821057821225], [-74.23016502943725, 5.01269428239344], [-74.23042681487166, 5.012676020956142], [-74.23088341675168, 5.012651666979984], [-74.23119999332029, 5.01265166715523], [-74.231589626133, 5.012657757413038], [-74.23176617770838, 5.012694281611278], [-74.23208275511585, 5.012779514183165], [-74.23236889123663, 5.012901273504859], [-74.23251500453271, 5.012986505934639], [-74.23255198474135, 5.0130338422677845], [-74.23232080245936, 5.0131052039616275], [-74.23223153140538, 5.013135069226497], [-74.23222648103193, 5.013136758990767], [-74.23212168325796, 5.013184078469816], [-74.23197103743354, 5.013333554910316], [-74.23182927906895, 5.013551079427381], [-74.2317375776368, 5.013785322914263], [-74.23165420930687, 5.013994470081836], [-74.23155414805584, 5.014153431369193], [-74.23138736641734, 5.014354229518897], [-74.23111213490168, 5.0145299613191145], [-74.2309370013127, 5.0146973023392], [-74.23068679973659, 5.014889757661293], [-74.23052834961715, 5.0150570925345], [-74.23047229044784, 5.0151245843566326], [-74.23027817180756, 5.015358292274505], [-74.23008637050856, 5.015600925446364], [-74.22987788987908, 5.01584356194212], [-74.22945253530885, 5.016136434857198], [-74.22904387400446, 5.016454399347278], [-74.2288020225364, 5.01669704324255], [-74.22858522499976, 5.017065155388777], [-74.22839463210177, 5.01729886635833], [-74.22836006353386, 5.0173412551282315], [-74.22812656075288, 5.017600625053021], [-74.2279597688206, 5.01776796534094], [-74.22779296718313, 5.017893476791466], [-74.22752606491822, 5.018027377639174], [-74.22738643121068, 5.018098804928915], [-74.22729952357147, 5.0184147651860975], [-74.22715782902897, 5.01883676271861], [-74.22711473571229, 5.018965105306798], [-74.22698358960778, 5.0193060882199925], [-74.22693591148904, 5.019497504355762], [-74.22691209096533, 5.0196709747350345], [-74.2268823239885, 5.019928187270074], [-74.22685600899763, 5.019959386902384], [-74.22682075789481, 5.020001184272405], [-74.2268167300753, 5.020005962043664], [-74.22674516353847, 5.020059811068755], [-74.22671537022536, 5.020191413162568], [-74.2267452628802, 5.020508427949987], [-74.22676322760458, 5.020825444333176], [-74.22678119309401, 5.021154426929139], [-74.22675739174827, 5.021423600818268], [-74.22681716013531, 5.021991835585748], [-74.22693658599054, 5.02258996281558], [-74.2270463884999, 5.022983497007377], [-74.22709179018061, 5.023146215546996], [-74.2273483711547, 5.023594770586829], [-74.22753931823158, 5.023935678796204], [-74.22782573129403, 5.024420122139291], [-74.22801666894786, 5.02473112044308], [-74.22802553209911, 5.0247417824148375], [-74.22810616406916, 5.0248387673034385], [-74.227963064219, 5.025084043303742], [-74.22745622636505, 5.025837829466481], [-74.22722367039269, 5.026148921060635], [-74.22675859928309, 5.026962513829928], [-74.22630543489132, 5.02769236219809], [-74.22611463204986, 5.028009424731911], [-74.22596554360372, 5.028153014824311], [-74.22584032506037, 5.028344449328269], [-74.2256972102823, 5.028529910391998], [-74.22555410010739, 5.0287333139851], [-74.22540924973025, 5.028976006250769], [-74.22541640681165, 5.028991066164746], [-74.22528236607603, 5.029094510045117], [-74.22504520682438, 5.029187631966112], [-74.22469462015539, 5.02931180593959], [-74.22441620364575, 5.0293739074899175], [-74.22414808403278, 5.029363631218481], [-74.22390058512117, 5.029353337820779], [-74.22368404999952, 5.029425772606297], [-74.22349846651719, 5.029622299453664], [-74.22345729231077, 5.02997390625155], [-74.22353986767953, 5.030315152117852], [-74.22367399820477, 5.03066672281981], [-74.22376688715346, 5.031038981806668], [-74.22389072266941, 5.031431925579673], [-74.22398360978, 5.0317938505374995], [-74.22407647594704, 5.032073040661772], [-74.22417964635618, 5.032279841254913], [-74.22436528822557, 5.032383213464312], [-74.2246334354095, 5.0325175897033505], [-74.22478812753381, 5.032558917730754], [-74.2251078559096, 5.032765679018324], [-74.22523197560541, 5.032897010631873], [-74.22529351517461, 5.032962125012377], [-74.2255513686722, 5.033168887511422], [-74.22570606884983, 5.033272269503968], [-74.22592264432564, 5.033354946717585], [-74.22630422493646, 5.033468617088018], [-74.22651054187912, 5.033758124939586], [-74.22669620718739, 5.033975251770597], [-74.22689218571813, 5.034213053171617], [-74.22699535608847, 5.03440951998817], [-74.22713976155786, 5.034574946174869], [-74.22730478623096, 5.034699004979689], [-74.22752137085638, 5.034812710389611], [-74.2277689121229, 5.035009138175605], [-74.22803708300283, 5.035257262562925], [-74.22825368919767, 5.035484726685299], [-74.22860436620961, 5.035743176432006], [-74.22890656461317, 5.035947459199687], [-74.22904786655512, 5.036042973586837], [-74.22936757548469, 5.03619802176436], [-74.22974916623275, 5.036353051432273], [-74.23006886647133, 5.036415021605475], [-74.23031593562033, 5.036390390490871], [-74.2303195185216, 5.036389862542393], [-74.23066929491036, 5.036338195721758], [-74.231074592527, 5.0361713482334745], [-74.23086679060847, 5.036452798129707], [-74.23073171848195, 5.036619585096067], [-74.23067982867396, 5.036963536153182], [-74.23070067353162, 5.037224090226518], [-74.23082543511647, 5.037411662457444], [-74.23080470055123, 5.037640957755494], [-74.2308012551701, 5.037658952025796], [-74.23075279447893, 5.037911950779602], [-74.23080484710567, 5.038287143939216], [-74.23092968510201, 5.038818655670408], [-74.2310440772521, 5.039120875858731], [-74.2312416372427, 5.039516879292749], [-74.23137757717167, 5.039747099421682], [-74.2315431564474, 5.040027507807615], [-74.23186545936582, 5.040506859719041], [-74.23207338987845, 5.040798635354423], [-74.23239565038692, 5.041090387791303], [-74.23261397077704, 5.0413613200189324], [-74.23284269887566, 5.041705204871006], [-74.23302986672417, 5.042090787223968], [-74.2333001807444, 5.042465929375244], [-74.23341460020053, 5.04287237252647], [-74.23342748579245, 5.042996133162678], [-74.23346668213303, 5.0433726348210115], [-74.23347716371717, 5.043768678885573], [-74.23348764717882, 5.044164723843532], [-74.23362284432973, 5.044529475117769], [-74.23390355447101, 5.044904613207904], [-74.23414264293085, 5.045092159740226], [-74.23439202612205, 5.0448419696171385], [-74.23468299935918, 5.044675145159808], [-74.23521317279074, 5.045154446554148], [-74.2358472905231, 5.045675415332587], [-74.23633585846511, 5.046019237974793], [-74.23600331168444, 5.046196495215659], [-74.23579548603371, 5.046384146591833], [-74.23548373639001, 5.04660308688568], [-74.23526551773143, 5.04679073802434], [-74.23497455403263, 5.047009678433352], [-74.23517208379522, 5.047249343771476], [-74.23540077244098, 5.047384781128491], [-74.2351513751048, 5.047593286068425], [-74.23491237844883, 5.047801786550025], [-74.23478770865601, 5.048031110120129], [-74.23468858295784, 5.048333867839909], [-74.2347852644357, 5.048566899089332], [-74.23486583492218, 5.048776813980631], [-74.23495444861251, 5.0489867225941145], [-74.23504306171776, 5.0491643347231], [-74.2352202558268, 5.049366149444895], [-74.23537328112133, 5.049535675636404], [-74.23551825235093, 5.049729424513246], [-74.23556659716209, 5.049842458732408], [-74.23557467215798, 5.049939342666283], [-74.2355344287782, 5.050020094358118], [-74.23551029868415, 5.050116997982867], [-74.23551032064667, 5.050205806397331], [-74.23558280421621, 5.050286534390403], [-74.23566333548052, 5.050367262429104], [-74.23576804913785, 5.050504499832582], [-74.23588080420681, 5.050641738179418], [-74.23598551084173, 5.050762832744341], [-74.2360648015154, 5.050868790198347], [-74.23610632346426, 5.050924283895108], [-74.23617076567308, 5.05103731630673], [-74.23629965102683, 5.051263358471187], [-74.23638825604216, 5.05140867291069], [-74.23658156260827, 5.051675087169239], [-74.23670239979374, 5.051876919935643], [-74.23677736706814, 5.0520681687330455], [-74.2367874531218, 5.052093891465619], [-74.2367910137187, 5.052102978963948], [-74.23682055354601, 5.052175334012809], [-74.23683287767493, 5.052205521353484], [-74.23686352438321, 5.052280592348998], [-74.23692800346834, 5.052514738429906], [-74.23694761875225, 5.052620832093268], [-74.23696831068182, 5.052732729892604], [-74.23702471701878, 5.052934578618538], [-74.23703736420237, 5.052994735486656], [-74.237056969604, 5.05308798079764], [-74.2370200187786, 5.053112076797552], [-74.23689594752815, 5.053192977587519], [-74.2368921836782, 5.053216601316554], [-74.23686378493237, 5.053394845027637], [-74.23685578087361, 5.0535724834316955], [-74.23679943131827, 5.05365324330596], [-74.23676727237863, 5.053830881633444], [-74.23680755565282, 5.0539600620189535], [-74.23690421528437, 5.054113448124985], [-74.236941511881, 5.054144599400582], [-74.23700086524694, 5.054194170422746], [-74.23710555304197, 5.054266815473518], [-74.23730271823568, 5.055018137840412], [-74.23737501642732, 5.055208021625851], [-74.23750085780536, 5.05553852706655], [-74.23768267498143, 5.056140210439645], [-74.237771974329, 5.056306992525381], [-74.23782928781519, 5.056414037443363], [-74.23786421161132, 5.05648609796647], [-74.23794258429773, 5.056647793199485], [-74.2380275180825, 5.0570913225876515], [-74.23798803060508, 5.057187562507778], [-74.2379054960052, 5.057173900944692], [-74.2378869722231, 5.05725837805533], [-74.23782257934526, 5.057355278103479], [-74.23775818106294, 5.057468343560283], [-74.23770184763644, 5.057589469979055], [-74.2377501954794, 5.057718640215649], [-74.23777569987826, 5.057786789112153], [-74.23779853614215, 5.0578478176957065], [-74.23781462136803, 5.057884669886593], [-74.23773917631378, 5.0579280812818626], [-74.23774594193625, 5.057946158297408], [-74.23777450808831, 5.058022475429143], [-74.23782284878237, 5.058151647470619], [-74.23783893221828, 5.058188500566643], [-74.2380469893086, 5.058364152631326], [-74.23807271411947, 5.05839773177541], [-74.23816178613984, 5.058573281773534], [-74.2381323389913, 5.058572798778028], [-74.23787973092574, 5.05856865876296], [-74.2377638327348, 5.0585667583973875], [-74.2377589510455, 5.058566679051611], [-74.23758512676562, 5.058563831585634], [-74.23752788825925, 5.058562891331801], [-74.23752708104013, 5.05856117825169], [-74.23752657211759, 5.05856117017561], [-74.23751792945063, 5.058561029245748], [-74.23751941356197, 5.058563773425393], [-74.23751932967423, 5.058563788062648], [-74.23751925661253, 5.058563801774399], [-74.23752521418763, 5.058574501579635], [-74.23753213149216, 5.05858692412649], [-74.23752822978292, 5.058588778303653], [-74.23748361164094, 5.0586099800667315], [-74.23733187893728, 5.058667076777172], [-74.23698131298569, 5.058753056557597], [-74.23695697255656, 5.058759025940951], [-74.23695120942529, 5.058760438500739], [-74.23694880454224, 5.0587570038946525], [-74.2369476932182, 5.058755277821915], [-74.23694658165616, 5.058752475925928], [-74.23694572234218, 5.058751363740664], [-74.2369451384597, 5.058749894532876], [-74.23694115122544, 5.058744724800323], [-74.23693772611811, 5.058741446865151], [-74.23693530555835, 5.05873878499996], [-74.23693438541652, 5.058737476586189], [-74.23693296735138, 5.058734349542341], [-74.23693351627735, 5.058731664816378], [-74.23693204620052, 5.058729183004119], [-74.23693205332283, 5.058729132320947], [-74.23693206675792, 5.0587290798160796], [-74.23693000104758, 5.058725592987939], [-74.23692734746432, 5.058722337104873], [-74.23692316345368, 5.05871903075959], [-74.23691260158031, 5.058710350233488], [-74.23690243242636, 5.058704632222866], [-74.23689252837404, 5.058699294632593], [-74.23688609989732, 5.058696252253503], [-74.23688287393495, 5.058693783746144], [-74.23688039768331, 5.05869077906251], [-74.23687622178007, 5.058689366476824], [-74.23687018889741, 5.058687949292875], [-74.23686312136208, 5.0586847923173055], [-74.2368574901712, 5.058681558404866], [-74.23685155458074, 5.058678156778088], [-74.2368477515768, 5.058675921004463], [-74.23684383084816, 5.0586729869392], [-74.23683937507238, 5.058671968481567], [-74.23683501084241, 5.05866974101775], [-74.23683213777034, 5.058668267131688], [-74.23683034672273, 5.0586673449261665], [-74.23683115574333, 5.058669057099303], [-74.23682625679382, 5.058666066088437], [-74.23682178640634, 5.058664480340218], [-74.236817636828, 5.0586636259740105], [-74.23681355698756, 5.058661007087499], [-74.2368099918428, 5.0586585853726715], [-74.23680511723845, 5.058657486281042], [-74.23680064145262, 5.058655908686284], [-74.2367939992223, 5.058651490492109], [-74.23678828162546, 5.0586474197909785], [-74.23677331404704, 5.05864032928674], [-74.23676868911717, 5.058638138512563], [-74.23676831251178, 5.058637960078302], [-74.23676703131459, 5.0586375345469765], [-74.23676061563218, 5.05863505222174], [-74.23675877365027, 5.058633441549783], [-74.23675850993729, 5.058633317188864], [-74.23675010179431, 5.058629333961247], [-74.23674892230622, 5.058628775228086], [-74.23674476484027, 5.058627092971639], [-74.23673970315294, 5.058624408097682], [-74.23673823538728, 5.058623143255068], [-74.23673594878125, 5.058621172410981], [-74.23673288374317, 5.058618392339473], [-74.23672823351666, 5.058615709394443], [-74.23672786135073, 5.0586154929494915], [-74.23672296420315, 5.058612500124544], [-74.23671844281766, 5.0586092414718165], [-74.23671423502263, 5.058606714214959], [-74.23670894210309, 5.058603428080779], [-74.23670561287652, 5.0586002730155935], [-74.23670176713772, 5.058596914448309], [-74.2366981892038, 5.058593934486878], [-74.23669350219272, 5.058592312958509], [-74.23668906660285, 5.058590519940348], [-74.23668643605599, 5.058587990577494], [-74.23668439570204, 5.058585501709536], [-74.23668119912807, 5.058580926737847], [-74.2366785794206, 5.058577452728459], [-74.23667818076812, 5.058577068038642], [-74.23667782797739, 5.058576600923189], [-74.2366735015159, 5.058572403605879], [-74.2366709255885, 5.05856917652711], [-74.23666716959845, 5.058564612576022], [-74.2366629511557, 5.058558852438709], [-74.23665844923099, 5.0585534864364945], [-74.23665483595754, 5.058548050877029], [-74.23665015866295, 5.058541090022416], [-74.23664732340247, 5.058536242916628], [-74.23664483455013, 5.058531352623369], [-74.23664228440269, 5.058527445979895], [-74.23663955297867, 5.0585240617600515], [-74.23663597702722, 5.058519749003331], [-74.23663338939141, 5.058516057777061], [-74.23663111788866, 5.058512536052439], [-74.23662812638851, 5.058506664995272], [-74.23662631027138, 5.058502993107133], [-74.23662358478174, 5.05849750608816], [-74.23662198440888, 5.058493881743367], [-74.2366213274873, 5.058490536090237], [-74.23662009926552, 5.058486645019827], [-74.23661926771291, 5.058483044542442], [-74.23661870992856, 5.058482489146427], [-74.2366184992994, 5.058482284155654], [-74.23661848657598, 5.05848223622481], [-74.23661847925096, 5.0584821801403175], [-74.23661601850317, 5.058479736410234], [-74.23661325951035, 5.058478465888311], [-74.23661190062481, 5.05847704249501], [-74.23661047111726, 5.0584750166303705], [-74.23660787520367, 5.058470767149487], [-74.23660565234175, 5.058466250036475], [-74.2366023079691, 5.05845986843264], [-74.23659932097937, 5.058453996461772], [-74.23659668036412, 5.058449965126308], [-74.2365960674871, 5.058449382690986], [-74.23659588016528, 5.058449097127275], [-74.23659311321018, 5.058446483876434], [-74.23659180591297, 5.058445142722688], [-74.23658743140915, 5.058439402788253], [-74.23658027155079, 5.058429437259414], [-74.23657274406865, 5.0584197465907], [-74.23656509619101, 5.058407474717252], [-74.2365600231267, 5.058400220552242], [-74.23655599661664, 5.058395272570383], [-74.23655273965853, 5.058391684864926], [-74.23655271076044, 5.058391672252686], [-74.23655268005942, 5.058391660548681], [-74.23655191057891, 5.05839081330167], [-74.2365490263194, 5.058389624451657], [-74.23654756305346, 5.058388828293469], [-74.2365467894743, 5.0583877231822605], [-74.23654509575633, 5.058385310561225], [-74.23654387367414, 5.058382752269838], [-74.23654359504985, 5.058380476289504], [-74.23654334398863, 5.058377984910839], [-74.23654217236029, 5.058374435751806], [-74.23653994121476, 5.058371258683734], [-74.2365386113561, 5.058368013844157], [-74.2365362785677, 5.058365480292796], [-74.23653302251219, 5.0583618925854505], [-74.23652273293862, 5.058346920358648], [-74.2365203049966, 5.058342268819158], [-74.23651780549358, 5.058337470836342], [-74.23651703801437, 5.0583362517068675], [-74.23651394546754, 5.058331337229954], [-74.23651284038957, 5.058329573141879], [-74.23651133485131, 5.0583274225576265], [-74.23650732308468, 5.058321684644465], [-74.23650278458204, 5.058316536770424], [-74.23650205159346, 5.0583154243431405], [-74.23648043258089, 5.058282892294126], [-74.23647450547321, 5.058273973090265], [-74.23647362493273, 5.058273086243219], [-74.23647134783867, 5.058270896414515], [-74.23646852953715, 5.058269278556271], [-74.2364668678894, 5.058267598773039], [-74.23646475461383, 5.058263770013472], [-74.23646331427081, 5.058259837725751], [-74.23645793788964, 5.058251083051663], [-74.23644811636346, 5.05823597420751], [-74.23644154350613, 5.05822579130531], [-74.23643583426946, 5.058217088840456], [-74.23643213251924, 5.058210198506623], [-74.23642846987941, 5.058204422829037], [-74.23642489139527, 5.058198773664799], [-74.23642207976245, 5.058194488401639], [-74.23641994268557, 5.058191430588801], [-74.23641722062231, 5.058187271828662], [-74.23641680711683, 5.0581871432292935], [-74.23641630306656, 5.058186374194336], [-74.23641368391941, 5.058185571193173], [-74.23641150489566, 5.058183707814893], [-74.23640933162581, 5.05818107261922], [-74.23640741028629, 5.0581780587305305], [-74.23640623849178, 5.058175847791292], [-74.23640594736023, 5.058175063873002], [-74.23640484753197, 5.058172261952855], [-74.23640296458682, 5.0581690344547505], [-74.2364010798216, 5.058165798816796], [-74.23639743178504, 5.05816058590539], [-74.23639502510274, 5.058157151299372], [-74.23639210839927, 5.058152178577782], [-74.23638896137484, 5.058146609118363], [-74.23638836703827, 5.058145811301609], [-74.23638580784612, 5.05814236703358], [-74.23638346172831, 5.058136612368622], [-74.23638301422862, 5.058135687597702], [-74.23638091447599, 5.058131376545909], [-74.23637990196478, 5.058127514016958], [-74.2363796651473, 5.058126822286055], [-74.23637849281054, 5.058123374466896], [-74.23637768508924, 5.058121870397471], [-74.2363766410226, 5.058119923420126], [-74.23637633580952, 5.058119326825209], [-74.23637506698344, 5.058116860913426], [-74.23637258713583, 5.058113860757621], [-74.236370145674, 5.05811064246836], [-74.23636971757621, 5.058109956531318], [-74.2363684097832, 5.0581078779542885], [-74.2363675620063, 5.058107138529187], [-74.23636751132047, 5.058107056287805], [-74.23636745882827, 5.058106973145075], [-74.23636505286736, 5.058104869518992], [-74.23636248418508, 5.0581030810787], [-74.23635898015586, 5.0581010048825705], [-74.23635739847737, 5.0580996226301265], [-74.23635370249532, 5.058094344663151], [-74.23635183143264, 5.058091672697969], [-74.23634937609273, 5.058089224431845], [-74.23634882520814, 5.058088500726868], [-74.23634711557295, 5.058086258240343], [-74.23634165470416, 5.058080053491836], [-74.2363376500054, 5.058075661021928], [-74.23633360511631, 5.0580714866888785], [-74.23633258248206, 5.05807037300428], [-74.23632885449246, 5.058066296691275], [-74.23632788548622, 5.058065389201961], [-74.236324561795, 5.0580622956504255], [-74.23632394086057, 5.05806127077598], [-74.23632102442429, 5.058056438299493], [-74.2363173005113, 5.058051657128421], [-74.23631044923216, 5.058044533026778], [-74.23630935804273, 5.0580434303307085], [-74.23630601758988, 5.058040062652343], [-74.23630197648512, 5.05803455371095], [-74.23629770488147, 5.058029780823161], [-74.23629417921326, 5.058025810891879], [-74.23629062509168, 5.058022062694322], [-74.236286719323, 5.05801702309308], [-74.23628382353473, 5.058012610410672], [-74.23628151001866, 5.058009295061646], [-74.23628082066197, 5.058008826778352], [-74.23628050942641, 5.058008384918048], [-74.23627764086228, 5.0580064314684225], [-74.23627408938198, 5.058004550802004], [-74.23626750036988, 5.057994886386067], [-74.23626207264415, 5.057987126197789], [-74.23625643009227, 5.057979326607468], [-74.23624808513941, 5.057970596594991], [-74.23623852493813, 5.057957201869542], [-74.23623252608515, 5.057947559852236], [-74.23622772536858, 5.057940696947681], [-74.23622200874094, 5.057933327284882], [-74.23621637989368, 5.057926092271851], [-74.23621353708431, 5.05792201879313], [-74.23621001340193, 5.057916716970909], [-74.23620745226677, 5.057912247550993], [-74.2361987438023, 5.057901678743829], [-74.23619638634216, 5.057898980561383], [-74.23619218322855, 5.057894161396286], [-74.23618937868234, 5.057890280569795], [-74.23618645110045, 5.057886230777773], [-74.23618474199452, 5.057883791040028], [-74.23617895238226, 5.0578755239402], [-74.23617763593978, 5.057873641723684], [-74.23616395193837, 5.057857280739157], [-74.23616316526189, 5.057856405474957], [-74.23615475147975, 5.057847064842312], [-74.23615395346741, 5.0578459217747085], [-74.23614949747997, 5.057839556764168], [-74.23614856226102, 5.057838385004255], [-74.2361418429608, 5.05782995862044], [-74.23614124486801, 5.057829082996452], [-74.23613164928827, 5.0578151110643805], [-74.236131350132, 5.057815328790437], [-74.23613056203148, 5.057814178465375], [-74.23614373416538, 5.057802344608421], [-74.23616814084866, 5.057780416928637], [-74.23614364365567, 5.057754634834793], [-74.23613089915037, 5.057741222655554], [-74.23604262520341, 5.057648324563654], [-74.23603697075545, 5.0576399585789895], [-74.23598571426417, 5.05756412252345], [-74.23590980498462, 5.057451810650023], [-74.23584053494878, 5.05733995841321], [-74.23582355187186, 5.057312534209672], [-74.23579595483095, 5.0572679722514335], [-74.23572004017542, 5.057109483149428], [-74.23562515118999, 5.056881262682223], [-74.23555233104216, 5.0564802194711795], [-74.23536890900799, 5.056213976360389], [-74.23531694200163, 5.056139246335173], [-74.23522343743404, 5.056004784501149], [-74.23519593618724, 5.055966432051824], [-74.23507797255367, 5.055801928989], [-74.23498942106794, 5.055656126666216], [-74.23488190501193, 5.055535690731506], [-74.23475008165215, 5.055486766043837], [-74.23471118079789, 5.055472328714811], [-74.23452782219199, 5.05546603294171], [-74.23437608862092, 5.055497765987123], [-74.23419274652746, 5.0555612105056955], [-74.23412770198877, 5.055589182725248], [-74.23414048442007, 5.055787099318252], [-74.23418091868386, 5.055935642707837], [-74.23424363279847, 5.0561412908698005], [-74.23425504395631, 5.056178710380584], [-74.23430221406339, 5.056327246351468], [-74.23446387246891, 5.056543284233835], [-74.23459131407786, 5.056676822883234], [-74.23461204804896, 5.05669854870685], [-74.23466124385892, 5.056738892068575], [-74.23473989282348, 5.056803389441655], [-74.23476021749262, 5.056820056314418], [-74.23485394498552, 5.056953552344959], [-74.23488819280342, 5.057002334413205], [-74.23487474827914, 5.057076615451073], [-74.23485457254226, 5.057191409721983], [-74.2349286658235, 5.057285923004936], [-74.23502969927884, 5.05744120475834], [-74.23496241107372, 5.05763703533403], [-74.23493553287547, 5.057859866381889], [-74.23494865937077, 5.057894398043704], [-74.23496645247019, 5.057941210002463], [-74.23493712772301, 5.057961511116313], [-74.23488663924955, 5.058005214874816], [-74.23472871656872, 5.058141918432747], [-74.23466993042838, 5.058192806839158], [-74.23465732676841, 5.058203716680261], [-74.23453279004596, 5.058311517435694], [-74.23442790771044, 5.058397954248504], [-74.23415578088108, 5.058622214347503], [-74.23426356720212, 5.058845008767026], [-74.23435112884394, 5.058946276204329], [-74.23443198879205, 5.0591893381432405], [-74.23447765105253, 5.059391892526022], [-74.23447917072707, 5.0593986467861605], [-74.2345129002758, 5.059655225047424], [-74.23451383748592, 5.059658875093302], [-74.23457356093276, 5.059891542934043], [-74.23412921437125, 5.060236010298951], [-74.23389884901643, 5.0603698207182575], [-74.23387336842448, 5.0603846186480625], [-74.23344919840653, 5.060594040730505], [-74.23344748444177, 5.060591418221592], [-74.23335507804765, 5.060643082701504], [-74.23321537448093, 5.060674662573436], [-74.23298876823836, 5.060720538369961], [-74.23300489948153, 5.0607932023172415], [-74.23302365178424, 5.060877678158474], [-74.23302554384794, 5.060886199724331], [-74.23302558182301, 5.060886717206284], [-74.23290218429459, 5.060903178187577], [-74.23277874427276, 5.060921030833553], [-74.23276248514311, 5.060924272973131], [-74.23267845558172, 5.060941028139152], [-74.2326632914569, 5.06094405194136], [-74.23254491725345, 5.0609677327720854], [-74.23252295458624, 5.060870886044082], [-74.23249244104152, 5.060733737920663], [-74.23248542899746, 5.0607022202606124], [-74.23248276918349, 5.060703296623698], [-74.2324805737094, 5.060704184806343], [-74.23247673185568, 5.060705739351736], [-74.23244813118471, 5.060717310268725], [-74.23243758389273, 5.060721577543266], [-74.23241835929365, 5.0607293557270685], [-74.23241678414232, 5.060729993000062], [-74.2324033445608, 5.060735508089494], [-74.23238791960796, 5.060741838576077], [-74.23237996008598, 5.060745104723845], [-74.23236158322008, 5.060752646041158], [-74.23233928339482, 5.0607617972508425], [-74.23232999848682, 5.060765606999715], [-74.23231482418349, 5.060771834763804], [-74.23230060830214, 5.060777668014049], [-74.23229364417084, 5.060780526004853], [-74.23228967746212, 5.060773798106854], [-74.23228500739306, 5.06076587809564], [-74.23227271140722, 5.060771104180331], [-74.23225659986018, 5.060777951715464], [-74.23225587768282, 5.060778259821985], [-74.23224765421128, 5.060781754484114], [-74.23224265395115, 5.060783879456536], [-74.23223615974285, 5.060786638832611], [-74.23221226289739, 5.060796793803107], [-74.23220811194211, 5.060798557947663], [-74.23219689877232, 5.0608033232295675], [-74.23218079082746, 5.060810168041898], [-74.23216717738978, 5.06081583999115], [-74.23215943254534, 5.060819067726008], [-74.23213937889327, 5.060827422942968], [-74.23213466076722, 5.060829393559332], [-74.23209728181327, 5.060845006688612], [-74.23208722976075, 5.060849205155128], [-74.23206523407823, 5.060858392875888], [-74.23204969038797, 5.060864922641166], [-74.23203577680201, 5.06087076797896], [-74.2320349797815, 5.060871102467323], [-74.2320348304417, 5.060870861165704], [-74.23203409456376, 5.060869651017714], [-74.2320339986149, 5.060869491047912], [-74.2320167060234, 5.060840622329279], [-74.23175301133404, 5.0604642881412065], [-74.23161708768995, 5.060270298097013], [-74.23172868928206, 5.060247233849614], [-74.23169070575743, 5.060111105093715], [-74.2316310356277, 5.06001541487111], [-74.23145801381622, 5.059859935486683], [-74.23126330987661, 5.059634591182874], [-74.23085252784364, 5.059749553283792], [-74.23081331307287, 5.059654118143895], [-74.23081331044635, 5.0596388801440595], [-74.23081328629922, 5.059530596345117], [-74.23081192175376, 5.05950468500987], [-74.2306232442974, 5.059528904374668], [-74.23043587146724, 5.059554024216186], [-74.23022086749377, 5.059582847415694], [-74.23010978373529, 5.059597740820537], [-74.2298768543611, 5.0595908169945245], [-74.22985073609465, 5.059590040484998], [-74.22942498234065, 5.059577384997414], [-74.2293367023318, 5.059574758464966], [-74.22930903739496, 5.059573936008393], [-74.2293175063915, 5.05964172235489], [-74.22932106665702, 5.0596702507936735], [-74.22932485592851, 5.059700593859478], [-74.22933971349529, 5.0598937005342774], [-74.22934240887622, 5.059928675620864], [-74.22940369349821, 5.060147979087066], [-74.22945149459392, 5.060291670007966], [-74.22945905747359, 5.0603144063543875], [-74.22949998905455, 5.0604374596820945], [-74.229613762777, 5.060630432828111], [-74.22976266955173, 5.060792405366559], [-74.22977328915486, 5.060803956896023], [-74.22991615360158, 5.0609676020957295], [-74.2299988085832, 5.061027014590421], [-74.23008433596111, 5.061088489119588], [-74.23015137411203, 5.061166348782842], [-74.2303144236051, 5.061355719237229], [-74.23038814696238, 5.061449724364654], [-74.23047619681763, 5.0616174040398505], [-74.2304781682789, 5.061621161613521], [-74.23049089811587, 5.0616454299222555], [-74.23054566161177, 5.061749788663186], [-74.23067616880596, 5.061824467529427], [-74.23079901288646, 5.0619336733200155], [-74.2308330807584, 5.061963585108591], [-74.23063792271323, 5.062039197843837], [-74.23060480367423, 5.062052030459047], [-74.2305734933757, 5.062064163831737], [-74.23035008598438, 5.062064242761058], [-74.23020959587312, 5.06206429074703], [-74.22982437819822, 5.062064426285863], [-74.22983381038753, 5.062163400688761], [-74.22976332387337, 5.062159808540354], [-74.22965461880145, 5.062203689578599], [-74.22961570590547, 5.062219395992294], [-74.22956358130845, 5.06224043786126], [-74.22948425879123, 5.062272458842296], [-74.22946879118544, 5.062278701588482], [-74.22919505195652, 5.062389202690067], [-74.22917167065971, 5.062398639075282], [-74.22895404611859, 5.062453247098134], [-74.22877042633378, 5.062501027918469], [-74.22860619702115, 5.062582021190202], [-74.22849518361896, 5.062607737731986], [-74.22840702876829, 5.062628156613754], [-74.22828075587607, 5.062582978020745], [-74.22816513836509, 5.0625898233383895], [-74.22802230369697, 5.0625352967767165], [-74.22786586150286, 5.062467130536842], [-74.22778422937414, 5.062398947249391], [-74.22776530643064, 5.062345224345522], [-74.22774339884116, 5.062283019012979], [-74.22773249779455, 5.0621413670765705], [-74.22772975424469, 5.062105705302207], [-74.22772136592884, 5.061957694069853], [-74.22770927381427, 5.061744249880992], [-74.22758681453372, 5.061573778389151], [-74.22756190609697, 5.0615394525187725], [-74.22747795944262, 5.06142376431723], [-74.22749834770553, 5.061348738057158], [-74.22750023146162, 5.061336134909859], [-74.22751872313056, 5.061212337181266], [-74.22750517241225, 5.06116707406281], [-74.22747788396921, 5.061075945569854], [-74.2273797906085, 5.0610300690679795], [-74.22737585842229, 5.061028230693819], [-74.22724662937485, 5.061000980024007], [-74.22712420743544, 5.061001004806714], [-74.22711058512259, 5.060919167289922], [-74.2271105606451, 5.060803225879417], [-74.22712606177126, 5.060693620439853], [-74.22709865799227, 5.06054267285998], [-74.22701888376889, 5.060430734345119], [-74.22684342346807, 5.060374791623559], [-74.22664403385623, 5.060310862103649], [-74.22646058091624, 5.0601749539736085], [-74.22636484428811, 5.059999039686345], [-74.22626112420926, 5.059791144330822], [-74.22615741179833, 5.059623231001697], [-74.22606168749499, 5.05951129082163], [-74.22590215514256, 5.059359381620156], [-74.22577453474128, 5.0592474519692825], [-74.22567881057456, 5.059135518940449], [-74.22557510778763, 5.059007588424136], [-74.2255112711072, 5.058839667342776], [-74.22538364847537, 5.058743730230543], [-74.22522415378008, 5.058751757205902], [-74.22512846376434, 5.058791765526085], [-74.22498493020667, 5.058871766766735], [-74.22490518118316, 5.0588717845416955], [-74.22483341108544, 5.0588797966707455], [-74.22466514484056, 5.059033257925198], [-74.2246579953608, 5.059039777081548], [-74.22451447036295, 5.059151762641168], [-74.2243470250292, 5.05927975166569], [-74.22421942485629, 5.05927978017867], [-74.22403600427586, 5.059279820038718], [-74.22382848516409, 5.0593105072315225], [-74.22363182404393, 5.059228026320799], [-74.22335812283633, 5.059223988380828], [-74.22309494832447, 5.059208050182989], [-74.22293544704831, 5.059216082974668], [-74.22287915508387, 5.059213407824808], [-74.22276797348611, 5.05920812272458], [-74.22264834888273, 5.059208146728509], [-74.22249681118693, 5.059136206458715], [-74.22234526786387, 5.059048268960044], [-74.22216181685566, 5.058912362920622], [-74.2219943270961, 5.058840426355343], [-74.22181088823757, 5.058760491356819], [-74.22168326689903, 5.058664555187196], [-74.22162741973662, 5.058552607703259], [-74.22161868874844, 5.058383638354255], [-74.22158851156416, 5.0582215091511245], [-74.22153830444763, 5.058120876632238], [-74.22138771945875, 5.057961549498525], [-74.22124552975906, 5.057961580432711], [-74.22113679506634, 5.057953216715175], [-74.22120366554122, 5.057760298156693], [-74.2212956375291, 5.057584150167446], [-74.22137086537572, 5.0573744522759645], [-74.22128719879412, 5.057240271450953], [-74.22101116872838, 5.057156460598191], [-74.22077694387026, 5.057005541849506], [-74.22067652505257, 5.056770720442449], [-74.22057611591511, 5.056569447877235], [-74.22048408331273, 5.056435273586773], [-74.22023878008952, 5.056360961143664], [-74.2201244047662, 5.056326317369361], [-74.22011671489744, 5.056321822223451], [-74.21992364344065, 5.056208936581268], [-74.21976470722271, 5.056108322040752], [-74.21953885286129, 5.055999339803732], [-74.21956390056664, 5.055789653176037], [-74.21955550466429, 5.055621909953379], [-74.21953873295583, 5.055420622718262], [-74.21944669859447, 5.0552780596042775], [-74.21921248139675, 5.0551355231745925], [-74.21913393167485, 5.055096366408641], [-74.21913399360808, 5.055096191661927], [-74.21920952179745, 5.054882210830668], [-74.21935261660784, 5.054577119684322], [-74.2195493816389, 5.054211006081493], [-74.21957438815532, 5.053995664413245], [-74.21954990376697, 5.053777581016435], [-74.21948426188851, 5.053655443383943], [-74.2194842458429, 5.053580755962988], [-74.21948419547446, 5.053345359929572], [-74.2194259377956, 5.053053598997362], [-74.21939820530116, 5.05291470608483], [-74.21940671633008, 5.052554375411603], [-74.21919749970145, 5.052100874769264], [-74.21911115825561, 5.052407065259545], [-74.21883685783179, 5.052819852033763], [-74.21865198664321, 5.053017282795926], [-74.21827024694737, 5.053119052959643], [-74.21745308426983, 5.053316621218511], [-74.21708931667968, 5.053777278582979], [-74.21705887824395, 5.053940399773057], [-74.21690403071719, 5.053764018687606], [-74.21677733054382, 5.053580579613168], [-74.21666470027036, 5.053397132198395], [-74.2165168986079, 5.053248980822539], [-74.21640429445002, 5.053171381944441], [-74.21635501371698, 5.053065548790017], [-74.21626349961524, 5.052917384054884], [-74.21622126060147, 5.052811544914092], [-74.21611567908488, 5.052670439690768], [-74.21604528576111, 5.052536381272286], [-74.21597489987852, 5.052465833120209], [-74.21586931861222, 5.052338837608984], [-74.21584114474142, 5.0522047696858925], [-74.21581297644603, 5.052084818767075], [-74.21574962354094, 5.051993099958343], [-74.21562999904447, 5.051993120538725], [-74.21551740577915, 5.05198608660427], [-74.21542443343928, 5.051967464942081], [-74.21529009218432, 5.052038698941506], [-74.2151414885663, 5.05222504838665], [-74.2150675273597, 5.0523422056609455], [-74.21502384966456, 5.052411394109098], [-74.214887627229, 5.052572895660612], [-74.21476998147763, 5.052740610201651], [-74.21465853482934, 5.052933162238835], [-74.21459662585423, 5.053038756833045], [-74.2145099403679, 5.0531691998836115], [-74.21443963851047, 5.05328476594087], [-74.21436838055432, 5.053198459949088], [-74.21426446077044, 5.053118108195604], [-74.21405071078544, 5.053034799652659], [-74.21383485158964, 5.052949264587504], [-74.21379539390918, 5.052933629816438], [-74.21364131189863, 5.052857764712104], [-74.21376660325119, 5.052604175646038], [-74.21392138814471, 5.052324665246838], [-74.2140637875977, 5.052082416860895], [-74.21419313027424, 5.051796929760153], [-74.21424951265196, 5.0516724727864855], [-74.21429061958523, 5.051600306900511], [-74.21434050622051, 5.051512723612417], [-74.21454669902009, 5.051150713955815], [-74.21423492220532, 5.050978671071472], [-74.21399541212075, 5.050846500399373], [-74.21378366060793, 5.050721432119575], [-74.2135496588978, 5.050583215771998], [-74.21330166324955, 5.050436734595664], [-74.2131606035467, 5.050346964899525], [-74.21291142338625, 5.05018838555836], [-74.21277285670728, 5.050052400013306], [-74.21268839131656, 5.050013684875908], [-74.21263376379805, 5.049988641938058], [-74.21258181393154, 5.0499648299789355], [-74.212366137857, 5.049891257347005], [-74.21221009501602, 5.049780852847757], [-74.21214804514914, 5.049722804038518], [-74.21207240989915, 5.0496520388816055], [-74.21190717432984, 5.049403595443384], [-74.2117924219385, 5.049228764532287], [-74.21173050050709, 5.049136808100318], [-74.21166849857255, 5.0490447350861745], [-74.21146656283746, 5.048837709449643], [-74.21134264968407, 5.04876411711042], [-74.21131969315226, 5.048685890973498], [-74.21118657381727, 5.048423642129835], [-74.21110926831167, 5.048362908968936], [-74.21107677560244, 5.048337380290243], [-74.21101547010184, 5.048245128526953], [-74.2109635830716, 5.048167046808229], [-74.21080577858588, 5.048116447555895], [-74.21062904998703, 5.048122814102168], [-74.21047756624857, 5.048122844108922], [-74.21039549277818, 5.048027915607462], [-74.21028186550696, 5.0479519856659225], [-74.21018087244695, 5.047933017908419], [-74.21002307886096, 5.047952036415727], [-74.20986528976209, 5.047977381402366], [-74.2097706047642, 5.047945755109791], [-74.20967593417386, 5.047977418447818], [-74.20953076838732, 5.048009095317172], [-74.20942978160687, 5.0480154443853795], [-74.20930984001787, 5.047952174534605], [-74.20920883618868, 5.047882575434535], [-74.20908257135213, 5.047724356083357], [-74.20897522996201, 5.047521842016029], [-74.2088299945499, 5.047173749914026], [-74.20872266758563, 5.047059840586798], [-74.20862167111461, 5.047015558297609], [-74.20855224010963, 5.047002910503301], [-74.20848912525183, 5.047002921192881], [-74.20843231225209, 5.046958624504543], [-74.20831867552126, 5.046851053353911], [-74.20817978068878, 5.046661197437882], [-74.20794973004737, 5.046286480873618], [-74.20792722992724, 5.046249835731353], [-74.20761154514476, 5.04578151402463], [-74.20703700507346, 5.0449018378210395], [-74.20663927504019, 5.044401888493646], [-74.2066329440731, 5.044319608284357], [-74.20659532300331, 5.044265740664597], [-74.20658874763794, 5.0442563246053345], [-74.20651931073553, 5.044224687879119], [-74.20646926396314, 5.044197678604721], [-74.20643724884336, 5.0441804007100925], [-74.20641828960699, 5.044041161714588], [-74.20636987627908, 5.043925341778353], [-74.20625639128139, 5.0437621293951524], [-74.20610342508972, 5.043435696568803], [-74.20601952844179, 5.043218065518742], [-74.20599479020518, 5.04280751287346], [-74.20597000178017, 5.04214964187295], [-74.20600443294745, 5.04163519965706], [-74.20588111168925, 5.041605552929418], [-74.20572820043438, 5.04163030573747], [-74.20558022157674, 5.041630333170872], [-74.20560485513353, 5.041481942367522], [-74.205604835905, 5.041378065802916], [-74.20558509270943, 5.041293979949926], [-74.20547653448175, 5.041101087110254], [-74.20540745185882, 5.040987330322481], [-74.20539264050707, 5.040893349193516], [-74.20538512409257, 5.040769896155025], [-74.20536550096956, 5.0407137094307375], [-74.20531786239208, 5.040677192149044], [-74.20528702826539, 5.040587290710635], [-74.20523096925639, 5.040466497346687], [-74.20517771441735, 5.040337265806503], [-74.20514127433674, 5.040247370217933], [-74.20514965871644, 5.040137802995069], [-74.20513002635651, 5.040031044697356], [-74.20510760418618, 5.039955185911813], [-74.20502073962943, 5.0399327344021865], [-74.20485824585911, 5.039910281857764], [-74.20477978975332, 5.0399102960176645], [-74.20471814839863, 5.039885026253074], [-74.2046789190019, 5.03983165090692], [-74.20463686244865, 5.039685563360486], [-74.20450936121397, 5.039093008726309], [-74.20450440029818, 5.03893472236163], [-74.20451917817665, 5.038830842775359], [-74.20461286639026, 5.038652754396087], [-74.20467694319495, 5.038390583877313], [-74.20465224106641, 5.038192727164776], [-74.20451407512252, 5.0379108060262405], [-74.20440551360134, 5.037673390857743], [-74.20441040789082, 5.0374705950686], [-74.20443011572262, 5.037351876271476], [-74.20441530020317, 5.037257895969766], [-74.20435115396036, 5.037149084601923], [-74.20432154150302, 5.0370452138921635], [-74.20429684323915, 5.0368473589231675], [-74.20429679096394, 5.036575297944856], [-74.20425728240595, 5.036318098448153], [-74.20413885486852, 5.0360312219229675], [-74.2041334421619, 5.036001404368171], [-74.20410922446064, 5.035867995570022], [-74.20411410377872, 5.035561311344381], [-74.20408338488329, 5.035577391730014], [-74.20405229098799, 5.035593666440954], [-74.20382856199681, 5.035616284719842], [-74.20370565511506, 5.035652336803562], [-74.2034408707977, 5.035730005379324], [-74.20304124332085, 5.035825784397891], [-74.20284706543868, 5.03587450173011], [-74.20265951093592, 5.035921556368871], [-74.20229567367325, 5.036017329465254], [-74.2019855153033, 5.036095145591403], [-74.20160378051139, 5.036184937023749], [-74.20131747581, 5.036220879606811], [-74.20106696207695, 5.03627475844092], [-74.20088782895459, 5.036294594379425], [-74.20088571200613, 5.036280742678169], [-74.20088534400384, 5.036280816648229], [-74.20086693103508, 5.036178677620277], [-74.20090586819778, 5.036006721311085], [-74.20093702659584, 5.035912925600741], [-74.20095260282321, 5.035850395969175], [-74.20089803942813, 5.035819142607011], [-74.20078111679803, 5.03575663848602], [-74.20072654407787, 5.035678490677443], [-74.20074209411275, 5.0354752741401825], [-74.200742077247, 5.035381485280404], [-74.20069527403969, 5.0351782824286975], [-74.20057052214165, 5.034920382704369], [-74.20056929411169, 5.034917921126482], [-74.20043797371903, 5.034654668748201], [-74.20025865033493, 5.034326437827629], [-74.20020405429246, 5.0341232365803155], [-74.20018145465956, 5.03394220702527], [-74.20028822273385, 5.0338311300117535], [-74.200489022436, 5.033685014834495], [-74.20006818946095, 5.030928720796926], [-74.20003827871703, 5.030732805773036], [-74.19964227589014, 5.028099115730359], [-74.19963974121575, 5.028082273419614], [-74.19929380036686, 5.0257827423532655], [-74.19910371869936, 5.024505556213595], [-74.19897104708863, 5.023608633846114], [-74.19881859002447, 5.022577882082256], [-74.19862848826013, 5.021165838868241], [-74.1985546146024, 5.020787067093867], [-74.19849388760417, 5.020475692574992], [-74.19844997721292, 5.020178083070098], [-74.19825628599388, 5.01886532811329], [-74.19795547297338, 5.017002524473934], [-74.19790784736946, 5.016707612560515], [-74.19753511663615, 5.014543618620219], [-74.19748861072947, 5.014273611721372], [-74.19741013902866, 5.0137850315393315], [-74.19742383669946, 5.0135727102228245], [-74.19751515734744, 5.012864980856942], [-74.19753342151236, 5.012075058618008], [-74.19757451556426, 5.01182849819748], [-74.19762930767375, 5.011600193841712], [-74.19771149594987, 5.011472345817546], [-74.1977891184919, 5.011381025921813], [-74.19790783336975, 5.01132166800052], [-74.19808590858298, 5.011248610798126], [-74.1982274548164, 5.011221218389206], [-74.19835530301167, 5.011239478813087], [-74.19855164158871, 5.0113673285962115], [-74.19877080969097, 5.011563668111396], [-74.19890190346266, 5.011656699236342], [-74.1989123580075, 5.011664117752996], [-74.19905390333744, 5.011737175509062], [-74.19918631693935, 5.01179196974], [-74.19937685133009, 5.011827693958095], [-74.19955159789284, 5.011860457528161], [-74.19986208667417, 5.011883286704892], [-74.20024563151226, 5.011801101287973], [-74.200606347077, 5.01171891143847], [-74.2011953620146, 5.011604760717851], [-74.20157890702232, 5.01151800702963], [-74.20207660164532, 5.011426685675466], [-74.20238252567371, 5.011399290622613], [-74.20269301422687, 5.011408422124057], [-74.20309938927345, 5.011545404582924], [-74.20349206617671, 5.011750872924266], [-74.20381625268975, 5.01182392903625], [-74.20424545831214, 5.0118969870092105], [-74.20462443616636, 5.01189241900279], [-74.20503994368354, 5.011833061406417], [-74.20529564018796, 5.011755439274246], [-74.20537498054854, 5.011723326441033], [-74.20548741303301, 5.011677818180242], [-74.20554801482996, 5.011627314910893], [-74.20556960189258, 5.011609325183104], [-74.20566092090152, 5.011444949982747], [-74.2057191953388, 5.011253479176005], [-74.20572484646229, 5.011234913499487], [-74.20576964375626, 5.01112119205645], [-74.20577979659335, 5.011095422002605], [-74.20578420258339, 5.011084233854824], [-74.20588922125354, 5.010965521651308], [-74.20604903376686, 5.010837671002274], [-74.206105192165, 5.010808030319277], [-74.20621340942641, 5.010750914511611], [-74.20650106702458, 5.010673293717682], [-74.20687091425569, 5.010627634310922], [-74.20702861157157, 5.01062763375223], [-74.2071631378971, 5.010627634300215], [-74.20741126878016, 5.010621188150664], [-74.20751472077471, 5.010618501656744], [-74.20761973982405, 5.010545445827297], [-74.20774758794234, 5.010317145026488], [-74.20798502026285, 5.009951864914528], [-74.20829550897021, 5.009582018010626], [-74.20868097863948, 5.009093769223737], [-74.20899608374555, 5.008662210941533], [-74.2093111882279, 5.008127902548164], [-74.20948929088827, 5.007737448390502], [-74.20977014610888, 5.007168885078802], [-74.21003730001992, 5.006477024061283], [-74.21024965401527, 5.005819413333057], [-74.21032500486125, 5.005353605363506], [-74.2103267650041, 5.00532750607541], [-74.2103661052272, 5.00474394662062], [-74.2103700090086, 5.004451215207032], [-74.21037074411602, 5.0043961064356095], [-74.21037295647531, 5.004230187448109], [-74.21028390347254, 5.003784929684844], [-74.2101948525095, 5.003599978957621], [-74.210044149423, 5.003353371560179], [-74.2099073109057, 5.003203299537817], [-74.20972742448637, 5.003100508951703], [-74.20965161453796, 5.003057188428367], [-74.2095055023252, 5.002979568231801], [-74.20939135183832, 5.002751267364659], [-74.20931829655919, 5.00244990925386], [-74.2092909003385, 5.002112024122434], [-74.20926612026491, 5.002011354737892], [-74.20921784369959, 5.0018152326191885], [-74.20905803273924, 5.001477348410906], [-74.20894844908044, 5.001185124824344], [-74.20891648731741, 5.000933993579689], [-74.20892105336753, 5.0006554665199365], [-74.20897127867957, 5.000395205983585], [-74.20908542841993, 5.000107544346759], [-74.2092954660311, 4.999705736804716], [-74.20944157798837, 4.999504832310415], [-74.20965161330787, 4.99927653300449], [-74.20972027597803, 4.999205725020668], [-74.20979772701014, 4.999125852568878], [-74.21001232852404, 4.999011702859365], [-74.21023149763603, 4.998906685200827], [-74.21052828915354, 4.998874722635252], [-74.21076349353022, 4.998832508022834], [-74.21088443741274, 4.9988108004983065], [-74.21095602753678, 4.99878364388092]]]], "type": "MultiPolygon"}}, {"type": "Feature", "properties": {"CODIGO": "25777000100000011", "SECTOR_CODIGO": "257770001", "NOMBRE": "SAN MIGUEL", "Area_ha": 179.76287622567634, "Perimetro": 9533.714212609708, "Shape_Length": 9455.839074222655, "Shape_Area": 1797628.7622567634, "USO_CAMP": "Agricola", "Descripcion": "70% caf\u00e9 y 30% pl\u00e1tano."}, "geometry": {"coordinates": [[[[-74.2355739770862, 5.064202455130806], [-74.23559051782486, 5.064221568515654], [-74.23563263700211, 5.06427024853788], [-74.23574278698479, 5.064380650848648], [-74.23582800608963, 5.064466064534181], [-74.23587692047593, 5.064515089861977], [-74.23605282301365, 5.064789336015922], [-74.23611150172877, 5.065063606964841], [-74.2361172084627, 5.065200137922155], [-74.23613377351087, 5.0651935527095615], [-74.23617684498404, 5.0651782378832655], [-74.23621991645282, 5.0651629221497645], [-74.23624170733318, 5.065156577584512], [-74.23626349821295, 5.065150233018627], [-74.23628559595186, 5.065145349140319], [-74.23630769369025, 5.065140465261332], [-74.23631888463103, 5.065138712065931], [-74.2363300755734, 5.065136959775175], [-74.23634137848153, 5.0651357230142215], [-74.23635268228844, 5.065134484441739], [-74.23637557952148, 5.065133417347711], [-74.23639847675253, 5.065132349348082], [-74.2364216846228, 5.065132831605083], [-74.23644489339695, 5.065133314764325], [-74.23648712750702, 5.065136998991866], [-74.23653875549712, 5.065141502218044], [-74.23665199025241, 5.065156648654266], [-74.23676522591056, 5.065171795067664], [-74.23682558127466, 5.065180130666522], [-74.23688593664068, 5.0651884671641945], [-74.23691802019356, 5.065193903483245], [-74.23695010374489, 5.065199338895764], [-74.23699913280848, 5.065210368948382], [-74.23704816277348, 5.065221398090321], [-74.23708078326777, 5.065231134858167], [-74.23711340466329, 5.0652408707175764], [-74.23717817377022, 5.065263683003516], [-74.23724294378263, 5.065286495280113], [-74.23729125239694, 5.065303483977916], [-74.23733956191532, 5.065320472669778], [-74.23738222485125, 5.065333285583325], [-74.23742488868884, 5.065346097587088], [-74.23744584346386, 5.065351332575518], [-74.23746679824082, 5.065356568467996], [-74.2374973391562, 5.065362655551807], [-74.23752788097416, 5.065368742632325], [-74.23754311226139, 5.0653706425635034], [-74.23754121993642, 5.065375784618599], [-74.23753352996933, 5.065396481553293], [-74.23752792710557, 5.065411496791512], [-74.23751856814154, 5.065437100102692], [-74.23751308314269, 5.065451936867246], [-74.23750670532273, 5.065468925176289], [-74.2375013403309, 5.0654837608065435], [-74.23749639319784, 5.065496741674725], [-74.23749144416432, 5.065510621026366], [-74.23748786817139, 5.065520072309108], [-74.23748441015739, 5.06552940483564], [-74.23748261247941, 5.065534496040189], [-74.23748137273752, 5.06553784622126], [-74.23748047680282, 5.065540258357989], [-74.23747891202011, 5.065544450637307], [-74.23747685188398, 5.06555007889824], [-74.23747507780456, 5.065554768320453], [-74.23747366594364, 5.065558711483569], [-74.23747238841423, 5.065562119644981], [-74.23746985161696, 5.065569049034581], [-74.23746897369253, 5.065571442135779], [-74.2374671422274, 5.065576322583414], [-74.23746511977018, 5.065581835860967], [-74.23746350842961, 5.065586219144983], [-74.23746244015896, 5.0655891102576645], [-74.23746182981571, 5.065590813379193], [-74.23746078119655, 5.06559359949593], [-74.23746013754989, 5.065595346112214], [-74.23745932154846, 5.0655975617515345], [-74.23745912588815, 5.065598112252372], [-74.2374587973103, 5.065598992359522], [-74.23745863478128, 5.0655994088845855], [-74.23745853787925, 5.065599697705428], [-74.23745842744238, 5.065599986552154], [-74.23745823446494, 5.065600524380477], [-74.23745798398657, 5.0656011926119], [-74.23745772905511, 5.065601891615499], [-74.23745760782305, 5.065602197674333], [-74.23745742379829, 5.065602698388176], [-74.23745738609858, 5.065602802513824], [-74.23745685832168, 5.06560427022594], [-74.23745684485392, 5.065604305539414], [-74.23745488944273, 5.065609488431816], [-74.23744821439807, 5.065627712379871], [-74.2374460393819, 5.065633665688592], [-74.23744327351038, 5.065641131165929], [-74.23743927254937, 5.065652021010153], [-74.23743570535088, 5.065661826963026], [-74.23743454087554, 5.065664899222427], [-74.23746470012048, 5.06566197237721], [-74.23750168266595, 5.065658518546087], [-74.23754606175117, 5.065654200945684], [-74.23758962991579, 5.065650026949182], [-74.23762799707322, 5.06564633249678], [-74.23766760384585, 5.0656425424751435], [-74.23770072136134, 5.065639375613888], [-74.23774767892682, 5.065634865771412], [-74.2377932984319, 5.065630404630979], [-74.2378372481829, 5.065626182838269], [-74.23786212624375, 5.065623807157472], [-74.2378635358171, 5.065630993202991], [-74.23793853582534, 5.066013378553077], [-74.23802658499879, 5.066561935003339], [-74.23863226856234, 5.066581378160661], [-74.23859314953633, 5.066385467828297], [-74.23859805301215, 5.066296494500541], [-74.23938686566471, 5.066122340960982], [-74.23961944110066, 5.0660709942195545], [-74.23939408818421, 5.065885685086013], [-74.2397090249756, 5.065481416680979], [-74.23960239285897, 5.065448912900653], [-74.23951097739706, 5.065421046974888], [-74.23924177051487, 5.065311856776293], [-74.23901743451657, 5.065247642022224], [-74.23882514275171, 5.065170571774366], [-74.23873948811429, 5.065096428884557], [-74.23870400143107, 5.065036239883615], [-74.23870402051105, 5.065033938907352], [-74.23870932530974, 5.065034424590098], [-74.23871388933472, 5.064933973454963], [-74.23871725758569, 5.064859963247905], [-74.23871656919266, 5.064860006187042], [-74.23871588892052, 5.064860049110636], [-74.23870285095428, 5.064860862160312], [-74.23870274540465, 5.064860400002847], [-74.2387023140985, 5.064858507054602], [-74.23868297445846, 5.064773616504939], [-74.23866501823215, 5.064758479873664], [-74.23866034299711, 5.064754538408412], [-74.23859399422929, 5.064588233166135], [-74.23857548852084, 5.064567895811325], [-74.23852573938892, 5.064513215443616], [-74.23846147576694, 5.06444447490456], [-74.23845731298397, 5.06444002123682], [-74.23844605010949, 5.064427669469415], [-74.23840343637863, 5.064380938693538], [-74.23840158545421, 5.064378908215253], [-74.2383997381546, 5.064376885873328], [-74.23834342762399, 5.064315241024584], [-74.23832595267218, 5.064289837446578], [-74.23829556523484, 5.064246303495746], [-74.23827581996491, 5.064218017000134], [-74.23822691790104, 5.064149442472234], [-74.23822209021306, 5.064142672847342], [-74.23821373287663, 5.064130816781161], [-74.2382153252562, 5.064116471539059], [-74.2382684655788, 5.063990161084667], [-74.23838753533613, 5.0638136828866696], [-74.23853153146838, 5.063704863253188], [-74.23868536636327, 5.06363627447895], [-74.23892355706664, 5.0635573957416975], [-74.23938655576033, 5.06350003366235], [-74.23954912480998, 5.063462159056609], [-74.23973020346963, 5.063387002345075], [-74.24025899239814, 5.06311389140281], [-74.24075332979545, 5.062927708162899], [-74.24086908972309, 5.062905013455037], [-74.2409085429916, 5.062909806624675], [-74.2410521393028, 5.062828293677567], [-74.2411575464209, 5.062770356425336], [-74.24119470348879, 5.062748291008165], [-74.24122410606951, 5.062727683632828], [-74.24123650291934, 5.062717191185749], [-74.24124766451139, 5.0627062369382045], [-74.24126664199078, 5.062682964971875], [-74.24128160583726, 5.0626582195231835], [-74.24128962730256, 5.062641090523272], [-74.24130170266402, 5.0626058556949864], [-74.24130925067574, 5.062569465053968], [-74.24131121161865, 5.062550167076792], [-74.24131163735308, 5.062518850707028], [-74.24130596931944, 5.062464143051052], [-74.24130341959663, 5.062451964642113], [-74.2412937260983, 5.062405664981028], [-74.24128469182507, 5.062373366025952], [-74.24126706532722, 5.062321970288445], [-74.24124406500508, 5.062267944609853], [-74.24123039531734, 5.062240276320955], [-74.24118204613539, 5.062156460333014], [-74.24111552051815, 5.062049878813716], [-74.24108887797553, 5.062002229079739], [-74.24107858339418, 5.061980456406184], [-74.24106402747587, 5.061941340313045], [-74.24105651579664, 5.061908281103575], [-74.24105481557505, 5.0618896895628795], [-74.24105493841061, 5.061878865056729], [-74.24105773045152, 5.061861013185439], [-74.24106055162099, 5.061853235439548], [-74.241068727617, 5.061842381925549], [-74.24107222395267, 5.06184087866431], [-74.24108027868847, 5.061837415890274], [-74.24108983825548, 5.061837140600228], [-74.24111343938108, 5.061843302375009], [-74.24114662146421, 5.061859462961348], [-74.24117430724057, 5.061876901723593], [-74.24122463056636, 5.061908600362197], [-74.24130583305543, 5.061961083053323], [-74.2413495772658, 5.061985524125317], [-74.24141246683442, 5.062014173865163], [-74.241443474241, 5.062025552144957], [-74.24148573587333, 5.062037179382572], [-74.24151669657529, 5.062040626163748], [-74.24153016802619, 5.06203957246547], [-74.24154861739306, 5.062034160693998], [-74.24155730080942, 5.062029628125316], [-74.24157416211325, 5.06201665788273], [-74.24159437875048, 5.061993069568056], [-74.24159618658763, 5.061990959698526], [-74.2416065259702, 5.061974707540639], [-74.24162037945891, 5.061946399259849], [-74.24163137330213, 5.061913733458354], [-74.24163548994956, 5.061895889906064], [-74.24163855092982, 5.061877125469721], [-74.24164147176005, 5.061837390469819], [-74.24164110508359, 5.061809772685359], [-74.24163495766949, 5.061753518726739], [-74.24162574044067, 5.061711868894394], [-74.2416053353812, 5.061652733302669], [-74.24158877829659, 5.061616086677377], [-74.24155354606647, 5.061550669351609], [-74.24150699299332, 5.061469457609083], [-74.24148765633778, 5.061428796226769], [-74.24147082639332, 5.061382961749742], [-74.24146054637558, 5.061348475537423], [-74.24144072201163, 5.061267816050408], [-74.24142548171297, 5.061196291806607], [-74.24139570135914, 5.061041898340835], [-74.24137898505323, 5.060945377862961], [-74.24137266981141, 5.060900933824961], [-74.24136697321673, 5.060839741429583], [-74.2413667067341, 5.060785150089053], [-74.2413693226912, 5.060751138608542], [-74.24137999240016, 5.060684281480598], [-74.24139153072394, 5.060631458136608], [-74.24140853781638, 5.06055344881259], [-74.24141654432894, 5.060510023285665], [-74.24142918975204, 5.0604141016099025], [-74.2414332175406, 5.060363839709184], [-74.24143380636865, 5.060345175921857], [-74.2414355790419, 5.060289117591891], [-74.24143311950243, 5.060225780920186], [-74.24142982004469, 5.060195180158033], [-74.24142172003992, 5.060150266322527], [-74.2414203037965, 5.060145267234456], [-74.24128594578274, 5.0601116205118535], [-74.24115711544886, 5.060103578405119], [-74.2410202348941, 5.060143979068518], [-74.24086725507627, 5.060168242455505], [-74.240706179846, 5.060063307748743], [-74.24055317328741, 5.059974528346732], [-74.24038406400082, 5.059885756208963], [-74.2402310741068, 5.059877718546408], [-74.24016241851118, 5.05987773237196], [-74.24009418791121, 5.059877748995842], [-74.23994925213344, 5.05987778487247], [-74.23973987701741, 5.059805167237183], [-74.23956271562564, 5.059740616718447], [-74.23933723870064, 5.059668002599033], [-74.23929529523784, 5.059651835117633], [-74.23923052472378, 5.059652638546016], [-74.23908159331205, 5.059654482438197], [-74.23907138742518, 5.059654608728293], [-74.23904154522047, 5.059635256663893], [-74.23888276140768, 5.059532268697034], [-74.23887044214544, 5.059494364297628], [-74.23877115165688, 5.059435397489294], [-74.2386087639781, 5.059339006078997], [-74.23860246860555, 5.059335264045317], [-74.23847572018238, 5.059259461336464], [-74.23844946625128, 5.059243759631477], [-74.23831012036213, 5.05916071531197], [-74.23837675568066, 5.059092374056902], [-74.23836033087383, 5.059070587688271], [-74.23831414500339, 5.059010401826616], [-74.23824968693268, 5.058897380825155], [-74.23817719097116, 5.058719756110332], [-74.23816521599856, 5.058684932819542], [-74.23816073650468, 5.058671909351815], [-74.23815944265077, 5.058668147800434], [-74.23815912417582, 5.058667220975263], [-74.23816175686136, 5.0585744933747305], [-74.23816178613984, 5.058573281773534], [-74.2381607155909, 5.058571171984757], [-74.23807271411947, 5.05839773177541], [-74.2380469893086, 5.058364152631326], [-74.23812955128668, 5.0583152190894705], [-74.23816903462496, 5.05829181845429], [-74.23827720664458, 5.058227955397371], [-74.23841331821117, 5.058147598469202], [-74.23851026757688, 5.058086802435375], [-74.23854018819966, 5.058218657078457], [-74.2385641329135, 5.058380476985436], [-74.23862990283736, 5.058476364618222], [-74.23873751330673, 5.058554255133158], [-74.23892879280271, 5.05860215846806], [-74.23914399338138, 5.0587040025696375], [-74.23932333797472, 5.058817836989715], [-74.23965211161351, 5.05896759786038], [-74.23989122230374, 5.059063441329472], [-74.24030967040402, 5.059261130915568], [-74.24041374883167, 5.059295082889606], [-74.24056670821744, 5.0593449808519315], [-74.24065637262503, 5.059374925824106], [-74.24075200803075, 5.059380898099044], [-74.24086557757416, 5.059392855724658], [-74.24096718336216, 5.059368857283934], [-74.24103843834646, 5.059325685185165], [-74.24119890462649, 5.059325646482951], [-74.24139584506678, 5.059354852862173], [-74.24168760500281, 5.059391349377036], [-74.24187726170126, 5.059464443903567], [-74.24198668579888, 5.059530251927339], [-74.2420960944557, 5.059530224018226], [-74.24219820162757, 5.059515566613464], [-74.24229304686217, 5.059610629770416], [-74.24231495091774, 5.0597276387709185], [-74.24233686174159, 5.0598519740182475], [-74.24241972725488, 5.0599154903205], [-74.2424608834981, 5.059947033651284], [-74.24256301816548, 5.060049400879002], [-74.2426505696633, 5.060137141727443], [-74.24268706391449, 5.060246850727788], [-74.24267249958928, 5.0603565599685645], [-74.2426214810668, 5.060488221123427], [-74.24256315381696, 5.060605259158803], [-74.2425413050107, 5.060729605044113], [-74.24253406832847, 5.060963645817768], [-74.24254139728453, 5.061109931699366], [-74.24259249677812, 5.061270821402675], [-74.24267274729245, 5.0613805106628735], [-74.24270949638814, 5.061397694901018], [-74.24278217907036, 5.061431686723402], [-74.24299369936682, 5.061453570771847], [-74.24313957868814, 5.061460851338251], [-74.24330733971752, 5.061460810647756], [-74.24345320249975, 5.061402265225576], [-74.24357725769623, 5.061672856095058], [-74.24364294129734, 5.0618118021891485], [-74.24367944704869, 5.061958069046291], [-74.24370136050975, 5.062104343116478], [-74.2437305714912, 5.062257929422999], [-74.24375977533063, 5.062382262278344], [-74.24377439945724, 5.06252122227219], [-74.24380360513332, 5.062645555116131], [-74.24381822705335, 5.062762567097406], [-74.24392766714122, 5.0629015095728125], [-74.24400791589774, 5.06297463151488], [-74.2441173403315, 5.063033112716802], [-74.24421946457002, 5.063084288908267], [-74.24434348046977, 5.06315739633934], [-74.24446749910867, 5.063245138150794], [-74.24447645635408, 5.063250747046399], [-74.2445842116668, 5.063318245989766], [-74.24470822176347, 5.063369406242184], [-74.24482601215637, 5.063474343206194], [-74.24482653187742, 5.06347480637478], [-74.24486028870842, 5.0634861601701004], [-74.24487125536751, 5.063489848804217], [-74.24489787655529, 5.063498801379948], [-74.24513164807016, 5.063577424067927], [-74.2452246807352, 5.063701746177954], [-74.24532803878331, 5.063794981716851], [-74.24545208514222, 5.063960741442654], [-74.24545410088865, 5.063974864375522], [-74.2454624373473, 5.0640332773986465], [-74.24564850389054, 5.064281919622896], [-74.2457885939402, 5.064422329944629], [-74.24580354975987, 5.064437315583673], [-74.24582830011691, 5.064455034801304], [-74.24594824790996, 5.06454089933213], [-74.24611358681247, 5.0645512215596025], [-74.24627895002995, 5.064634075120013], [-74.24653733013601, 5.064789444646284], [-74.24672337923178, 5.064965552311067], [-74.24682543843873, 5.065099807775557], [-74.2468887715768, 5.065183118299407], [-74.24697149133085, 5.065379980432156], [-74.24696129808198, 5.065503016274462], [-74.2469508878932, 5.065628676485065], [-74.24691993565514, 5.065825564045837], [-74.24692465287771, 5.066023215287504], [-74.24678895644097, 5.066099797559823], [-74.24671875884867, 5.066187207226693], [-74.24668010074781, 5.066235345250207], [-74.24684176847896, 5.0662823796972445], [-74.24695918632703, 5.066372790039501], [-74.24705717182222, 5.06643407034988], [-74.24721261847596, 5.066507666522781], [-74.24732428751403, 5.066507638513417], [-74.24738535458329, 5.06651348889161], [-74.24742450071827, 5.06651048272705], [-74.24739296491181, 5.0663554491291505], [-74.24736979222303, 5.066246711202371], [-74.24744423568227, 5.0662428624645806], [-74.24753776986857, 5.066246666885381], [-74.24762748740301, 5.066256213338985], [-74.2476484718027, 5.066268408615873], [-74.24769812858091, 5.066311703917224], [-74.2478054479713, 5.066443652567567], [-74.24784124838887, 5.066478336358296], [-74.24804033602994, 5.06647667199377], [-74.24816336379509, 5.06647585917217], [-74.24842339723973, 5.066635028276899], [-74.24862155788936, 5.066754477003259], [-74.24862401199461, 5.066859650964104], [-74.248873375196, 5.067032664099081], [-74.24916109812227, 5.067224902609813], [-74.24933191824785, 5.067331494020298], [-74.24936352457311, 5.067488664417885], [-74.24943039203052, 5.067708768569803], [-74.24947580157621, 5.067986298979531], [-74.24952121046115, 5.068268615817029], [-74.24960865528854, 5.06825328043539], [-74.24967545612681, 5.068222637561238], [-74.24980333341901, 5.0681613520020425], [-74.24994266314935, 5.068103892441753], [-74.25004000077804, 5.068056970906177], [-74.2500653824668, 5.06805094286557], [-74.25006517947993, 5.068056125100034], [-74.25006367385102, 5.0680943290534115], [-74.24998426185222, 5.068121070368919], [-74.24980529527963, 5.068214506658933], [-74.24963591129672, 5.06831025699277], [-74.24953553941437, 5.068318857527717], [-74.24958472201837, 5.068429383575628], [-74.24975699733223, 5.068439386289104], [-74.24983490548202, 5.068448936175724], [-74.24989804543071, 5.068505524865004], [-74.2498853537682, 5.068572426559975], [-74.24988537326547, 5.068647815226008], [-74.24988541311447, 5.068798094910857], [-74.24984944850215, 5.068969611298604], [-74.24971446110611, 5.069123098042108], [-74.24953443800564, 5.069177304746413], [-74.24939940933878, 5.069186365861263], [-74.24926436952511, 5.0691412650789625], [-74.24917942195191, 5.069098704102485], [-74.24913832825303, 5.06907811402682], [-74.24906628091115, 5.06895175903755], [-74.24894922549856, 5.068825415870023], [-74.24893919639658, 5.068813815677529], [-74.24883216542423, 5.068690044488764], [-74.24874212384806, 5.068599800756588], [-74.24850970755736, 5.068713945211527], [-74.24830178040351, 5.068853020503674], [-74.24820349999477, 5.068956105199252], [-74.24808398089905, 5.069081467490334], [-74.24790901760235, 5.0692657729505175], [-74.24788597449643, 5.069290046424385], [-74.24771997169738, 5.069349544083755], [-74.24760872244241, 5.069389417492461], [-74.24733144498475, 5.069399420421112], [-74.24711356891238, 5.069339895240578], [-74.24691552240759, 5.069369730602214], [-74.2468520351497, 5.069399709063458], [-74.24674719546891, 5.069449213445603], [-74.24663831625851, 5.069677633743361], [-74.24661443456296, 5.069777528324607], [-74.24657896516177, 5.069925899652313], [-74.24651958513132, 5.070074866307316], [-74.24640512658482, 5.070214308362178], [-74.24639662572825, 5.070224662211199], [-74.24638098877314, 5.070243714189167], [-74.2462324640757, 5.070323187740131], [-74.2460938282728, 5.070333153664246], [-74.24595161882394, 5.070338672970403], [-74.24583635910109, 5.07034315044367], [-74.24569773556922, 5.070422623811494], [-74.2455987446713, 5.070561664998937], [-74.24537100886126, 5.070670957058442], [-74.24508382192992, 5.070661095944108], [-74.24487584303266, 5.07059163879677], [-74.24474677426929, 5.0704992392438095], [-74.24474433372691, 5.070497493134356], [-74.24474230521128, 5.070496041199817], [-74.24473718016, 5.070492373012516], [-74.24448961114649, 5.070502362878584], [-74.24429575919315, 5.0705262104848146], [-74.24409778976886, 5.070536334547388], [-74.24396110240124, 5.070504124843106], [-74.24380832287012, 5.070391295721871], [-74.24364751027635, 5.070310717717844], [-74.24350279991644, 5.070326874643129], [-74.24336251518591, 5.0703659907575025], [-74.24335808348737, 5.070367225301178], [-74.24324553769087, 5.070391435558857], [-74.24312494744761, 5.070399531195437], [-74.24299629406214, 5.070326999179331], [-74.24285155357545, 5.070214173323296], [-74.24260233082306, 5.070254546487606], [-74.24240134868896, 5.0703190884699545], [-74.24227273373886, 5.070407795477355], [-74.24213609369554, 5.0705287617620645], [-74.24201552323578, 5.070649721582347], [-74.24179847871495, 5.070746513731635], [-74.24174564272872, 5.070779643587476], [-74.24172022196952, 5.0707955827306375], [-74.24160554915059, 5.070867485841266], [-74.24138352235786, 5.070941430996829], [-74.24130524249514, 5.070951029386052], [-74.24104002120026, 5.0709835518503805], [-74.2409111374436, 5.0708636167224554], [-74.24079636894663, 5.070846720719082], [-74.24071028918699, 5.07083404667288], [-74.24056125476189, 5.070867832505352], [-74.24035588984121, 5.07098221670988], [-74.2402536927799, 5.071059490174457], [-74.24010245149806, 5.071173847371132], [-74.24009787154309, 5.0711773116376655], [-74.24009782738756, 5.071177342486012], [-74.24004877473276, 5.071213306084232], [-74.24000396510387, 5.07124230986487], [-74.23989765700858, 5.071311118515584], [-74.239809228528, 5.071359052307094], [-74.23978240188592, 5.071373593437915], [-74.23972392159523, 5.071402931970224], [-74.23963748394483, 5.071423592682473], [-74.2396211780832, 5.071423241222874], [-74.23958439740312, 5.071422449483609], [-74.2395570627526, 5.071421861304109], [-74.2394763816387, 5.071401655044029], [-74.23936552827547, 5.071362535425428], [-74.2392316472488, 5.071295452364713], [-74.23919502980038, 5.071277103301288], [-74.23917451637293, 5.071266825052489], [-74.2391716406682, 5.071264478052896], [-74.23899406176267, 5.071119489274661], [-74.23886141470257, 5.071178051497223], [-74.23875870077546, 5.071239457157144], [-74.23860287031107, 5.071239495228545], [-74.23844702979342, 5.071190701427073], [-74.23837751641649, 5.071153188971025], [-74.23836431883164, 5.071146068044582], [-74.23832040124599, 5.07112236827393], [-74.2382034968644, 5.070985668686922], [-74.23804763571759, 5.070858745998023], [-74.23788204844219, 5.070780660176423], [-74.2378028947855, 5.070780678754886], [-74.23767752176057, 5.070780707108785], [-74.23746327264604, 5.0708491221924366], [-74.23729772175436, 5.070937057635696], [-74.23718088155827, 5.071073808596328], [-74.23699586250773, 5.07119104744396], [-74.2368205775882, 5.07128874717807], [-74.23671345919995, 5.071347374166503], [-74.2366160787798, 5.071405991557154], [-74.23647001189286, 5.071513450734235], [-74.23627522649505, 5.0715134985469446], [-74.236002522049, 5.071503796663152], [-74.23577850514883, 5.071464785124075], [-74.23563238581367, 5.0713378603310995], [-74.23544729605754, 5.071152349081097], [-74.23533039266503, 5.071025415390177], [-74.23516479905022, 5.070927792973219], [-74.23501871700763, 5.0709571238932085], [-74.23485314477816, 5.070957163371121], [-74.23451226166951, 5.0709279448149305], [-74.23433693155064, 5.070840088311653], [-74.23422003662645, 5.0707326929], [-74.23410003407629, 5.07062101004581], [-74.23408365390468, 5.070605764430786], [-74.23383537699895, 5.070564330095991], [-74.23373302602572, 5.070547247115359], [-74.23346032086559, 5.070537544956575], [-74.23322657726919, 5.070557130494612], [-74.23299283309922, 5.0705474171415625], [-74.23287108909327, 5.070547447582237], [-74.23277856721563, 5.0705474693196715], [-74.232653567176, 5.07048210861488], [-74.23255453505982, 5.070430324879985], [-74.23243762953003, 5.070283861874622], [-74.23230125169408, 5.070156933815863], [-74.23212590473138, 5.070010478978045], [-74.23197006555053, 5.069961688849063], [-74.23186717541996, 5.069953843824394], [-74.23183669724948, 5.069953851231103], [-74.23182243674852, 5.069953855783714], [-74.23174489339449, 5.069971817539074], [-74.23164349074327, 5.069992777155799], [-74.23156893280752, 5.070016721272717], [-74.2315003421132, 5.0700526265322745], [-74.23135719932527, 5.070139393227085], [-74.23127667651656, 5.070169319556108], [-74.23111305600132, 5.070206038245524], [-74.23083061635036, 5.070196332660348], [-74.23076639991145, 5.070168754900003], [-74.23072929024875, 5.069968972582417], [-74.23058313047235, 5.070011703869917], [-74.23047723103522, 5.070033904233106], [-74.23035049083818, 5.070022525814746], [-74.23026816885003, 5.070008189145618], [-74.23005451715372, 5.069846927725482], [-74.22996030832819, 5.069757037066523], [-74.2299019516529, 5.069689837924286], [-74.22979204504075, 5.069563274136419], [-74.22975621734565, 5.0694089589593005], [-74.22970723239746, 5.069188160297238], [-74.2296523398067, 5.069046501735377], [-74.2293910181108, 5.06883840505564], [-74.22911719601912, 5.068634809924854], [-74.22910550190663, 5.068658275036962], [-74.22908892376579, 5.068769256021882], [-74.22908255271888, 5.068811917550792], [-74.22907475752463, 5.068982839490636], [-74.22889220903136, 5.068966240157342], [-74.22863898413061, 5.068966297922997], [-74.22837601818257, 5.068937056231376], [-74.22815197996654, 5.068800382194122], [-74.22812271606672, 5.068595300475863], [-74.22813044024159, 5.068528041647286], [-74.22815187905039, 5.068341377082389], [-74.2281323669141, 5.068185123360623], [-74.22811213517494, 5.068056814452867], [-74.22810311020253, 5.06799957208232], [-74.22812253202633, 5.067755414776883], [-74.22811276282857, 5.067608921803242], [-74.22806401642244, 5.067394077887705], [-74.22803951532975, 5.067373030417039], [-74.22792764306185, 5.0672769160299875], [-74.22777397073887, 5.067248934036513], [-74.2277133681681, 5.067237899012267], [-74.22763540082822, 5.067243929210991], [-74.2274601491123, 5.06725748932854], [-74.22729457696741, 5.067247757333634], [-74.22717768406277, 5.067150123170302], [-74.22716501340747, 5.067124727282268], [-74.22716363303272, 5.067121961161282], [-74.22709973540707, 5.066993887012521], [-74.22713865558636, 5.066827851651566], [-74.22721652354623, 5.066603210702156], [-74.22727491925097, 5.066427408901538], [-74.22725970949574, 5.066336035864346], [-74.22724566155276, 5.066251625902325], [-74.22702163596469, 5.066154015728028], [-74.22679763090677, 5.066144298448114], [-74.22670022343837, 5.066075955922463], [-74.22670017217295, 5.065841567666762], [-74.2267195915944, 5.0655876463994485], [-74.2267604577057, 5.065526147217667], [-74.22689484039525, 5.0653239227670035], [-74.2269922069377, 5.065196940698944], [-74.22707458148781, 5.0650021547315855], [-74.22709752839971, 5.064825469218996], [-74.22710124396204, 5.0648119487311005], [-74.2271256075339, 5.064723305563335], [-74.22715876173626, 5.064602678541677], [-74.22725830161944, 5.064379881277972], [-74.22735783769122, 5.064134040142932], [-74.22728886190859, 5.0639957837115315], [-74.22728883214437, 5.0638575078267465], [-74.22730411645605, 5.063680820567108], [-74.22744231451954, 5.063515846537405], [-74.22738832638105, 5.063427299470772], [-74.2272810413014, 5.063258322020339], [-74.2272580275978, 5.063135417307294], [-74.22745719521474, 5.063081601191206], [-74.22761805429715, 5.062997066751628], [-74.22769463395392, 5.062874138778049], [-74.22770310412763, 5.062835880629535], [-74.2277164844353, 5.0627754406318495], [-74.22772524716926, 5.062735857276843], [-74.22772521706231, 5.062596457627387], [-74.22772520434555, 5.06253612898639], [-74.22774975729392, 5.062419251565515], [-74.22776530643064, 5.062345224345522], [-74.22778422937414, 5.062398947249391], [-74.22786586150286, 5.062467130536842], [-74.22802230369697, 5.0625352967767165], [-74.22816513836509, 5.0625898233383895], [-74.22828075587607, 5.062582978020745], [-74.22840702876829, 5.062628156613754], [-74.22849518361896, 5.062607737731986], [-74.22860619702115, 5.062582021190202], [-74.22877042633378, 5.062501027918469], [-74.22895404611859, 5.062453247098134], [-74.22917167065971, 5.062398639075282], [-74.22919505195652, 5.062389202690067], [-74.22946879118544, 5.062278701588482], [-74.22948425879123, 5.062272458842296], [-74.22956358130845, 5.06224043786126], [-74.22961570590547, 5.062219395992294], [-74.22965461880145, 5.062203689578599], [-74.22976332387337, 5.062159808540354], [-74.22983381038753, 5.062163400688761], [-74.22982437819822, 5.062064426285863], [-74.23020959587312, 5.06206429074703], [-74.23035008598438, 5.062064242761058], [-74.2305734933757, 5.062064163831737], [-74.23060480367423, 5.062052030459047], [-74.23063792271323, 5.062039197843837], [-74.2308330807584, 5.061963585108591], [-74.23087184401444, 5.061997624786535], [-74.23091664934073, 5.062036966957777], [-74.2309758429241, 5.062088600836469], [-74.23102770386461, 5.0621338407438765], [-74.231075710175, 5.062201558169157], [-74.23110754987385, 5.062247980726981], [-74.23113542325005, 5.062284538379753], [-74.23115306834936, 5.062313714087916], [-74.23116116496345, 5.062327100822009], [-74.23118142205215, 5.062355193021476], [-74.23122517234914, 5.062415870006593], [-74.23124579863934, 5.062409211148891], [-74.23127319183656, 5.062463814444423], [-74.23131756074363, 5.062553856035283], [-74.2313639257132, 5.06264872282444], [-74.23142562229435, 5.062774689720436], [-74.23153878176466, 5.062882328478956], [-74.2316886045754, 5.063025731765573], [-74.2317302068752, 5.063115676323363], [-74.23174521898257, 5.063148158684569], [-74.23176655791013, 5.063194314340466], [-74.2317988588512, 5.063233132797002], [-74.23187510539016, 5.0633241849561825], [-74.2318993253109, 5.06335357431962], [-74.23196246554504, 5.063408849667772], [-74.23199153801713, 5.063433860436642], [-74.23204201065604, 5.063516385778819], [-74.2320474891369, 5.063522823970351], [-74.23204859785669, 5.063524127508619], [-74.23204914226619, 5.063524766176856], [-74.2320336475912, 5.063536246108458], [-74.23203263479634, 5.0635369963185575], [-74.2320319544946, 5.063537500690796], [-74.23223187864585, 5.0636300618506995], [-74.23226623834798, 5.06368487348691], [-74.23226705380824, 5.063686174868478], [-74.2324289810693, 5.06376254513772], [-74.23257543691999, 5.06378166458845], [-74.23257987566366, 5.063782246075111], [-74.23269659157698, 5.063821768709371], [-74.23281715517338, 5.063845652404135], [-74.23285600686198, 5.063885298879847], [-74.23292751099633, 5.063958256352098], [-74.23303185194803, 5.064063717358218], [-74.23305602545656, 5.064070951445683], [-74.23310529822598, 5.06409016270368], [-74.23313040819585, 5.064075885741127], [-74.23313511777555, 5.06407320575404], [-74.23315714540162, 5.064063693990469], [-74.23319964576307, 5.064056480355114], [-74.23321747418905, 5.06405470913985], [-74.23322159704979, 5.064054301355821], [-74.23329409170253, 5.064047113804917], [-74.23338635533906, 5.064065113003896], [-74.23340907368805, 5.064062979586922], [-74.23345099234224, 5.064124003660658], [-74.23345254442154, 5.064129281202484], [-74.23345445202284, 5.064132181117987], [-74.23345683334747, 5.064135081940274], [-74.23346153648842, 5.0641370988574685], [-74.23346634133762, 5.064139933533447], [-74.23346794027574, 5.064142797844547], [-74.23347022011613, 5.064146427236181], [-74.23347209755357, 5.064148646788274], [-74.23347785811326, 5.064150606496311], [-74.23348248519949, 5.064153914729131], [-74.23348554811183, 5.064156037921049], [-74.23348748850523, 5.064160052505845], [-74.23348951799157, 5.064164893921653], [-74.23349231526124, 5.064169208176666], [-74.23349535011053, 5.064171759399455], [-74.23350075236498, 5.064175104156902], [-74.2335054276723, 5.064179098147247], [-74.23350812239968, 5.064183582702799], [-74.23351107849074, 5.064187427056058], [-74.23351537063844, 5.064191118663588], [-74.23351947225014, 5.06419473372496], [-74.23352471479855, 5.064198557433605], [-74.23352875093708, 5.064201905699291], [-74.23353208640067, 5.06420548240894], [-74.23353363373838, 5.064209210011508], [-74.233537376877, 5.064213645518235], [-74.2335413198919, 5.064219276809222], [-74.23354761303965, 5.064225157873811], [-74.2335508787513, 5.064230018648567], [-74.23355452605603, 5.064236735376067], [-74.23355973082847, 5.064242527128627], [-74.23356535606108, 5.064249734114979], [-74.23356818088114, 5.064255729462941], [-74.23357408567136, 5.064262849958896], [-74.23358117074872, 5.064271421337739], [-74.23358455361533, 5.0642766800074135], [-74.23358670917794, 5.06428091314673], [-74.23358824371917, 5.064284077978599], [-74.23359129226017, 5.064287187445376], [-74.23359373550463, 5.064291335888508], [-74.23359804487497, 5.064294592246424], [-74.23360320573182, 5.064298160952034], [-74.23360463577184, 5.064300938722253], [-74.23360768160087, 5.064304045479641], [-74.23361115955198, 5.064307579390748], [-74.23361461372907, 5.0643099959008], [-74.23361840267883, 5.064311465336381], [-74.2336211384169, 5.064316639281854], [-74.23362715831317, 5.064322600489813], [-74.23363138178419, 5.064328142573435], [-74.23363621862833, 5.064331670274814], [-74.23364150983242, 5.064333076224062], [-74.23364378591441, 5.064336150065502], [-74.23364695534481, 5.064340199404067], [-74.23365041065583, 5.064344165859499], [-74.23365490827413, 5.06434962327253], [-74.23366024364874, 5.064354813977816], [-74.23366599835701, 5.064359873590353], [-74.23366843888843, 5.064364018418949], [-74.23366991535217, 5.064367485569313], [-74.23367385883972, 5.064370033249147], [-74.23367880271441, 5.064373377973437], [-74.23368438288526, 5.064376804727687], [-74.23368946367833, 5.064379549298649], [-74.23369300331085, 5.06438277726411], [-74.23369533859999, 5.064387096017598], [-74.23369798979, 5.064391460314414], [-74.23370186713358, 5.064395291147507], [-74.2337048034374, 5.064400119975582], [-74.2337096261367, 5.06440618118461], [-74.23371421062959, 5.064410342736584], [-74.23372054580415, 5.064412688607042], [-74.2337240454843, 5.064415784545455], [-74.23372674647403, 5.064419287363456], [-74.23372891573081, 5.064424079651379], [-74.23373059388156, 5.0644287452966354], [-74.23373211768008, 5.064432906349453], [-74.23373536987486, 5.064437775291767], [-74.23374110802527, 5.064441715678958], [-74.23374831030777, 5.064445474121546], [-74.23375410563064, 5.0644491103818305], [-74.23375688644389, 5.0644580690806595], [-74.23375982974741, 5.064461354280931], [-74.2337668015894, 5.064465881350317], [-74.23377014157248, 5.064469460763891], [-74.23377339737878, 5.064474330603823], [-74.2337767393914, 5.064479456341946], [-74.23378083475362, 5.064484056756051], [-74.23378341212722, 5.064486608848991], [-74.23378935906044, 5.064495965963651], [-74.23379541371672, 5.06450360191513], [-74.23380046074995, 5.064510431787955], [-74.23380683220459, 5.064518110566391], [-74.23381109585448, 5.064525330098121], [-74.23381648103276, 5.064529660227647], [-74.23382081420426, 5.064534046651677], [-74.23382393075117, 5.064536853778983], [-74.23382711117301, 5.064541464080341], [-74.23383438725578, 5.0645470247718745], [-74.23384359772416, 5.064552953654135], [-74.23384999947892, 5.064557100882124], [-74.23385626664476, 5.064559745469327], [-74.23385903563089, 5.064562941424597], [-74.23386278614699, 5.064567934280169], [-74.23386681155621, 5.064572284193142], [-74.23387271341554, 5.06457785564753], [-74.23387870036069, 5.064582140293049], [-74.23388237436089, 5.064585325474478], [-74.23388847572646, 5.064589993543172], [-74.23389063958152, 5.064594791269297], [-74.23389240568129, 5.064598727465339], [-74.23389474615634, 5.06460149716484], [-74.23390005888947, 5.06460711769731], [-74.23390526547959, 5.064612913061347], [-74.23391099303151, 5.064618400699801], [-74.23391602712694, 5.064624116768922], [-74.23392258235354, 5.064628779447673], [-74.23392774410496, 5.064632341814169], [-74.23393397464483, 5.064638511628386], [-74.23393793851197, 5.0646437158031175], [-74.2339446808462, 5.064649025972144], [-74.23395108079781, 5.0646531732021725], [-74.2339545415332, 5.064657143264017], [-74.23396038057734, 5.06466146981195], [-74.23396660735045, 5.064667080457396], [-74.2339755296985, 5.064676192119791], [-74.23398036969101, 5.064682805229636], [-74.23398298002924, 5.0646870374994455], [-74.23398618993004, 5.064689110642881], [-74.23410389680208, 5.064629674205987], [-74.23415578019036, 5.064602804510612], [-74.23445632870146, 5.064641577132306], [-74.23459578151348, 5.0647295341368075], [-74.23471984810854, 5.064621696893726], [-74.23496831267134, 5.064405729477688], [-74.23496770925215, 5.064404903628805], [-74.23491978966231, 5.064339431313351], [-74.23491566345116, 5.064333793144904], [-74.23491620809733, 5.064333603904239], [-74.23491989709485, 5.064332328315254], [-74.23492057069255, 5.064332096302253], [-74.23492130831228, 5.064331841546715], [-74.23492196207087, 5.064331615905278], [-74.23493788941984, 5.064326111385998], [-74.234955500332, 5.064316709332654], [-74.23497968435008, 5.064303798533105], [-74.23506378440209, 5.064258901308142], [-74.23520691977734, 5.064182487110141], [-74.23532885714475, 5.064117681400086], [-74.23533527788649, 5.064114242613056], [-74.2353465446124, 5.064108211331562], [-74.23543762033685, 5.064059431769689], [-74.23544164332914, 5.064057277870994], [-74.23544463871264, 5.064055673346456], [-74.23544540851647, 5.064055261091329], [-74.23544549775539, 5.064055212965845], [-74.23544624953166, 5.064054810698083], [-74.235446265825, 5.064054837811413], [-74.2355739770862, 5.064202455130806]]]], "type": "MultiPolygon"}}]}