{"type": "FeatureCollection", "features": [{"type": "Feature", "properties": {"Shape_Length": 7191.811217706935, "Shape_Area": 212512.6583068053, "Nombre": "Rondas drenajes sencillos", "Area_m2": 212512.65830684794, "Perimetro": 7191.811217698716}, "geometry": {"coordinates": [[[[-74.23567600666028, 5.056846065262751], [-74.23566572847895, 5.056824702285548], [-74.23563702800323, 5.056825859971377], [-74.23563400607564, 5.056825822301474], [-74.23562621416286, 5.056826079646672], [-74.23560852045902, 5.0568255035336955], [-74.2356024334506, 5.056825035586463], [-74.23556187117123, 5.056821456558689], [-74.2355503380708, 5.056820188279375], [-74.23553287097609, 5.056817299931509], [-74.23551562820404, 5.056813272898987], [-74.23549868558163, 5.056808124228737], [-74.23548211533345, 5.0568018745938], [-74.23546598879541, 5.056794551907491], [-74.23546191545432, 5.056792496695155], [-74.2354201551737, 5.056770973851859], [-74.23540861251709, 5.056764663961874], [-74.2353935766096, 5.05675529431382], [-74.23537918402431, 5.056744957097302], [-74.23536549530374, 5.056733698342448], [-74.23535257189606, 5.056721565887381], [-74.23534046623493, 5.056708612111425], [-74.23532923165969, 5.056694891201839], [-74.23532177720017, 5.056684668338598], [-74.23530268258264, 5.056657157654371], [-74.23529982149057, 5.056652953005502], [-74.23529047019528, 5.05663788033189], [-74.23528212026872, 5.056622224858672], [-74.23527480974177, 5.056606057088962], [-74.23526856941992, 5.056589443920375], [-74.23526461852185, 5.056576770474836], [-74.2352502901711, 5.056526528097517], [-74.23524909815913, 5.056522215308833], [-74.23524507355006, 5.056504927449457], [-74.2352421863302, 5.056487412123636], [-74.23524094880264, 5.056476222831387], [-74.23523838525337, 5.056447619291669], [-74.23523021929705, 5.056412386899411], [-74.23522840682196, 5.0564039629110225], [-74.23522551960538, 5.056386448489683], [-74.23522377894321, 5.056368781684121], [-74.23522319580721, 5.056351038477882], [-74.2352234599124, 5.056338991274114], [-74.2352237903839, 5.056331491541631], [-74.23522091698426, 5.056318410684923], [-74.23521979516396, 5.056313045462975], [-74.23521690794857, 5.056295531041377], [-74.23521516728749, 5.056277864235625], [-74.23521458415239, 5.056260121029253], [-74.23521515868721, 5.056242377426453], [-74.23521689013532, 5.0562247103379105], [-74.23521976961405, 5.0562071939753475], [-74.23521982502757, 5.0562069142820665], [-74.23523031123202, 5.0561542739063805], [-74.23523427083748, 5.0561372630865495], [-74.2352394061998, 5.056120273551401], [-74.23524563858243, 5.056103657423837], [-74.2352489140131, 5.056096053454705], [-74.23525716423873, 5.056077673617713], [-74.23522336309537, 5.056031264944714], [-74.23518610716218, 5.0560063730077145], [-74.2351858713588, 5.056006215114485], [-74.2351714778928, 5.055995877889961], [-74.23515779099826, 5.055984619122311], [-74.23514486670939, 5.055972486659946], [-74.23513276197129, 5.055959532873676], [-74.23512152741803, 5.055945812860757], [-74.23511121188416, 5.055931384436322], [-74.23510185880235, 5.055916311759496], [-74.23509350979724, 5.055900657183225], [-74.23508620018751, 5.055884488501379], [-74.23508151308899, 5.055872332199539], [-74.23506814225624, 5.05583501145234], [-74.23506658904716, 5.055830553675637], [-74.23506163425967, 5.055814268309691], [-74.23505347246694, 5.055784077529255], [-74.23504334701794, 5.055759009025726], [-74.2350379361783, 5.055744425579568], [-74.23503697061268, 5.055741521154621], [-74.23502745005375, 5.055712344544651], [-74.23501221122025, 5.055708723554015], [-74.23499526862946, 5.055703574862424], [-74.2349933508619, 5.0557029143819525], [-74.23497139748758, 5.055695262565238], [-74.23495674504129, 5.055689674293871], [-74.23494061763424, 5.055682351587773], [-74.23493200924723, 5.055677903630997], [-74.23490719187949, 5.055664510789686], [-74.23490018430219, 5.055660593623619], [-74.23488514842674, 5.055651223050636], [-74.23487075587543, 5.055640885814516], [-74.23485706718887, 5.055629627040734], [-74.2348441438151, 5.055617494567425], [-74.2348320381876, 5.055604540774042], [-74.23482080364563, 5.055590819847903], [-74.2348104881265, 5.05557639232033], [-74.23480113686232, 5.0555613196326155], [-74.2347927869678, 5.055545665051139], [-74.2347854764685, 5.055529496364642], [-74.23478192768398, 5.055520454977015], [-74.23477841331278, 5.055516243424612], [-74.23473470044212, 5.055462757126413], [-74.23469389552643, 5.0554382202611485], [-74.23468096664945, 5.0554350888902295], [-74.23466986205193, 5.05543185180069], [-74.2346587598005, 5.055435094084777], [-74.23464151880228, 5.055439129819356], [-74.23462405277205, 5.055442025010703], [-74.23460643477993, 5.055443770471442], [-74.23458874059962, 5.055444355199499], [-74.2345710469276, 5.0554437790487565], [-74.23456496173533, 5.055443311084979], [-74.23453251179322, 5.055440447612317], [-74.23452097781313, 5.055439179309872], [-74.23450350985243, 5.055436290925673], [-74.2344862680227, 5.055432264758178], [-74.23446932543874, 5.055427115145189], [-74.23445275523407, 5.055420866377481], [-74.23443662783701, 5.055413543655768], [-74.23442101278728, 5.055405179420985], [-74.23440620910975, 5.055395963114915], [-74.23438609905041, 5.055382525997658], [-74.23438197584376, 5.055380338767457], [-74.23437328555455, 5.055375520887983], [-74.23435824878898, 5.05536615030095], [-74.23434385625058, 5.055355813049451], [-74.23433016938222, 5.055344554257312], [-74.23432704028068, 5.0553417607176625], [-74.23431080865222, 5.055327042233817], [-74.23423638645075, 5.0552907063072965], [-74.23423521867136, 5.05529013216336], [-74.23421960362639, 5.055281767922337], [-74.23420456776523, 5.055272396424111], [-74.23419017432856, 5.0552620591697845], [-74.2341764865621, 5.055250800374954], [-74.23416356320693, 5.055238667882996], [-74.23415145759874, 5.055225714071718], [-74.23414022307841, 5.055211994033328], [-74.23412990757976, 5.055197566489603], [-74.23412055543247, 5.0551824928836195], [-74.23411519163042, 5.055172723853986], [-74.23410468945355, 5.055152628904207], [-74.23410202946312, 5.055147402327515], [-74.23409761752761, 5.055147603451086], [-74.23407184925784, 5.055148566362671], [-74.23404414476812, 5.055148176641008], [-74.2340265265059, 5.0551464412618445], [-74.234009058554, 5.05514355376665], [-74.23399181673062, 5.055139526678494], [-74.23397938313244, 5.055135866841497], [-74.23393166055124, 5.055120565861406], [-74.23392715067392, 5.055119076975782], [-74.23391058047962, 5.055112828190964], [-74.23389445399614, 5.055105505450618], [-74.2338788380528, 5.0550971393912665], [-74.23386380220296, 5.055087769692462], [-74.23384940967696, 5.055077432426474], [-74.23383572101699, 5.055066173623712], [-74.23383340629289, 5.0550641141456385], [-74.23379617569694, 5.055030626310623], [-74.23378556707615, 5.055020553286549], [-74.23377346147886, 5.055007599465297], [-74.23376802192045, 5.05500118472465], [-74.23374524829543, 5.05497346562001], [-74.23370455968805, 5.0549283466259585], [-74.23370186233889, 5.054925309770143], [-74.23369400524847, 5.054915910119535], [-74.233655818121, 5.054868066486784], [-74.23365388343022, 5.05486561359493], [-74.23362277915649, 5.054825709807155], [-74.23361806863865, 5.05482166248334], [-74.23354107296228, 5.0547728421860905], [-74.23353541117866, 5.054769151358736], [-74.23352101776203, 5.054758814084095], [-74.2335073300164, 5.054747555269528], [-74.23349440578036, 5.054735422760288], [-74.23348230109654, 5.054722468929057], [-74.23347106659871, 5.054708748873292], [-74.23346736496201, 5.0547037966231825], [-74.2334361026953, 5.054660974188444], [-74.23339784012992, 5.0546338111311195], [-74.23328098755937, 5.054575963261006], [-74.23324401901577, 5.054565546765315], [-74.23323030300608, 5.054561284932682], [-74.23321373282958, 5.05455503612484], [-74.23320575614358, 5.054551573185691], [-74.23313829005694, 5.054520988444285], [-74.23295109514414, 5.054458466988478], [-74.23294968392969, 5.054457991929322], [-74.23293311375532, 5.054451742208178], [-74.23291698639277, 5.054444419438394], [-74.23290137137987, 5.054436055156307], [-74.23288633555272, 5.054426683617834], [-74.23287194305408, 5.054416346322574], [-74.23285825442262, 5.054405087491419], [-74.23284533110619, 5.054392954962781], [-74.23283322553802, 5.0543800011163], [-74.23282199195938, 5.054366280137816], [-74.23281167650445, 5.05435185346714], [-74.2328023234976, 5.054336779833043], [-74.23279397457168, 5.0543211261127645], [-74.23278666413593, 5.054304956482824], [-74.23278042481198, 5.054288344171295], [-74.2327752810905, 5.054271356992837], [-74.23277125747234, 5.054254068190941], [-74.23276836944038, 5.054236553740748], [-74.23276662976548, 5.054218886908005], [-74.23276604671368, 5.0542011445863935], [-74.23276662132753, 5.054183400968796], [-74.23276835284999, 5.054165732965968], [-74.23277123240328, 5.054148217504131], [-74.2327752474918, 5.054130926992271], [-74.23278038291988, 5.054113937463778], [-74.23278661536422, 5.054097321348193], [-74.23279391788883, 5.054081149272343], [-74.23280225904456, 5.054065490966745], [-74.23281160467012, 5.054050413452678], [-74.23282191338062, 5.054035981050665], [-74.23283314017517, 5.054022254468876], [-74.23284524005454, 5.054009295320234], [-74.23285815807702, 5.053997156188454], [-74.23287184020667, 5.0539858914651274], [-74.23288622787885, 5.053975546502324], [-74.2329012598255, 5.0539661684668715], [-74.23291687025157, 5.053957796390852], [-74.23293299425752, 5.053950465685411], [-74.23294956152486, 5.053944209057548], [-74.23296650171963, 5.053939051070929], [-74.23298374180105, 5.053935016294417], [-74.23300120871117, 5.053932120248715], [-74.23301882577773, 5.053930375746999], [-74.23303651992912, 5.053929791071486], [-74.23305421447084, 5.053930367272815], [-74.23307183360726, 5.05393210359024], [-74.23308930062507, 5.053934991121472], [-74.23310654331564, 5.053939017336398], [-74.2331220746427, 5.053943691938309], [-74.23332251469456, 5.054010636259122], [-74.23332392500744, 5.054011112224169], [-74.2333404951692, 5.054017361032418], [-74.23334847275062, 5.054020823969658], [-74.23341004975225, 5.054048738933459], [-74.23345147445785, 5.054060411882028], [-74.23346518955249, 5.054064672809177], [-74.23348175971623, 5.0540709216131585], [-74.23349788797374, 5.054078244367965], [-74.23349804964121, 5.05407832549381], [-74.23365649980828, 5.054156765614204], [-74.2336719522525, 5.054165050562985], [-74.23368698807785, 5.054174421177194], [-74.23369306134848, 5.054178608869787], [-74.23378469882613, 5.054243665356865], [-74.23379301986087, 5.054249814029794], [-74.23380670669512, 5.054261072841561], [-74.2338196309256, 5.054273206250437], [-74.23383173560408, 5.054286160075943], [-74.23384297009682, 5.054299879220746], [-74.23384667263512, 5.0543048314669194], [-74.23387363234858, 5.054341760863316], [-74.23392379256866, 5.05437356557345], [-74.23392945434968, 5.054377256397758], [-74.23394384685837, 5.05438759366566], [-74.23395521996949, 5.054396840947977], [-74.23399531357236, 5.0544312851512], [-74.23399762730104, 5.05443329667585], [-74.23401055243893, 5.054445429172623], [-74.23402265712609, 5.054458383897597], [-74.23403244890181, 5.054470235530449], [-74.23407919214424, 5.054530202758735], [-74.2341113474406, 5.0545704899723685], [-74.23412563488006, 5.0545863323284586], [-74.2341377694636, 5.054583616503373], [-74.2341552354771, 5.054580721330159], [-74.23415857143547, 5.054580300575454], [-74.23419865484976, 5.05457550657658], [-74.23421293686454, 5.054574181887341], [-74.23423063102256, 5.054573596270436], [-74.23424832557671, 5.054574173339421], [-74.23426594382224, 5.054575908716243], [-74.23428341175776, 5.054578796208012], [-74.23430065446766, 5.054582823289934], [-74.23431759612379, 5.0545879720100535], [-74.23433416630832, 5.054594222596511], [-74.23435029458464, 5.054601545324482], [-74.23436590961211, 5.054609909566106], [-74.23438094545706, 5.05461928106395], [-74.23439533887905, 5.05462961831697], [-74.23440816891497, 5.054640125936615], [-74.23447403639885, 5.054697533187665], [-74.2344748932125, 5.054698283457491], [-74.23448781746112, 5.0547104159429255], [-74.23449992216007, 5.054723369750546], [-74.23451115667552, 5.054737089783111], [-74.23452147217309, 5.054751518225498], [-74.23453082522023, 5.054766590918606], [-74.23453917419243, 5.054782245509528], [-74.23454648377108, 5.054798414204432], [-74.23455131961495, 5.054810986446412], [-74.23455480753753, 5.054820770806032], [-74.2345552907727, 5.054821510024409], [-74.23456329098391, 5.054834534077367], [-74.23456919816485, 5.054845353462547], [-74.23457559233013, 5.054848408609598], [-74.23459120736587, 5.054856772843577], [-74.23460624321933, 5.054866144333953], [-74.23461400521357, 5.0548715403462126], [-74.23461986198986, 5.054870036249605], [-74.23463412591957, 5.054866783423934], [-74.23465159283549, 5.054863887329524], [-74.23466921081359, 5.054862142776204], [-74.23468690407532, 5.054861558051547], [-74.23470459863303, 5.054862134201265], [-74.234722217787, 5.054863869561733], [-74.23473968482728, 5.054866757040514], [-74.23475692754681, 5.054870785012535], [-74.234773870114, 5.05487593371625], [-74.23479044030633, 5.054882183383299], [-74.23480656769063, 5.054889506098572], [-74.23482218272908, 5.054897870326009], [-74.23483060733005, 5.054902952007339], [-74.23484563519972, 5.054912394081802], [-74.23485524214816, 5.054914784401654], [-74.23487218471841, 5.054919934007149], [-74.23488875491232, 5.054926183671172], [-74.23490488229832, 5.054933506383451], [-74.23492049733865, 5.05494187060794], [-74.23492441956788, 5.054944184891827], [-74.23505328229405, 5.055021673871497], [-74.23506439592752, 5.055028731970604], [-74.23507878846326, 5.055039068300345], [-74.23509247623703, 5.055050327978292], [-74.23510540050098, 5.055062459541931], [-74.23511750521938, 5.055075414238083], [-74.23512339156412, 5.055082373716065], [-74.23518839605458, 5.0551619106565004], [-74.23521423234443, 5.055187806086324], [-74.23522257184696, 5.0551965460882125], [-74.23522901729325, 5.0551980900892115], [-74.23523611650617, 5.055199893431143], [-74.2352497129978, 5.055203928334043], [-74.2352878927008, 5.0552163610320715], [-74.23529123878464, 5.055217473912229], [-74.23530780898649, 5.055223722657838], [-74.23532393638284, 5.055231045356685], [-74.23533955143586, 5.055239410472748], [-74.23535458730431, 5.055248781036034], [-74.23536898075282, 5.055259118260054], [-74.23537118022429, 5.055260827787685], [-74.23540649974268, 5.055288574483568], [-74.23541798805329, 5.055298123719629], [-74.23543091142719, 5.055310256180527], [-74.23544301705695, 5.055323209961265], [-74.2354542516017, 5.055336929969838], [-74.23546456712751, 5.055351357484703], [-74.23547391930452, 5.055366431063029], [-74.2354822683059, 5.055382084729262], [-74.23548957881974, 5.055398254308949], [-74.23549388675934, 5.0554093590303495], [-74.23553208902764, 5.055514624723188], [-74.23553402049473, 5.055520133171688], [-74.2355349860635, 5.0555230385002625], [-74.23554833302242, 5.055563942343873], [-74.23556108118665, 5.055595504214257], [-74.23556581063836, 5.055608104694182], [-74.23557808093372, 5.055617003683056], [-74.23559176962874, 5.055628262438627], [-74.23560469301476, 5.055640395798369], [-74.23561679865493, 5.055653349573381], [-74.23562803230769, 5.055667069578237], [-74.23563191037192, 5.055672262154894], [-74.23570160605928, 5.055767950056025], [-74.23570804353312, 5.05577718498791], [-74.23571272860762, 5.055784460717737], [-74.23571883695938, 5.055794288930218], [-74.23572733681407, 5.055801456048887], [-74.23574026110678, 5.055813588497874], [-74.23575236585077, 5.055826542270557], [-74.23576360041199, 5.0558402622698395], [-74.23577391595411, 5.055854689775934], [-74.23578326814726, 5.055869763346026], [-74.23579161716621, 5.055885417909447], [-74.23579892769384, 5.055901586577343], [-74.23580284199747, 5.055911614410974], [-74.23581621286095, 5.055947977838703], [-74.23581853888093, 5.055954563167075], [-74.23582368179751, 5.055971550299571], [-74.23582770641434, 5.05598883815266], [-74.23583059364209, 5.056006352568009], [-74.23583233431694, 5.05602401936834], [-74.23583291746696, 5.056041762570213], [-74.23583234294793, 5.056059506169502], [-74.235830611518, 5.056077174160408], [-74.23583060527044, 5.05607721036488], [-74.23583000529361, 5.056081526568218], [-74.23582619328124, 5.056107367189418], [-74.23582392004366, 5.056120531142808], [-74.23581990413717, 5.056137820752631], [-74.2358147687911, 5.056154810288681], [-74.23580853732646, 5.056171426416553], [-74.23580464370274, 5.056180397835198], [-74.2357896842181, 5.056213234017841], [-74.23576868939368, 5.0562600022751445], [-74.2357928969202, 5.056260116276176], [-74.23581051611029, 5.056261852501826], [-74.2358262898154, 5.0562644083880075], [-74.23585730920021, 5.056270381644254], [-74.23585900347605, 5.056270714100056], [-74.2358762453288, 5.056274740223415], [-74.23589318793859, 5.056279889791352], [-74.23590975817196, 5.056286138513335], [-74.23592588650294, 5.056293461187149], [-74.23594150068833, 5.056301827186839], [-74.23595653749258, 5.056311197726011], [-74.23597092916862, 5.056321534026871], [-74.23598461788615, 5.056332792768616], [-74.23599754219535, 5.0563449252085215], [-74.23600865950004, 5.056356757076152], [-74.23606474581679, 5.056420148177865], [-74.23606573327439, 5.056421270978889], [-74.23607696785419, 5.056434990968363], [-74.23608728251234, 5.056449418466926], [-74.23609663562584, 5.056464492026634], [-74.23610498466245, 5.056480146582043], [-74.23611229430323, 5.056496314339467], [-74.23611251004537, 5.05649683691065], [-74.23613455248017, 5.056550477500393], [-74.23616079239258, 5.056605017611697], [-74.23617641629198, 5.056634198834966], [-74.236215737574, 5.056689949968843], [-74.23621976763206, 5.056695825384007], [-74.23622911985078, 5.0567108989417955], [-74.23623746889302, 5.056726552589017], [-74.23624178407515, 5.05673575355696], [-74.23626207675508, 5.056781208906792], [-74.23626469685692, 5.056787275212141], [-74.23628964462391, 5.056847019554075], [-74.23630494645622, 5.0568781277348585], [-74.2363088080983, 5.05688274215931], [-74.23631615773259, 5.056891922860891], [-74.23632647330714, 5.056906350350654], [-74.23633582553043, 5.056921423000652], [-74.23634024487139, 5.0569294022694775], [-74.23636316147017, 5.05697246299327], [-74.23636709118168, 5.056980139178242], [-74.23637286903472, 5.056992676118182], [-74.23639948918706, 5.057054519143968], [-74.23640102099128, 5.057058150859936], [-74.23640500877785, 5.057068376699763], [-74.23642935104324, 5.057134739090647], [-74.23643405706784, 5.057146863669363], [-74.23649081749274, 5.057219744014737], [-74.23651021195148, 5.057240706840653], [-74.23652928100051, 5.0572518548637095], [-74.2365432654782, 5.057260614830356], [-74.23655765808901, 5.05727095201354], [-74.23657060751624, 5.057281564299045], [-74.23661117876813, 5.057316964642528], [-74.23661191718728, 5.057317611080346], [-74.23662484152912, 5.057329743499709], [-74.23663694632218, 5.057342697244062], [-74.23664818093394, 5.057356418121218], [-74.2366584965227, 5.057370844697077], [-74.23666784876352, 5.05738591824338], [-74.23667619782924, 5.057401572784717], [-74.23668158598322, 5.057413206553886], [-74.23670259519623, 5.057461532388653], [-74.23670451761593, 5.057466067266955], [-74.23671075798488, 5.05748268041026], [-74.23671590094307, 5.057499666621426], [-74.23671992560324, 5.057516955364873], [-74.2367228128708, 5.0575344697679006], [-74.23672347346329, 5.0575411767980585], [-74.2367286106929, 5.057546110897676], [-74.23674071639493, 5.057559064636792], [-74.23675195011096, 5.057572785512331], [-74.23675299036955, 5.057574152510565], [-74.23678091683644, 5.05761111153294], [-74.23679019217596, 5.057624172011562], [-74.23679228075869, 5.057627352065708], [-74.2367992134857, 5.057634127653293], [-74.2368016452856, 5.0576365343412215], [-74.23681375099088, 5.0576494880781695], [-74.23682498470843, 5.0576632080468364], [-74.23683137066416, 5.057671901978216], [-74.23684426070582, 5.057690201667602], [-74.23684819035228, 5.057695936116481], [-74.2368575426033, 5.05771100965766], [-74.23686589167735, 5.057726663289469], [-74.23686751590773, 5.057730022477845], [-74.23687021015861, 5.057735691423434], [-74.2368761354611, 5.0577460375186885], [-74.23688310974201, 5.057759016429742], [-74.23690042922439, 5.057793458590857], [-74.23690117229104, 5.057794651526867], [-74.23690898684819, 5.057805368608333], [-74.2369155030725, 5.05781471285077], [-74.23692485622955, 5.057829786388401], [-74.23693320531065, 5.057845441828135], [-74.23694051499331, 5.057861609566757], [-74.23694243243874, 5.057866374275849], [-74.23695502670783, 5.05789855256129], [-74.2369593505442, 5.057910400083894], [-74.2369644944185, 5.057927387193553], [-74.236968518188, 5.057944675934687], [-74.23696879244346, 5.057946076063042], [-74.23696958738157, 5.0579479755595305], [-74.2369733393725, 5.057957563948416], [-74.23697351623407, 5.057958043162148], [-74.23697357776834, 5.057958136240524], [-74.2369829309294, 5.057973209776418], [-74.23698735028748, 5.057981189036883], [-74.2370188606266, 5.058040398715766], [-74.23702279035267, 5.058048073988216], [-74.2370301009448, 5.058064242627713], [-74.23703634133075, 5.058080855764142], [-74.23704148430703, 5.058097842873988], [-74.2370455080789, 5.0581151307090035], [-74.23704659190747, 5.058120910400359], [-74.23705196717981, 5.058151414985429], [-74.2370537724387, 5.058163149689009], [-74.2370541315658, 5.058166003691084], [-74.23707164140228, 5.058171425384537], [-74.2370728665726, 5.05817180759135], [-74.2371062731907, 5.058182327418449], [-74.23711211933197, 5.058184242605373], [-74.23712868962231, 5.058190491281099], [-74.23714318781457, 5.0581970162615235], [-74.23717468699756, 5.058212320762554], [-74.23717631629269, 5.058213118411854], [-74.23719193143941, 5.058221483459195], [-74.23719429633505, 5.058222867832872], [-74.23723629591238, 5.058247741497289], [-74.23724896698153, 5.058255727618598], [-74.23726336052788, 5.058266064775949], [-74.23727704840782, 5.058277323475958], [-74.23728997187992, 5.058289455875736], [-74.23730207760798, 5.058302409597945], [-74.23731331225069, 5.0583161295508665], [-74.2373236278754, 5.0583305579180005], [-74.23733298014675, 5.058345630542287], [-74.2373413292443, 5.058361285067663], [-74.23734758024064, 5.058374926769728], [-74.23737097716764, 5.058429950862195], [-74.23737203677614, 5.0584324777930085], [-74.23737721109309, 5.05844600573446], [-74.23738294102904, 5.058462274200308], [-74.23738400711183, 5.05846535938878], [-74.23738664665947, 5.058473577295013], [-74.23738735489148, 5.058475906742611], [-74.23738904065478, 5.058478405333123], [-74.23739033107387, 5.058480360885596], [-74.23739401315177, 5.058483538797908], [-74.23740693843341, 5.058495670285464], [-74.23741904326751, 5.0585086249104325], [-74.2374302779168, 5.058522344859762], [-74.23743633546688, 5.058530574333905], [-74.23745495243998, 5.05855688876216], [-74.23745921051979, 5.058563086746757], [-74.23746856370074, 5.058578159365668], [-74.23747691280548, 5.058593813887658], [-74.23748422251477, 5.05860998251922], [-74.23748939683615, 5.058623510458787], [-74.23749799265033, 5.058647913152553], [-74.23749905873413, 5.058650998340611], [-74.2375042017297, 5.058667985442428], [-74.23750489704133, 5.058670637932903], [-74.2375134947892, 5.058704133095134], [-74.23751682417107, 5.058718768430759], [-74.23751834415579, 5.058727097051813], [-74.23752216759623, 5.0587500656824265], [-74.23752304270954, 5.0587556946663925], [-74.23752911953564, 5.058769319505901], [-74.23753535904197, 5.058785932634115], [-74.23754050294265, 5.058802919733358], [-74.23754452763825, 5.058820207558852], [-74.2375456124053, 5.058826002627951], [-74.23754704630149, 5.058834136878278], [-74.2375488479371, 5.058845857107503], [-74.23754950335359, 5.058851257593133], [-74.23755318587519, 5.058858467352635], [-74.23756049649133, 5.058874635075483], [-74.23756673690237, 5.058891248201176], [-74.237571879903, 5.058908235301434], [-74.23757590460069, 5.058925523126332], [-74.23757879280986, 5.058943038420712], [-74.23758053175362, 5.058960705204688], [-74.23758111587358, 5.058978447484552], [-74.23758054051714, 5.05899619107451], [-74.23757881004968, 5.059013859057094], [-74.23757593064121, 5.059031374511349], [-74.2375719147865, 5.059048665028328], [-74.23756678038735, 5.059065654569478], [-74.23756054715716, 5.059082270712067], [-74.23755324473639, 5.059098441919151], [-74.23754490367648, 5.0591141011761644], [-74.23753555903532, 5.059129178745446], [-74.23752525039438, 5.059143611214402], [-74.23751402275249, 5.059157336969696], [-74.23750192382059, 5.059170297107273], [-74.23748900492576, 5.0591824363354005], [-74.23747532281416, 5.059193702066445], [-74.23746093514289, 5.059204046235094], [-74.23744590408575, 5.0592134234818396], [-74.23743029183035, 5.059221795685681], [-74.23741416868856, 5.059229126519707], [-74.23739760137161, 5.059235384187951], [-74.2373806611109, 5.0592405414099195], [-74.23736342095457, 5.059244577235297], [-74.23734595485813, 5.05924747342654], [-74.23732833678747, 5.059249217174911], [-74.2373106425269, 5.059249802906777], [-74.2372929478624, 5.059249225953267], [-74.23727532949947, 5.059247490691955], [-74.23725786144013, 5.059244603315173], [-74.2372406186007, 5.059240576347222], [-74.23722367590784, 5.059235427741263], [-74.2372071055847, 5.059229177265305], [-74.2371913447542, 5.059222035810961], [-74.23717764738011, 5.05921529215282], [-74.23717728069633, 5.059215111890337], [-74.2371616655245, 5.059206747753513], [-74.23714662953333, 5.059197376357215], [-74.23713223686632, 5.0591870392004274], [-74.23711854896519, 5.059175780501742], [-74.23710562457151, 5.059163648104136], [-74.23709351882628, 5.059150694381556], [-74.23708977221008, 5.05914631861791], [-74.23708493655488, 5.0591405488061], [-74.23708190046953, 5.059137337085776], [-74.23707490281441, 5.059129643244078], [-74.23706366815578, 5.059115922384756], [-74.23705335252085, 5.059101494920272], [-74.23704400023986, 5.0590864222933645], [-74.23703565113499, 5.0590707677650055], [-74.23702834052533, 5.059054599128865], [-74.2370238257073, 5.05904292207894], [-74.23701761843297, 5.059025697227657], [-74.23701589284995, 5.059020761143757], [-74.23701541643696, 5.0590193414956985], [-74.23701159586938, 5.059007857654937], [-74.23700693019612, 5.058992290193241], [-74.2370029055118, 5.058975002361241], [-74.23700001731886, 5.05895748796537], [-74.23699827839052, 5.058939821175971], [-74.23699769338256, 5.058922077988554], [-74.2369981549473, 5.058906174099047], [-74.23699640794749, 5.058899937838354], [-74.23699238326462, 5.058882650006049], [-74.23698949507298, 5.058865135609896], [-74.2369881421782, 5.058852611949991], [-74.23698672376231, 5.058851201338949], [-74.23697461892854, 5.058838247610299], [-74.23696338427813, 5.058824526747366], [-74.2369530686512, 5.0588100992794836], [-74.2369437163763, 5.0587950257445735], [-74.2369353672807, 5.058779372118106], [-74.23693225358109, 5.0587728244958825], [-74.23693148524326, 5.058771153866736], [-74.23692967551794, 5.058768473643879], [-74.23692032324607, 5.058753401013161], [-74.2369168021574, 5.058747094849052], [-74.23690152464866, 5.058718865773569], [-74.23689669664174, 5.058709517405582], [-74.23688938604138, 5.058693348765856], [-74.23688478142469, 5.058681421251598], [-74.23685948720802, 5.0586735877060205], [-74.23685241589263, 5.0586712912155285], [-74.23683584558812, 5.05866504163038], [-74.23683270661147, 5.0586637148318045], [-74.23678242811226, 5.058642098896365], [-74.23676944049335, 5.058636103056542], [-74.23675382533662, 5.058627737095437], [-74.23673878936611, 5.0586183665896165], [-74.23672439672012, 5.058608030323672], [-74.23671454726609, 5.0586000813326635], [-74.23669843756636, 5.0585864475821225], [-74.23669459823665, 5.0585831378624855], [-74.23668167476389, 5.058571004544856], [-74.23666956903904, 5.058558050809351], [-74.23666881938505, 5.058557190857318], [-74.23664203954867, 5.058526323573089], [-74.2366299737066, 5.058512988833615], [-74.23662696708703, 5.0585096105678256], [-74.23661573244983, 5.0584958896955445], [-74.23660541683626, 5.058481462218817], [-74.23659606457474, 5.058466388675626], [-74.23658771549252, 5.058450735041423], [-74.23658040490346, 5.058434566395493], [-74.23657619487281, 5.058423729329759], [-74.23657581460753, 5.058423048730564], [-74.23656543140991, 5.058404388661717], [-74.23655906867242, 5.058392242819015], [-74.23655324004433, 5.058379588356222], [-74.23654321252913, 5.058356262386792], [-74.23654173147395, 5.058352749106005], [-74.23653549019285, 5.058336135964231], [-74.2365303472254, 5.0583191488476995], [-74.23652632346385, 5.058301861006562], [-74.23652394577624, 5.05828803093766], [-74.2365189713803, 5.058253842079664], [-74.23651816445353, 5.0582527569379145], [-74.23651015646175, 5.058241386945015], [-74.23650080420862, 5.058226314303766], [-74.23649245422884, 5.0582106597638345], [-74.23648618602786, 5.058196976460114], [-74.23647794989144, 5.058177597487942], [-74.23647690750967, 5.05817511214327], [-74.23647315552333, 5.058165523750088], [-74.2364723601036, 5.058163370000898], [-74.23646952574455, 5.058158045150001], [-74.23646559692897, 5.058150371680682], [-74.23645828634778, 5.058134203031658], [-74.23645204687669, 5.058117589884476], [-74.23644690301207, 5.0581006027679525], [-74.23644287835305, 5.058083314927031], [-74.23644281274942, 5.058082979366196], [-74.23643507800823, 5.058070576457231], [-74.23643019726698, 5.0580624370150105], [-74.2364228907393, 5.058048878745935], [-74.23640328518854, 5.058009887905427], [-74.23639793929651, 5.0580005559005246], [-74.23639049870157, 5.057993377730613], [-74.23637839389703, 5.05798042398367], [-74.23636715927587, 5.057966703103322], [-74.23635684367977, 5.057952276523813], [-74.23635202100364, 5.05794477848293], [-74.23634212931508, 5.05792882919688], [-74.23633781804484, 5.057923123521589], [-74.23633726936337, 5.057922609729227], [-74.23630254489305, 5.057889957902832], [-74.2362963444795, 5.057883939146444], [-74.23628423877666, 5.0578709853984645], [-74.23627300506357, 5.057857265418592], [-74.23626268946808, 5.057842837026965], [-74.23625333632376, 5.057827763476068], [-74.23624710305515, 5.057816316801644], [-74.23623082560675, 5.057784637738908], [-74.23623007659856, 5.0577831661304105], [-74.23621336621304, 5.057750151482228], [-74.23621200032945, 5.057747416120317], [-74.23620468976081, 5.0577312474655844], [-74.23619844939967, 5.057714634314947], [-74.2361933064509, 5.057697648096892], [-74.23618928180163, 5.0576803593471], [-74.23618892123541, 5.057678171289497], [-74.23617854977223, 5.057670914558917], [-74.23616871616719, 5.0576636984235614], [-74.23615502741384, 5.057652439693788], [-74.2361421030706, 5.0576403072645775], [-74.23613502395015, 5.057632938389463], [-74.23608633706405, 5.057580313165555], [-74.23608131049058, 5.057574728287263], [-74.23607144987726, 5.057562786356741], [-74.23598313980962, 5.057449397894131], [-74.23598176581464, 5.057447618030633], [-74.2359714502366, 5.057433191440655], [-74.23596209891082, 5.057418117878817], [-74.23595374895739, 5.057402463325852], [-74.23594643840042, 5.057386294665517], [-74.23594423987208, 5.05738080573115], [-74.23592418442537, 5.057329130225692], [-74.23592239607146, 5.057324392409556], [-74.23589975901545, 5.057262680197006], [-74.23588052803369, 5.057218003664022], [-74.23587617508502, 5.05720982339586], [-74.23586949905592, 5.057201845712008], [-74.23586215032618, 5.0571926659078485], [-74.23585183475231, 5.057178237504598], [-74.23584248163107, 5.05716316484761], [-74.23583413258719, 5.05714751028974], [-74.23583411447058, 5.057147473226897], [-74.23580069376706, 5.057079531112752], [-74.23579377570155, 5.057064300897568], [-74.2357668755048, 5.056999879646201], [-74.23575872636137, 5.056981625173639], [-74.23572504981307, 5.056933877185358], [-74.23572101975671, 5.056928001766428], [-74.23571166754361, 5.056912928199287], [-74.23570757058057, 5.056905553630413], [-74.23568131223307, 5.056856511182093], [-74.23567706016212, 5.056848232094202], [-74.23567600666028, 5.056846065262751]]], [[[-74.24349193700529, 5.064518599759648], [-74.2434850303232, 5.0645151403641], [-74.24346837200474, 5.064516759411643], [-74.24346568519634, 5.064516922916196], [-74.24340126434767, 5.0645205284083366], [-74.24338625589543, 5.064520949932689], [-74.24333972848319, 5.064520962415862], [-74.24332525537105, 5.0645205767232], [-74.24325844498658, 5.064517005302705], [-74.24325522332467, 5.064516814242957], [-74.24324068160115, 5.0645154659606355], [-74.24318102880758, 5.0645083031564075], [-74.24317795114186, 5.064507915475539], [-74.24316048385069, 5.064505028297869], [-74.24314324086585, 5.064501001530998], [-74.24312629801523, 5.064495852220672], [-74.24311973638207, 5.064493525886846], [-74.24307439781732, 5.0644767898129075], [-74.24306438806107, 5.0644728667753975], [-74.24304826037046, 5.064465544348965], [-74.24303292233373, 5.064457340023568], [-74.24299354662949, 5.064434619827811], [-74.24299327021345, 5.064434460207053], [-74.24297823403225, 5.064425088997996], [-74.2429638402661, 5.064414752025376], [-74.24295015216217, 5.064403493503558], [-74.24293722756065, 5.064391361276477], [-74.24292512250565, 5.064378407715651], [-74.24291388763262, 5.064364687917383], [-74.24291035504257, 5.064359967965481], [-74.24287097227896, 5.064306144870516], [-74.24286418901337, 5.064296435695398], [-74.24285483561198, 5.064281363207916], [-74.2428464862885, 5.064265708807661], [-74.24284283698225, 5.064257987818758], [-74.24283089951095, 5.064231672578375], [-74.24282723889205, 5.064223225047191], [-74.24282099827478, 5.064206612020417], [-74.24281585416936, 5.064189625010241], [-74.24281183017608, 5.064172337261129], [-74.24280894267653, 5.064154822031412], [-74.24280720174134, 5.0641371553059615], [-74.24280661834167, 5.0641194121631585], [-74.24280660785885, 5.064077541115019], [-74.24280718214001, 5.064059797558738], [-74.24280891424674, 5.064042129592978], [-74.24281036557558, 5.064032412747184], [-74.24280156525417, 5.064026763714707], [-74.24279462261767, 5.064021955304284], [-74.24276121172659, 5.063998037423705], [-74.24275376151196, 5.063992508852353], [-74.24274369500158, 5.06398437673215], [-74.2427400003195, 5.063981243224712], [-74.24272489600558, 5.063971151906834], [-74.24272391328086, 5.063970629907747], [-74.24269213378037, 5.0639561551249415], [-74.24268657677702, 5.063956840784128], [-74.24267129327663, 5.063958287063878], [-74.24265359892784, 5.063958872067165], [-74.24263590416697, 5.0639582961972005], [-74.24261828479075, 5.063956560213286], [-74.24260081751376, 5.063953673016221], [-74.24259612175761, 5.063952693977018], [-74.24256868152116, 5.063946719706819], [-74.24255613340554, 5.0639436719608595], [-74.24253919057139, 5.063938522630357], [-74.24252262010141, 5.063932273238083], [-74.24250649242849, 5.063924950793227], [-74.24250225102676, 5.063922808197792], [-74.24246287632802, 5.063902480277602], [-74.24245150329597, 5.063896258907913], [-74.24243646623151, 5.063886887682849], [-74.24242207338733, 5.06387655069123], [-74.24241776284282, 5.063873165921107], [-74.24241166101528, 5.063868273553587], [-74.24236264650573, 5.063844482413657], [-74.24236255167403, 5.063844436450272], [-74.24232961790644, 5.063828435634414], [-74.24229088154486, 5.063812091267467], [-74.24229045620841, 5.063811912026269], [-74.2422899369512, 5.063811691343974], [-74.24227731956536, 5.063809696925678], [-74.24226673531396, 5.063807807182307], [-74.24226130385881, 5.063806667591012], [-74.24219091103038, 5.063791134063999], [-74.24218598127396, 5.063789998033203], [-74.24215615391887, 5.063782826733892], [-74.2421492721687, 5.06378107736716], [-74.24213232933971, 5.0637759280241275], [-74.24212740386622, 5.063774199332758], [-74.24208445158406, 5.063758658371826], [-74.24207280659388, 5.063754137657593], [-74.24205667892818, 5.063746815199156], [-74.24205534673514, 5.063746151813957], [-74.24202909740994, 5.063732999168064], [-74.24201481427473, 5.0637252985766406], [-74.24199977812097, 5.063715927337147], [-74.24198671092834, 5.063706603893345], [-74.24194733423238, 5.063676705741303], [-74.24194600768764, 5.06367569218272], [-74.24193232051533, 5.063664432724404], [-74.24193096293433, 5.0636632319292305], [-74.24189874394733, 5.063634528868094], [-74.24188717605931, 5.063623598313016], [-74.24187507103672, 5.063610643818781], [-74.24186383619859, 5.063596923993254], [-74.24185683123677, 5.063587347329802], [-74.24183176932006, 5.063551464420263], [-74.24182845846437, 5.063546613741], [-74.24182141713987, 5.063535476345799], [-74.24179993293772, 5.063499592903793], [-74.24179762179708, 5.063495656880965], [-74.24178927251211, 5.06348000336275], [-74.24178274943816, 5.063465720750449], [-74.24177246792426, 5.063441367550989], [-74.2417532589648, 5.063401951878618], [-74.2417061171692, 5.063366515768648], [-74.24170374513292, 5.063364713409049], [-74.24169005797314, 5.063353454847687], [-74.2416771334146, 5.063341322584143], [-74.24166502840359, 5.0633283689883575], [-74.24165379357532, 5.06331464915678], [-74.24164347776554, 5.063300220903766], [-74.24163412530868, 5.06328514748117], [-74.24162577603107, 5.063269493959133], [-74.24161846524744, 5.063253325416417], [-74.24161222377121, 5.0632367123693705], [-74.24160708151352, 5.063219725335979], [-74.24160305665876, 5.063202436666377], [-74.24160222084025, 5.063198039072733], [-74.24159505328105, 5.063158562292917], [-74.2415930007435, 5.063145446453133], [-74.24159126075227, 5.063127779713375], [-74.2415912430818, 5.06312750377955], [-74.24158886562968, 5.063090694246214], [-74.2415888479592, 5.063090418312405], [-74.24158828227088, 5.063072951093352], [-74.24158885659136, 5.063055207529679], [-74.24159058693304, 5.063037540467421], [-74.24159346712113, 5.063020024113057], [-74.24159748286169, 5.063002733593413], [-74.2416026171555, 5.062985744945321], [-74.2416027491216, 5.062985390910643], [-74.24160839851646, 5.062970228995212], [-74.24161912835555, 5.062943907335065], [-74.24161958012512, 5.062942807121777], [-74.24162521972667, 5.062930080074708], [-74.24161618361795, 5.062921432924449], [-74.24160407861774, 5.0629084793251415], [-74.2415928437999, 5.062894759490234], [-74.24158252800015, 5.062880331234096], [-74.24157317465232, 5.062865258715138], [-74.24157209275863, 5.062863361589282], [-74.24155180237094, 5.0628274776495905], [-74.24154453679829, 5.0628137194372], [-74.24154000517146, 5.062803698284738], [-74.24153958630907, 5.062803601368318], [-74.2415371227503, 5.062803013440983], [-74.24149297777541, 5.062792257546024], [-74.24148689766493, 5.062790700261673], [-74.24146995486636, 5.06278555179834], [-74.24145338443202, 5.062779302368738], [-74.24143725769869, 5.062771979885247], [-74.24142164149669, 5.0627636149833775], [-74.24140660537542, 5.06275424462707], [-74.24139221257145, 5.06274390760201], [-74.24137852452881, 5.062732649031044], [-74.24136559998972, 5.062720516756591], [-74.24135349409401, 5.0627075622472955], [-74.2413422592849, 5.062693842405802], [-74.2413404600314, 5.0626914643899], [-74.24132613887596, 5.06267232702111], [-74.24131762234084, 5.0626602776791145], [-74.24130826990321, 5.062645204247402], [-74.2412999206444, 5.062629550716913], [-74.24129260987904, 5.062613382166466], [-74.24128637022514, 5.062596769108924], [-74.24128122617984, 5.062579782072743], [-74.24128091443646, 5.062578603700025], [-74.24127494374686, 5.062555876309769], [-74.24127123155446, 5.062539766005582], [-74.24126834411443, 5.0625222516609725], [-74.24126660323527, 5.062504584919166], [-74.24126634937697, 5.062496852879877], [-74.24126362330853, 5.062495825715664], [-74.24124749568165, 5.062488503226877], [-74.24123188039098, 5.062480138316355], [-74.24121684427891, 5.06247076795326], [-74.24120245058198, 5.062460430923355], [-74.2411887625488, 5.062449172345989], [-74.24117583891984, 5.062437039158871], [-74.24116373303542, 5.062424085548498], [-74.24115249913818, 5.062410365699679], [-74.24114218335679, 5.062395937432007], [-74.2411328300273, 5.062380864902245], [-74.24112448077535, 5.062365210462691], [-74.24112040652027, 5.062356548361012], [-74.24111967615006, 5.062354922908503], [-74.24110317470239, 5.062352194863851], [-74.24108593267948, 5.062348168023004], [-74.24106898989218, 5.062343018640669], [-74.24105241947323, 5.06233677010181], [-74.2410420196147, 5.062332195399792], [-74.24100861219856, 5.062316651422742], [-74.24100288353357, 5.062313903630486], [-74.24098726915166, 5.0623055387104845], [-74.24097223214406, 5.062296168341533], [-74.24095783935654, 5.062285831302498], [-74.24095121711701, 5.06228057165348], [-74.24093596659934, 5.06226806561279], [-74.24090966794873, 5.062250769859221], [-74.2409077977765, 5.062249528421753], [-74.24089340499086, 5.062239191380752], [-74.24087971606471, 5.062227932796063], [-74.24086869633747, 5.062217689723724], [-74.24080783716528, 5.0621578896792165], [-74.2408059332753, 5.062156000460212], [-74.24079382740314, 5.062143046839716], [-74.24078676243452, 5.0621346347652825], [-74.24076757973093, 5.062110831527348], [-74.24076333271861, 5.062107630296264], [-74.24074964469968, 5.0620963717058025], [-74.24073672018478, 5.062084239412588], [-74.2407246152177, 5.062071285788375], [-74.24071338043345, 5.062057565929745], [-74.24070306466757, 5.062043137651155], [-74.24069675386839, 5.062033213997912], [-74.2406764636049, 5.061999721431067], [-74.24067342199294, 5.061994572542406], [-74.24066507275957, 5.0619789189976006], [-74.24065776201778, 5.061962749529185], [-74.24065152238889, 5.0619461364596825], [-74.24064637836992, 5.061929150317593], [-74.24064235355559, 5.061911861633127], [-74.24064186966429, 5.061909364372893], [-74.24063350832981, 5.061865103392297], [-74.24063247309374, 5.0618592774783036], [-74.24062769383316, 5.061830567885516], [-74.24062632464043, 5.06182137580387], [-74.24062458468711, 5.06180370905349], [-74.24062400136414, 5.061785965892325], [-74.24062398621527, 5.061727346735681], [-74.24062414435234, 5.06171799700464], [-74.24062516905762, 5.061687989647585], [-74.24062389447644, 5.061682516164119], [-74.24062201457731, 5.0616738009922555], [-74.24062048997529, 5.061665445255005], [-74.24061169707095, 5.061661295440082], [-74.2406001328517, 5.061655100629438], [-74.24057188505431, 5.06165760679183], [-74.24057134465393, 5.061657653972609], [-74.24051599008958, 5.061662454191312], [-74.24051044703553, 5.061662877405248], [-74.24049275273225, 5.061663462334626], [-74.24047587382043, 5.061662939115626], [-74.2404453320344, 5.061661032372233], [-74.24044451623571, 5.061660979646291], [-74.24042689691446, 5.061659243585866], [-74.24040942969515, 5.061656355407079], [-74.24039218679093, 5.06165232944862], [-74.24037665435633, 5.061647655986501], [-74.24035088301008, 5.0616390490107115], [-74.24034947267792, 5.061638573066363], [-74.24033784899893, 5.061634320996956], [-74.24027198811896, 5.061608497124239], [-74.2402670414013, 5.061606500629528], [-74.24025091470635, 5.061599178105798], [-74.24023529854443, 5.0615908131643454], [-74.24023294176055, 5.061589433315005], [-74.24022635008888, 5.061585529910976], [-74.24021973870916, 5.061582648982945], [-74.2402161110156, 5.061581037221232], [-74.24018746555998, 5.06156805102022], [-74.2401716591285, 5.061562590890032], [-74.2401584514436, 5.061557637001424], [-74.2401206285473, 5.06154231586051], [-74.24008294299236, 5.061529461878243], [-74.2400745149551, 5.061526430609332], [-74.24005350911733, 5.061518478625753], [-74.24003647252319, 5.061515229495445], [-74.24003599592369, 5.061515138117226], [-74.24001118021259, 5.0615103584630505], [-74.24000949405075, 5.061510029625707], [-74.23999225114704, 5.0615060018454034], [-74.23998398048802, 5.061503640740015], [-74.23994959485617, 5.061493225233808], [-74.23987520855167, 5.061474816292624], [-74.23987007813888, 5.061473491517147], [-74.23985313537962, 5.06146834299972], [-74.2398451037608, 5.061465468405763], [-74.23980692360637, 5.0614511224108245], [-74.23980314914294, 5.061449671984053], [-74.23976355184031, 5.061434112630924], [-74.239739372434, 5.061426576591664], [-74.2397079676609, 5.061419260681493], [-74.23969922451262, 5.061417070581341], [-74.2396850960761, 5.061412860390731], [-74.23963259875521, 5.061395647296419], [-74.23962978533326, 5.061394707152801], [-74.23961321494546, 5.061388458567595], [-74.2395970873576, 5.061381136026139], [-74.23958535447954, 5.06137497499467], [-74.23955099106165, 5.061355842453822], [-74.23954710869076, 5.06135363852267], [-74.23953207171934, 5.0613442672046896], [-74.23951767897333, 5.061333931027358], [-74.23951547947001, 5.061332221521815], [-74.2394801594407, 5.061304475178327], [-74.2394716219035, 5.061297481933838], [-74.2394579638348, 5.061285821511914], [-74.23943111812993, 5.061267884308385], [-74.23943088503577, 5.061267729126689], [-74.23941649229108, 5.061257392041447], [-74.23940280340764, 5.061246133413847], [-74.23938987712224, 5.061233998372132], [-74.23938179857174, 5.061225901280502], [-74.23935921855711, 5.061211975088086], [-74.23935069924799, 5.061206498273048], [-74.23933630650573, 5.06119616118536], [-74.23932261852713, 5.061184902553658], [-74.23930969405411, 5.061172770220625], [-74.23929758822798, 5.061159816559958], [-74.23928766689222, 5.061147796104741], [-74.23925043271028, 5.061099952985438], [-74.23924912020874, 5.061098253543794], [-74.23923880449003, 5.061083825229765], [-74.2392339826597, 5.061076329032751], [-74.23921202227511, 5.06104092319534], [-74.23920749264305, 5.061033345910469], [-74.23919914255424, 5.061017691431552], [-74.23919183186489, 5.061001523744134], [-74.23918559138285, 5.060984910650297], [-74.23918044921594, 5.060967923576544], [-74.23917642445221, 5.060950635776251], [-74.2391740732109, 5.060936992979897], [-74.23917337199434, 5.060932191573927], [-74.23916255881647, 5.060931838576628], [-74.23914970397394, 5.060930687821353], [-74.23910770991634, 5.060925912945422], [-74.23910294545617, 5.060925329408942], [-74.23910250501174, 5.060925270534004], [-74.23904523913843, 5.060917628567187], [-74.2390282114807, 5.060914800126209], [-74.23901096859508, 5.06091077321914], [-74.23899402585113, 5.060905623769067], [-74.23897745547735, 5.060899374258116], [-74.23896132790621, 5.060892051695985], [-74.2389457126765, 5.060883687618094], [-74.23893067662513, 5.060874316279511], [-74.2389162829936, 5.060863979180668], [-74.23890259502848, 5.060852720536476], [-74.23888967147167, 5.06084058818967], [-74.23887756565975, 5.060827634517452], [-74.23887212871279, 5.0608212234590875], [-74.23884539693636, 5.060788689558347], [-74.23883959915693, 5.060781379805479], [-74.23882928345587, 5.060766953290942], [-74.23881993110498, 5.060751879801584], [-74.23881158193187, 5.060736225312619], [-74.23880427125421, 5.06072005671274], [-74.2387980307856, 5.060703443611937], [-74.23879288773146, 5.060686457438468], [-74.23879113853761, 5.060679555249979], [-74.23878540570216, 5.060655630287222], [-74.23878313104815, 5.0606452446681125], [-74.23878024188858, 5.060627730296335], [-74.23877850289757, 5.060610063525547], [-74.23877791963352, 5.06059232034946], [-74.23877793102854, 5.060589772373683], [-74.23868373464988, 5.060504606934635], [-74.23867364558853, 5.060495002636707], [-74.23866154068864, 5.060482048051132], [-74.23865030597474, 5.0604683281386285], [-74.23863999028207, 5.060453900713886], [-74.23863063794117, 5.060438827219472], [-74.23862228877958, 5.06042317363064], [-74.23861497810981, 5.0604070041216485], [-74.23860873855284, 5.060390391015214], [-74.23860359460544, 5.060373404839991], [-74.23859957076428, 5.060356116124589], [-74.23859668251494, 5.060338601748588], [-74.23859494262918, 5.060320934977464], [-74.23859435937226, 5.060303191799769], [-74.23859493379099, 5.060285448217828], [-74.23859666512922, 5.0602677811422225], [-74.23859954450478, 5.060250264784666], [-74.23860355942968, 5.060232975173349], [-74.23860869470383, 5.060215985627229], [-74.23861492700631, 5.060199369480742], [-74.23862222940004, 5.060183196456028], [-74.2386305704415, 5.06016753899827], [-74.23863991596308, 5.060152460509689], [-74.23865022458551, 5.060138028025569], [-74.23866145221051, 5.060124302252709], [-74.23867355112715, 5.060111342095151], [-74.23868646910773, 5.060099203751161], [-74.23870015210964, 5.06008793799358], [-74.23871453977061, 5.060077593797713], [-74.2387295708175, 5.0600682156165435], [-74.23874518216387, 5.0600598433824375], [-74.2387613062032, 5.060052512512358], [-74.2387778735174, 5.060046254807478], [-74.23879481377752, 5.060041097546672], [-74.23881205393731, 5.060037062585095], [-74.23882952003791, 5.060034166350782], [-74.23884713811185, 5.060032420747751], [-74.23886483238361, 5.060031835873862], [-74.23888252705875, 5.060032411874023], [-74.2389001463428, 5.060034148893214], [-74.23891761351831, 5.060037036220369], [-74.2389348563778, 5.060041062231043], [-74.23895179909749, 5.060046211688452], [-74.23896836944748, 5.060052461205595], [-74.23898449699554, 5.0600597837728225], [-74.23900011220319, 5.060068147854714], [-74.2390151482337, 5.060077519196236], [-74.23902954094353, 5.060087856298733], [-74.23904322979318, 5.060099114942201], [-74.23904606427439, 5.060101642091912], [-74.23914391317494, 5.060190111205223], [-74.23914617345724, 5.060191519294215], [-74.23916056707371, 5.0602018563909095], [-74.23917425502553, 5.0602131150321314], [-74.23918717857094, 5.060225247375243], [-74.23919928437347, 5.060238201043143], [-74.23920202174294, 5.06024137984308], [-74.23920800130001, 5.0602484331831095], [-74.23921721336696, 5.060256171615561], [-74.23923013781634, 5.060268303955649], [-74.23924224362054, 5.060281257622324], [-74.23924926645354, 5.06028983538526], [-74.23925514256493, 5.060288047089421], [-74.2392723827233, 5.060284011209886], [-74.23927615303818, 5.060283285574315], [-74.2393124198346, 5.060276577568052], [-74.23932611562117, 5.060274406955106], [-74.23934373369855, 5.060272662242116], [-74.2393614279713, 5.060272076448358], [-74.23937912174956, 5.0602726533397675], [-74.23939674103656, 5.060274389438687], [-74.23941420912004, 5.060277276748593], [-74.23941766094262, 5.0602779876599175], [-74.23949401817028, 5.0602942376545474], [-74.23950780831179, 5.060297552738247], [-74.23952475103953, 5.060302702177857], [-74.23954132139855, 5.060308951677334], [-74.23955744895663, 5.060316274227093], [-74.2395727118827, 5.0603244344783045], [-74.23960755258355, 5.060344524315093], [-74.23960790487438, 5.060344727223757], [-74.23962294091754, 5.060354098547371], [-74.23963733364091, 5.060364435632402], [-74.23965102250493, 5.060375694258899], [-74.23966394696319, 5.060387826587734], [-74.23967605187453, 5.060400780245313], [-74.2396872866059, 5.060414501039833], [-74.23969760231687, 5.060428928442362], [-74.23970695467851, 5.060444001915339], [-74.23971530386315, 5.060459655483721], [-74.23971692539945, 5.060463009235715], [-74.23973124935694, 5.060493152803306], [-74.23973693851629, 5.060505968540731], [-74.23974211199899, 5.060519494638436], [-74.23975930296312, 5.060568299006302], [-74.23976036996787, 5.060571385994946], [-74.23976551304546, 5.060588373059619], [-74.23976953781933, 5.060605660853164], [-74.23977242702314, 5.060623185166935], [-74.23977960056297, 5.060677742508146], [-74.23978133774375, 5.0606953920815645], [-74.23978192103571, 5.06071313524997], [-74.23978134665205, 5.060730878824886], [-74.23977961625262, 5.060748546798904], [-74.23977673600714, 5.060766062251111], [-74.23977272021473, 5.060783352769117], [-74.23976758497234, 5.060800342317825], [-74.2397613536023, 5.0608169584675675], [-74.23975456070582, 5.060832004032306], [-74.23977124146076, 5.0608431492530235], [-74.23977147365419, 5.060843305341153], [-74.23978586639181, 5.060853642419495], [-74.23979660432863, 5.060862345163634], [-74.23981818139076, 5.060880765657463], [-74.23982885736793, 5.060889151834969], [-74.239841970853, 5.060893451734983], [-74.23987143565019, 5.060900314428257], [-74.2398801796969, 5.06090250633557], [-74.23989052960839, 5.060905506785349], [-74.2399334811794, 5.060918895403647], [-74.23994007400985, 5.0609210425689275], [-74.23995188008169, 5.060925367589915], [-74.239998684162, 5.060943758775338], [-74.24002017746817, 5.060951834696271], [-74.24008599033567, 5.060968122884132], [-74.2400911207425, 5.060969446753961], [-74.24009939139432, 5.060971807859592], [-74.24012701471801, 5.060980175150259], [-74.2401378384082, 5.060982259017738], [-74.24017766143673, 5.0609898546636725], [-74.24017982419797, 5.060990275783889], [-74.24019706618313, 5.060994302659252], [-74.24021400893139, 5.060999452074923], [-74.24022265817385, 5.061002558924211], [-74.24026141550536, 5.061017230430978], [-74.24030204359988, 5.061031086735073], [-74.24031625982332, 5.0610363861396115], [-74.24035458025354, 5.061051909905276], [-74.24037559378083, 5.061059169685554], [-74.24039093620435, 5.061064997151266], [-74.24039891209289, 5.061068459974072], [-74.24043719631085, 5.061085814239186], [-74.24045732754513, 5.0610945867433905], [-74.24046910603066, 5.061100059108561], [-74.24048472218088, 5.061108424046651], [-74.24048707896308, 5.061109803895407], [-74.24048931924473, 5.061111130583366], [-74.24050818912622, 5.0611185292818455], [-74.24052431453529, 5.0611171312201115], [-74.24058909108011, 5.0611113828148655], [-74.24059517543328, 5.061110913323792], [-74.24060535991116, 5.061110434168267], [-74.24063971842627, 5.06110946896172], [-74.24064245526037, 5.061109519816878], [-74.24064722823415, 5.061109362283552], [-74.24066492292847, 5.061109938227418], [-74.24068254133125, 5.061111674286622], [-74.24070000943534, 5.0611145615548425], [-74.24071607871592, 5.061118276691589], [-74.24075234854881, 5.061127837120373], [-74.24075352215904, 5.0611281488417], [-74.24077046491017, 5.06113329733606], [-74.24078703529818, 5.061139547700173], [-74.24079932177138, 5.0611450091321935], [-74.24081745766811, 5.061153618056402], [-74.24082129878238, 5.061155479134294], [-74.24083691403253, 5.061163843159356], [-74.24084831280592, 5.061170820947275], [-74.24085996438635, 5.0611783547101705], [-74.24087288747513, 5.061184067363294], [-74.24088334386342, 5.061188960458614], [-74.24089895911489, 5.061197324481779], [-74.24091399519202, 5.0612066957657635], [-74.24091582293636, 5.061207929141983], [-74.24092911603978, 5.061216988890758], [-74.24098300234928, 5.061246682005714], [-74.24098792348693, 5.061249461206885], [-74.24100295956448, 5.061258831583387], [-74.24101735322807, 5.0612691686254125], [-74.24103104122938, 5.06128042721363], [-74.24104396482637, 5.061292559505565], [-74.2410560706824, 5.061305513124379], [-74.24106730545559, 5.061319232978786], [-74.24107762121272, 5.0613336612527196], [-74.24108697361955, 5.061348734694307], [-74.24109532284996, 5.061364388233442], [-74.24110241603294, 5.06138003241716], [-74.24112032255107, 5.061423094311175], [-74.24112054010922, 5.061423619590191], [-74.24112677974071, 5.061440232653721], [-74.24113192376602, 5.061457219694919], [-74.24113359203426, 5.061463782720834], [-74.24114195138866, 5.061498473491722], [-74.241144306137, 5.061509199148329], [-74.24114678909852, 5.061523755534733], [-74.24115348074834, 5.061570639133899], [-74.24115915313331, 5.061594988524733], [-74.24116103394108, 5.061603703691614], [-74.24116392136823, 5.0616212180389155], [-74.24116566133412, 5.061638884784464], [-74.24116624467064, 5.0616566279416375], [-74.24116625353075, 5.061692516402302], [-74.24116609540141, 5.061701866131584], [-74.24116507075591, 5.061731891579527], [-74.24116507335283, 5.061741773935186], [-74.2411782154189, 5.061757268990199], [-74.2411825502367, 5.061762511307022], [-74.24119774969691, 5.061781372843673], [-74.24121940988111, 5.0618026559400935], [-74.24123995237633, 5.061798530428368], [-74.24124023289018, 5.06179847379226], [-74.2412576990093, 5.061795577483654], [-74.24127531711055, 5.061793833614139], [-74.24129301141141, 5.061793248662693], [-74.24131070612074, 5.061793824584164], [-74.24132832544048, 5.061795559714262], [-74.24133749202123, 5.061796928313265], [-74.24135180919129, 5.061799317618921], [-74.24136010983176, 5.06180083717176], [-74.24137735274329, 5.061804864911594], [-74.24139429461196, 5.06181001338569], [-74.24141086501913, 5.061816262823193], [-74.24142699262836, 5.0618235853117195], [-74.24143688646346, 5.0618287310108565], [-74.24145888361326, 5.061840755411816], [-74.24146889902012, 5.061845774203539], [-74.24148317578717, 5.061853473926481], [-74.24149821278571, 5.06186284337957], [-74.24151260556788, 5.061873180406926], [-74.24152629268812, 5.061884438980968], [-74.24153921811131, 5.061896571254116], [-74.24155132308852, 5.0619095257647855], [-74.24156255788355, 5.061923245605217], [-74.24157287366087, 5.061937672961118], [-74.24157994341967, 5.0619490672769505], [-74.24158633134813, 5.061949275801864], [-74.24159694978579, 5.061950181967903], [-74.24161961793388, 5.061952567920156], [-74.24162661882089, 5.0619533977800355], [-74.24163970548784, 5.061955450133278], [-74.24166595319515, 5.061960228781378], [-74.24167033375144, 5.061961063665747], [-74.24168757666561, 5.061965090490972], [-74.24170451944327, 5.061970239858374], [-74.24172108985422, 5.061976488381362], [-74.24173721746946, 5.06198381086027], [-74.24175283275018, 5.061992175760074], [-74.24176786885589, 5.062001547016464], [-74.24178226164275, 5.062011883131164], [-74.24179595057613, 5.062023142598922], [-74.2418088742018, 5.062035274868198], [-74.24182098008697, 5.062048228465278], [-74.24183221489139, 5.062061949203793], [-74.24183601252798, 5.0620670305833535], [-74.24185868852882, 5.06209812981875], [-74.24186520577406, 5.062107474885252], [-74.24187455911245, 5.0621225474013505], [-74.2418829083755, 5.062138201827673], [-74.24189021914567, 5.062154370369389], [-74.24189645880655, 5.062170983418585], [-74.24190160286089, 5.0621879704469315], [-74.24190562680623, 5.062205258211719], [-74.24190851425922, 5.062222772549797], [-74.24191025515276, 5.062240439285929], [-74.24191083851395, 5.06225818243697], [-74.24191049344253, 5.062268859881623], [-74.24191575883403, 5.062270460347122], [-74.24193232925403, 5.062276708862269], [-74.24194845778094, 5.062284031331703], [-74.24196407307126, 5.062292396223877], [-74.2419791091851, 5.062301766568014], [-74.2419935019837, 5.062312103580271], [-74.24200719002316, 5.062323362137934], [-74.24202011456137, 5.062335494398716], [-74.24203222045858, 5.062348448894126], [-74.24204325897998, 5.0623619130364315], [-74.24205519297306, 5.062377461957099], [-74.24205538836233, 5.062377717644067], [-74.2420657041583, 5.0623921449874585], [-74.24207505750806, 5.062407218403189], [-74.24208340678062, 5.0624228728247065], [-74.24209071665783, 5.062439041363739], [-74.24209695723019, 5.062455654407198], [-74.24210210039112, 5.062472641433694], [-74.2421061252474, 5.062489929193615], [-74.24210901361103, 5.062507443527278], [-74.24210947546122, 5.062511154180097], [-74.24211186661509, 5.0625314897667035], [-74.24211314476601, 5.062545446754302], [-74.242113728135, 5.062563189903572], [-74.24211315382436, 5.062580932559555], [-74.24211142349712, 5.062598600524457], [-74.24211040735413, 5.062605626529766], [-74.24211271122381, 5.0626085907977325], [-74.24212302702573, 5.062623018138915], [-74.24213237947892, 5.062638091554301], [-74.24214072965934, 5.06265374597217], [-74.2421480404424, 5.062669913602918], [-74.24214928336889, 5.062672975816368], [-74.24217224623698, 5.0627304968009055], [-74.2421808601249, 5.062750998694359], [-74.2421814656484, 5.062752451565365], [-74.24218770622784, 5.062769064606481], [-74.2421928484914, 5.06278605072783], [-74.24219687335564, 5.062803339390745], [-74.2421996390549, 5.062819931954866], [-74.24220561568355, 5.062864193841707], [-74.24220573835375, 5.062865115609729], [-74.24220747835882, 5.062882782344045], [-74.24220806173291, 5.0629005254923385], [-74.24220748742857, 5.062918269052458], [-74.24220695724665, 5.062925089637717], [-74.2422045775192, 5.062951408850949], [-74.24220403559802, 5.062956806189486], [-74.24220165485902, 5.062978339854127], [-74.24220099573652, 5.062983789896658], [-74.24219811646596, 5.063001305343145], [-74.2421941016446, 5.06301859586086], [-74.24218896646674, 5.06303558541645], [-74.24218273425444, 5.063052201580167], [-74.2421799452338, 5.0630583786545715], [-74.2421949910613, 5.063079919595711], [-74.24219830372932, 5.063084774793669], [-74.24220765619151, 5.063099847300888], [-74.24221600548154, 5.063115502622206], [-74.24221671839202, 5.063116960715852], [-74.24223679471308, 5.06315838157843], [-74.24226182390576, 5.063209741342188], [-74.24226788771502, 5.0632230847295805], [-74.24227361175774, 5.0632366423045285], [-74.2422804279776, 5.0632480280442635], [-74.24228183221783, 5.063250037651114], [-74.2422824043634, 5.063250548676659], [-74.24228974004845, 5.063256118192963], [-74.24229691847104, 5.0632587157037365], [-74.24230967865745, 5.063261783861994], [-74.24236963166538, 5.063275012964785], [-74.24240691335167, 5.063280906834707], [-74.24241749759223, 5.063282795673], [-74.24243473964084, 5.063286822470158], [-74.24245168245662, 5.063291971807875], [-74.24246825290855, 5.063298221206248], [-74.24247013395099, 5.0632990093061], [-74.24250115654591, 5.063312160917408], [-74.24254606973994, 5.063331111946652], [-74.24255911327808, 5.063337026998322], [-74.24259848836324, 5.063356158758631], [-74.24267475657977, 5.063393177490067], [-74.24267647891978, 5.063394021087373], [-74.2426920942453, 5.063402385952866], [-74.24270229060805, 5.06340859057793], [-74.24270376661255, 5.063408488214939], [-74.24272146094611, 5.063407903213965], [-74.24273915478908, 5.063408479086996], [-74.24275677414963, 5.06341021507122], [-74.24277424231342, 5.063413102265825], [-74.24278851152825, 5.063416349383227], [-74.24283981472644, 5.063429495514647], [-74.2428427884679, 5.063430276086281], [-74.24285973038424, 5.063435424508504], [-74.24287630084153, 5.063441673894538], [-74.24289242850305, 5.063448996332205], [-74.24290103613197, 5.063453444145285], [-74.24292403567468, 5.06346585471532], [-74.24295511975849, 5.063480013237979], [-74.24296282626369, 5.06348367107017], [-74.24296974843739, 5.063487217306932], [-74.24299003244951, 5.063497978187977], [-74.242998725606, 5.063502796807993], [-74.24301352685907, 5.06351201103587], [-74.24305290213324, 5.063538318823617], [-74.24305313794103, 5.063538476712809], [-74.24306753078302, 5.063548813689852], [-74.24307759819045, 5.063556945804054], [-74.24308462874794, 5.063562908583032], [-74.24308739815383, 5.063564891135644], [-74.24313954567882, 5.063584987285226], [-74.24314596068365, 5.063587554582639], [-74.24316208835057, 5.0635948770119334], [-74.2431777036832, 5.063603240958109], [-74.24319274074657, 5.063612612164998], [-74.2432071326896, 5.063622949139712], [-74.24322082167924, 5.063634207657574], [-74.24323374626616, 5.063646339881665], [-74.24324124236179, 5.063654159342384], [-74.24326988193904, 5.063685256090348], [-74.24327449178872, 5.06369039018474], [-74.24328572665443, 5.063704110882843], [-74.24329604250111, 5.063718538194159], [-74.2432973944851, 5.06372058680504], [-74.24332007025696, 5.063755274439726], [-74.2433280707704, 5.0637682983109205], [-74.24333642009465, 5.063783952703916], [-74.2433437309254, 5.063800121214975], [-74.24334997064602, 5.063816734236317], [-74.243355114759, 5.063833721239732], [-74.24335913966395, 5.06385100898087], [-74.24336202717434, 5.063868524204977], [-74.2433637672194, 5.063886190927263], [-74.24336435063238, 5.063903934066017], [-74.24336436811834, 5.063972123345951], [-74.24336416621871, 5.063978378696125], [-74.24337860789632, 5.063978375382287], [-74.24341507319484, 5.06397633374343], [-74.24346898427389, 5.063964985172028], [-74.24347172355624, 5.063964423450135], [-74.2434891906088, 5.063961527067882], [-74.2435068087447, 5.063959782219985], [-74.24352450308533, 5.063959196288744], [-74.24354219694219, 5.0639597739455535], [-74.24355981631308, 5.063961508998873], [-74.24357728449053, 5.063964396167215], [-74.24359452655786, 5.063968422927173], [-74.24361146939272, 5.063973571322981], [-74.24362803986921, 5.06397982158932], [-74.24364416754943, 5.063987144002764], [-74.24365051346312, 5.063990383701366], [-74.24369335293112, 5.064012979576935], [-74.24371507099139, 5.06402386163165], [-74.24378102965446, 5.0640449708035895], [-74.2437856687174, 5.064046501877507], [-74.24380223919303, 5.064052750328886], [-74.2438052788661, 5.0640540338435445], [-74.24384704017943, 5.064071968380616], [-74.24386012819006, 5.064078007273103], [-74.24386146219116, 5.064078671555299], [-74.24392827915628, 5.064112151450678], [-74.24393304358786, 5.06411459795147], [-74.24402849801244, 5.064164817900109], [-74.24403801583516, 5.064170071035911], [-74.2440429688875, 5.064173007580829], [-74.24411798040559, 5.06421856902718], [-74.24416654164362, 5.064245943030496], [-74.24425108506951, 5.064285709817587], [-74.24425578690054, 5.06428797728309], [-74.24427140226304, 5.064296343004751], [-74.24428643935266, 5.064305713273412], [-74.24430083132343, 5.0643160493107064], [-74.24430175666944, 5.064316764142095], [-74.24436094125288, 5.064362687142279], [-74.24437370492905, 5.0643732307955025], [-74.24437813392458, 5.064377210687258], [-74.24442395771736, 5.064419308492671], [-74.24443245334379, 5.064427460791893], [-74.2444402550827, 5.064435612615632], [-74.2444841697218, 5.064483453303086], [-74.24448485964051, 5.064484209303328], [-74.24455116261441, 5.064556988766577], [-74.24470314687827, 5.064679886492678], [-74.24471164965334, 5.064687055243088], [-74.24472457338418, 5.064699187426752], [-74.24473667937833, 5.064712141846562], [-74.24474791428986, 5.064725861602088], [-74.24475823018501, 5.064740288877671], [-74.24476758273236, 5.064755362231485], [-74.24477593210518, 5.064771016593803], [-74.24478324298484, 5.064787185076573], [-74.24478948275448, 5.064803798072136], [-74.24479462691636, 5.064820785052438], [-74.24479865186987, 5.064838072773181], [-74.24480154032894, 5.064855587073177], [-74.24480327951903, 5.064873253782523], [-74.24480386297843, 5.064890996909548], [-74.24480328875697, 5.0649087404539275], [-74.24480155851381, 5.064926408408326], [-74.244798678418, 5.064943923851977], [-74.24479466276803, 5.064961214372488], [-74.24478952766022, 5.064978203934781], [-74.24478329641633, 5.064994820109071], [-74.24477599416626, 5.0650109922717785], [-74.24476765235784, 5.0650266506919035], [-74.24475830695577, 5.065041728344253], [-74.24474799844326, 5.065056161814129], [-74.2447367709128, 5.0650698876799165], [-74.2447246720766, 5.0650828479418655], [-74.24471175416193, 5.065094986401187], [-74.2446980721134, 5.065106252282713], [-74.24468368358612, 5.065116596615722], [-74.24466865256005, 5.065125974941342], [-74.24465304121922, 5.065134347328203], [-74.24463691717025, 5.065141678358572], [-74.24462034983134, 5.065147936230521], [-74.24460340953163, 5.065153093664355], [-74.24458616931945, 5.065157129708905], [-74.24456870224822, 5.065160026127359], [-74.2445510840888, 5.065161770106623], [-74.2445333897218, 5.065162355168926], [-74.24451569584119, 5.065161779357148], [-74.24449807644083, 5.065160044338558], [-74.24448060823198, 5.06515715720408], [-74.24446336612989, 5.0651531295722005], [-74.24444642325903, 5.065147980303304], [-74.24442985275076, 5.065141731877026], [-74.24441372413236, 5.065134409494368], [-74.24439810965018, 5.065126044684832], [-74.24438307253772, 5.065116674424082], [-74.2443686787389, 5.065106337492199], [-74.24436349337935, 5.06510224776441], [-74.24419548153632, 5.064966389505565], [-74.24418697876085, 5.064959220747912], [-74.24417405503105, 5.064947088552422], [-74.24416556246736, 5.064938181632319], [-74.2440858561932, 5.0648506885217035], [-74.24404994649242, 5.064811567465904], [-74.2440209065191, 5.064784889738111], [-74.24399425383261, 5.064764209032718], [-74.24392775410253, 5.0647329290533705], [-74.24392305226674, 5.064730660681219], [-74.24391007275726, 5.064723801825837], [-74.24384898003889, 5.064689363604262], [-74.24384634418193, 5.0646878594452485], [-74.24384139022159, 5.064684921996529], [-74.24376973829607, 5.064641400753541], [-74.24368403690713, 5.064596313127767], [-74.24362672053589, 5.064567593268731], [-74.24360416648432, 5.064557908077725], [-74.2435306082562, 5.064534365987235], [-74.24352596919141, 5.064532835817044], [-74.24350939870159, 5.06452658645623], [-74.2434932710072, 5.064519264042463], [-74.24349193700529, 5.064518599759648]]], [[[-74.23446066822628, 5.065868696426681], [-74.23445625045764, 5.065865861023811], [-74.23444817177449, 5.06586769330556], [-74.23443070547535, 5.065870589464232], [-74.2344130872043, 5.0658723340835055], [-74.23439539274136, 5.065872918875459], [-74.23437769788023, 5.065872342790612], [-74.23436007932045, 5.065870606587456], [-74.23434261106996, 5.065867719172894], [-74.23433444165434, 5.06586595951259], [-74.23432696328938, 5.06586508072798], [-74.23430949503896, 5.065862193312468], [-74.23429665844863, 5.065859308822934], [-74.23427458060226, 5.065853779998474], [-74.23427017506764, 5.065852636574054], [-74.23425323219278, 5.065847487022941], [-74.23423666169928, 5.065841238316013], [-74.2342240418905, 5.06583561725195], [-74.23421734333873, 5.065832941826172], [-74.234201918325, 5.065825965271712], [-74.23419975736888, 5.065825078151564], [-74.23418362968694, 5.065817755488172], [-74.23416801435692, 5.065809391310135], [-74.23415297821626, 5.065800019872933], [-74.23415137814462, 5.065798940766806], [-74.23414945370041, 5.065797631551693], [-74.23413666006255, 5.06578837346228], [-74.23412297203116, 5.065777114723771], [-74.23411004842006, 5.065764982285432], [-74.23409794256605, 5.065752028524852], [-74.23409690442892, 5.065750835244871], [-74.23408726174428, 5.065739684605348], [-74.23407227025419, 5.065723406630159], [-74.23404514401722, 5.065697017875106], [-74.23404226832196, 5.065694177717825], [-74.2340333798082, 5.065684836172763], [-74.23400474045417, 5.0656532593793315], [-74.23400152221461, 5.065649647163349], [-74.23400001925796, 5.065647914595283], [-74.23397615236793, 5.065620166921541], [-74.23397285868478, 5.065616264403705], [-74.23395074518436, 5.065589553921358], [-74.23392266905982, 5.065565677830884], [-74.23389976620167, 5.065551905892033], [-74.23387923516943, 5.065539827766317], [-74.23387391416065, 5.065537936897708], [-74.23386085334263, 5.06553290841416], [-74.23384472567051, 5.065525585739551], [-74.23382911034908, 5.0655172206456545], [-74.23381407422086, 5.065507850102476], [-74.2338020516508, 5.065499315290121], [-74.23376768620471, 5.065473483211264], [-74.23376531597889, 5.065471680815724], [-74.23375162796003, 5.065460422066051], [-74.23373870345947, 5.06544828961867], [-74.2337265985209, 5.065435335846051], [-74.23371536377753, 5.065421614940574], [-74.23370504806987, 5.065407187431755], [-74.23369569662913, 5.065392113855992], [-74.23368800870966, 5.065377795343033], [-74.23367846007478, 5.065358657714709], [-74.23367779793931, 5.0653573216608905], [-74.23367048729523, 5.065341152986731], [-74.23366642871156, 5.065330730924592], [-74.23365592260656, 5.0653020221804175], [-74.23365374167018, 5.065295831071526], [-74.2336485986749, 5.065278844835536], [-74.2336445739935, 5.0652615560688155], [-74.23364168581823, 5.06524404164597], [-74.23363994601819, 5.065226374834415], [-74.23363947499465, 5.0652163766239005], [-74.23363851276564, 5.065182880404258], [-74.23363840062945, 5.065175135403224], [-74.23363897605867, 5.065157391792414], [-74.2336407066114, 5.065139723793473], [-74.23364358611705, 5.065122208327414], [-74.23364760208028, 5.065104917803256], [-74.23365273750086, 5.0650879282578485], [-74.23365896995789, 5.06507131211914], [-74.2336662725153, 5.065055140013992], [-74.2336688812746, 5.065049973071928], [-74.23368128261562, 5.06502604331675], [-74.23368701506443, 5.065015551917921], [-74.23368791445554, 5.065014002969908], [-74.23368776687394, 5.06501373814053], [-74.23368012945909, 5.065002733866561], [-74.23367727284787, 5.064998534638244], [-74.23366791961291, 5.064983461968551], [-74.23366235827469, 5.064973314215108], [-74.2336567442964, 5.064962529572301], [-74.23365360116846, 5.064960457204835], [-74.23363920838828, 5.0649501199897955], [-74.23362552038415, 5.064938861234046], [-74.23361965330302, 5.064933549393293], [-74.2335570311669, 5.064875176110481], [-74.23353298591206, 5.064854221193474], [-74.2335321245645, 5.064853467314975], [-74.23351920098409, 5.064841334857339], [-74.23350709516082, 5.064828381078269], [-74.23350689531144, 5.064828151636222], [-74.23348429435845, 5.0648022636272465], [-74.23345242003124, 5.064767726070798], [-74.2334245407991, 5.064754390663404], [-74.23342141496255, 5.064752871103326], [-74.23340580056907, 5.064744506896264], [-74.23339076356109, 5.064735135434086], [-74.23337637169189, 5.064724798209154], [-74.2333626827943, 5.064713539447236], [-74.23335564693147, 5.064707132290083], [-74.2333353606254, 5.0646879970198215], [-74.23332947201159, 5.064682271715881], [-74.23332560796916, 5.064678317800279], [-74.23329696826647, 5.064648417578263], [-74.23329333719049, 5.064644550985457], [-74.2332503773979, 5.064597905495996], [-74.23324576760002, 5.064592770407681], [-74.2332409465575, 5.064587106405125], [-74.23315383129646, 5.06448185151103], [-74.23314741762651, 5.064473795496769], [-74.2331371019511, 5.064459368876547], [-74.23312775054049, 5.064444295285604], [-74.23312758758719, 5.064444013293825], [-74.23311729326316, 5.064426092236779], [-74.23311173928985, 5.064421252106041], [-74.23311088607454, 5.064420503640117], [-74.2330979607076, 5.064408372078137], [-74.23308585670387, 5.064395417378752], [-74.23308231807795, 5.064391290926012], [-74.23304413118714, 5.064345840629662], [-74.23303643420606, 5.064336247968288], [-74.23302611853217, 5.0643218195354835], [-74.23302290501738, 5.06431688446298], [-74.2330144774299, 5.064303628692176], [-74.23300958995465, 5.0642976653196285], [-74.23300157680303, 5.064289312856556], [-74.23299656605418, 5.064284960289506], [-74.23299536758572, 5.064283913892132], [-74.23298244402662, 5.06427178141836], [-74.23297033822493, 5.064258827623828], [-74.23296054446264, 5.064246972393859], [-74.23293667764477, 5.064216351869405], [-74.23293523670466, 5.064214487076145], [-74.23292492103693, 5.064200059545465], [-74.23291556873336, 5.064184985950947], [-74.23291440537828, 5.064182945999488], [-74.23291333897274, 5.064182546293087], [-74.23286910856763, 5.064173424961692], [-74.2328536429536, 5.064169758252702], [-74.23283670012802, 5.064164608650787], [-74.23282613382064, 5.064160767932087], [-74.23280810989776, 5.064156989373926], [-74.23279382141835, 5.064153586436722], [-74.23276518691652, 5.064145936478356], [-74.23276487635944, 5.064145853826889], [-74.23274793443697, 5.064140704220605], [-74.23273136399432, 5.064134454555839], [-74.23271523546423, 5.0641271318429135], [-74.232709855123, 5.064124397786309], [-74.23270650509625, 5.064123610644084], [-74.23267882616713, 5.0641169170605345], [-74.23267229106416, 5.064115250170399], [-74.23266385515049, 5.064112837713486], [-74.23263627681004, 5.064104465504153], [-74.23260491568871, 5.064095973823629], [-74.23258853440058, 5.064090976058578], [-74.23257196396156, 5.06408472729385], [-74.232555836336, 5.064077404574482], [-74.23255190475044, 5.064075421468346], [-74.23251658753345, 5.064057244936213], [-74.23250490384646, 5.064050862903656], [-74.23248986776888, 5.064041492316355], [-74.2324754750248, 5.064031155065646], [-74.2324617861557, 5.064019896277044], [-74.23244886261038, 5.064007763788809], [-74.23244852088088, 5.064007420609736], [-74.23244457126593, 5.064004969747629], [-74.2323897277317, 5.06397537452254], [-74.23238873595736, 5.063974836236283], [-74.23233741367315, 5.063946863873004], [-74.23230728014025, 5.063931443476762], [-74.23230119389734, 5.0639290355886475], [-74.23228481201281, 5.063925149833458], [-74.23223993783664, 5.063914848894293], [-74.23223034789682, 5.063912461248176], [-74.2322260460494, 5.06391126784346], [-74.23219127047231, 5.063901314124536], [-74.23213320342192, 5.063893420672191], [-74.23211682912091, 5.0638906803940875], [-74.23210007365138, 5.063886782677465], [-74.23201035334138, 5.063862878137729], [-74.23200986674226, 5.063862748770548], [-74.23199292392657, 5.063857599142909], [-74.23197635349435, 5.063851349455226], [-74.2319602258783, 5.0638440267179154], [-74.23194461061739, 5.063835662467171], [-74.2319419548279, 5.063834104905881], [-74.23191618156321, 5.063818797433902], [-74.23190605812866, 5.063812479374685], [-74.23190379408823, 5.06381099526245], [-74.23187154752905, 5.063798069820476], [-74.23187019390633, 5.063797523173782], [-74.23183965006561, 5.063785088518446], [-74.23183794695255, 5.063784388718184], [-74.23182181933906, 5.063777065976625], [-74.23180620408093, 5.0637687017216955], [-74.23179403106822, 5.06376122125373], [-74.23179384134565, 5.06376109765508], [-74.23177060712038, 5.063750974460453], [-74.23176266431553, 5.0637473603612335], [-74.23172639247714, 5.063730141982816], [-74.2317225486501, 5.063728279948767], [-74.231706933394, 5.063719915690832], [-74.23169189733049, 5.0637105441754136], [-74.23168841527536, 5.063708172946367], [-74.23163591406907, 5.0636718178327085], [-74.23162500339826, 5.063663851787115], [-74.23161594921471, 5.063656574392624], [-74.2315829808471, 5.06362888914555], [-74.23155149511072, 5.063603644077119], [-74.23154951444745, 5.063602183854099], [-74.23151846421379, 5.063589166537277], [-74.2314793588282, 5.063576105731097], [-74.23147794939732, 5.063575630669993], [-74.23146137987699, 5.063569380964395], [-74.2314452522714, 5.063562058211067], [-74.23142963702175, 5.06355369394456], [-74.23142935879967, 5.063553532511882], [-74.23139308605272, 5.0635324867415745], [-74.23137832731668, 5.0635232766510745], [-74.23136393369712, 5.0635129402749195], [-74.23135024665925, 5.063501681451844], [-74.23134228789775, 5.063494400158731], [-74.23130410302954, 5.063458040395264], [-74.23129913737198, 5.063453189171466], [-74.23128703251767, 5.063440235331512], [-74.23127579786187, 5.063426515266697], [-74.23126548224124, 5.063412087697176], [-74.23126025136148, 5.0634039298761655], [-74.23124020147937, 5.0633713955544986], [-74.23123607920208, 5.063364479745986], [-74.23122773013877, 5.063348825124022], [-74.23122380731559, 5.063340499233156], [-74.2312104382777, 5.063310834944921], [-74.23120705054434, 5.063302991207651], [-74.23120081111507, 5.06328637889661], [-74.23119566730368, 5.063269391717496], [-74.23119164361148, 5.063252102913816], [-74.23118875642396, 5.063234588458958], [-74.23118701580523, 5.06321692162389], [-74.23118643272856, 5.063199179297102], [-74.23118642532911, 5.063168553109511], [-74.23118665321839, 5.063157370058892], [-74.23116566761753, 5.063134366125818], [-74.23116193038945, 5.063130182127326], [-74.23115069574268, 5.063116462058262], [-74.23114038103327, 5.063102034483039], [-74.23113110754893, 5.0630870982304925], [-74.23109577934214, 5.063025855104276], [-74.23109570057994, 5.063025717722069], [-74.2310873515242, 5.063010062191442], [-74.23108004097962, 5.062993894369552], [-74.23107543641146, 5.062981967701763], [-74.23106531226007, 5.062953790181943], [-74.23105885352376, 5.0629419222336915], [-74.23105499891511, 5.062936264512504], [-74.23103713777134, 5.062918821961913], [-74.23103463816217, 5.062916348424908], [-74.23100981685349, 5.062891470665482], [-74.23099771111447, 5.062878516817662], [-74.23098647737842, 5.062864796742025], [-74.23097616177331, 5.062850368259121], [-74.23097205682284, 5.062844022448344], [-74.23095105231239, 5.062810531724813], [-74.2309458041246, 5.0628018048027625], [-74.23093745507788, 5.062786150173327], [-74.23093302843989, 5.062776697836324], [-74.23090533484371, 5.062714496451225], [-74.23090280445216, 5.062708627198191], [-74.23088120869268, 5.062656878411425], [-74.23086279246715, 5.062613579081789], [-74.23084631704415, 5.0625845422922495], [-74.23083388326154, 5.062565115105499], [-74.23081485522754, 5.062551384508085], [-74.23080823727177, 5.062546453176047], [-74.23079454936274, 5.062535194335324], [-74.23078162497434, 5.062523061800175], [-74.23076952014979, 5.0625101079434485], [-74.23076932030378, 5.062509879404959], [-74.23072922436056, 5.0624639502659505], [-74.23072037763798, 5.062453278493509], [-74.23068123544303, 5.062403521975165], [-74.23067904648335, 5.06240070130093], [-74.23066873089542, 5.0623862737142815], [-74.23065937957479, 5.062371200065509], [-74.23065102963976, 5.062355545430864], [-74.23064467991685, 5.062341671290929], [-74.23062844601027, 5.062303393147667], [-74.23062748520799, 5.062301098551152], [-74.23062124490565, 5.062284486229806], [-74.23061986546067, 5.062280301363742], [-74.23060267321893, 5.0622267110311965], [-74.230598909784, 5.062213908705383], [-74.23059488521947, 5.062196620798516], [-74.23059199715661, 5.062179106337094], [-74.23059025836811, 5.062161439491794], [-74.23058967531378, 5.062143696254914], [-74.23059024994186, 5.062125952627282], [-74.23059198059296, 5.062108285521468], [-74.23059486018867, 5.062090769145816], [-74.23059887624004, 5.062073479528613], [-74.23060401174139, 5.062056489992283], [-74.2306099388862, 5.062040616398986], [-74.23060474309705, 5.062034303420646], [-74.23059701895178, 5.062024626618028], [-74.2305896878352, 5.0620190424554945], [-74.23054863186444, 5.061988866154792], [-74.23054392406338, 5.061985327318777], [-74.23053023617173, 5.061974068468285], [-74.23051731179893, 5.061961935018925], [-74.23051192705623, 5.061956381539166], [-74.23048893120523, 5.0619319780189915], [-74.23044017293101, 5.061881712240065], [-74.23043305632135, 5.0618740864025416], [-74.23037645799577, 5.061811054988896], [-74.23028687551364, 5.0617271750360855], [-74.23026420037507, 5.061710130668129], [-74.23026183017207, 5.061708328253825], [-74.23024814138851, 5.061697069396379], [-74.2302352179304, 5.061684936841775], [-74.23022826719891, 5.061677706995132], [-74.23019103535003, 5.061637519750184], [-74.23018588128565, 5.06163179572265], [-74.23017464668716, 5.0616180747198944], [-74.23016433112508, 5.061603647119117], [-74.2301549798317, 5.061588574361913], [-74.2301523234979, 5.061583856268376], [-74.23011487558345, 5.061515744992516], [-74.23009880467086, 5.0614877696538825], [-74.23006809530564, 5.06144878336513], [-74.23006580323988, 5.061445831684848], [-74.23006465624401, 5.061444323725563], [-74.23001940989447, 5.061426543173713], [-74.23001465101534, 5.061424621335569], [-74.23001252074114, 5.061423725994769], [-74.22998102237605, 5.061410334828094], [-74.22996702420764, 5.061403906458177], [-74.22995140992914, 5.061395542136495], [-74.22993637304054, 5.0613861705620975], [-74.22992198039222, 5.061375833229566], [-74.22992172285646, 5.061375635563971], [-74.22989690347711, 5.061356500600844], [-74.22988347314492, 5.0613454393961215], [-74.22987054879809, 5.061333306832467], [-74.2298584440154, 5.061320352948431], [-74.22984720942942, 5.061306631936857], [-74.22983689387993, 5.061292204327756], [-74.22982754259921, 5.0612771315627585], [-74.2298191927003, 5.061261476003762], [-74.22981188221394, 5.061245308154237], [-74.22981002101004, 5.061240684458771], [-74.22979951697944, 5.061213889273706], [-74.22979513881933, 5.0612019006299915], [-74.22978999507158, 5.061184913425685], [-74.22978597054029, 5.061167625506469], [-74.22978308341193, 5.061150111032767], [-74.22978134375207, 5.061132444180442], [-74.22978076072732, 5.061114700936666], [-74.22978075342279, 5.061085032931394], [-74.22978132807916, 5.061067289298786], [-74.2297830587569, 5.061049622189889], [-74.22978593927978, 5.0610321058114], [-74.22978995535242, 5.061014815290212], [-74.22979509087651, 5.06099782666146], [-74.22980132252486, 5.0609812105450835], [-74.22980862516575, 5.0609650375644755], [-74.22981696735458, 5.060949380164638], [-74.22982631221572, 5.0609343017526855], [-74.2298366210758, 5.06091986935843], [-74.22984329057775, 5.0609114961910215], [-74.22983469579981, 5.060904252267545], [-74.22982177146442, 5.060892119700385], [-74.22980966578879, 5.060879164909929], [-74.22979843121519, 5.06086544480005], [-74.22978811567597, 5.060851017188013], [-74.22977876440501, 5.060835944420293], [-74.22977041541768, 5.060820288857064], [-74.22976310494, 5.06080412100527], [-74.22975686467959, 5.060787507761159], [-74.22975172184269, 5.060770521458394], [-74.2297476973159, 5.060753232633021], [-74.22974594737693, 5.060743499228265], [-74.22974116949463, 5.060713831232544], [-74.22974003140862, 5.060706050164197], [-74.22973829085167, 5.0606883833126615], [-74.22973770783145, 5.060670640068229], [-74.22973828249307, 5.060652897340052], [-74.22974001497654, 5.0606352293228145], [-74.22974214765445, 5.060621630409172], [-74.22974850477192, 5.0605868806330205], [-74.22975104322431, 5.060558802984165], [-74.2297510365691, 5.060530908416695], [-74.22975161122945, 5.060513164783724], [-74.22975263391987, 5.060501408374015], [-74.22975930102095, 5.060440156846377], [-74.22976001081419, 5.06043424523893], [-74.22976002504285, 5.060434134824333], [-74.22976669307074, 5.060383409022499], [-74.22976955936852, 5.06036600396375], [-74.2297735754418, 5.060348713443211], [-74.22977871006128, 5.060331723912326], [-74.22978316794223, 5.060319514905785], [-74.2298105911381, 5.060249644500844], [-74.22981236490345, 5.060245237392292], [-74.22981585875773, 5.0602371462252815], [-74.22983302939703, 5.060199099578071], [-74.22983683727855, 5.060191018672589], [-74.22984517945947, 5.060175360369796], [-74.22985452521714, 5.060160282863048], [-74.22986483316437, 5.060145849568047], [-74.22986929255991, 5.060140177855856], [-74.2299214701116, 5.060075593433314], [-74.22992086275823, 5.060071245135105], [-74.22991988859978, 5.060062829479743], [-74.22991414877285, 5.060005408074835], [-74.22991338327809, 5.059996156877816], [-74.22991280026002, 5.059978414539011], [-74.2299127876959, 5.059924454943387], [-74.22991162914485, 5.059879553829102], [-74.22990585112952, 5.059853513331721], [-74.22990460646865, 5.059847589148811], [-74.22990171844937, 5.059830074676007], [-74.2299005823251, 5.059819986322748], [-74.229894841593, 5.0597587357358], [-74.22989423716443, 5.0597511572379394], [-74.22989365414702, 5.059733413993995], [-74.22989363680745, 5.05965685119257], [-74.22989421146887, 5.059639107560158], [-74.22989594214908, 5.059621440451887], [-74.22989753468875, 5.059610896319207], [-74.22991850251907, 5.059488389633294], [-74.22991979050197, 5.059481417388559], [-74.22992380747358, 5.059464126867216], [-74.22992894118515, 5.059447137339039], [-74.22993517372686, 5.059430521223354], [-74.22994247635941, 5.059414350055152], [-74.22995081853033, 5.059398690848847], [-74.22996016337606, 5.05938361334525], [-74.22996694402529, 5.059373899031748], [-74.2299704117116, 5.059369154830115], [-74.23000045057331, 5.059300651164854], [-74.23000214250524, 5.059296870344777], [-74.23002312946666, 5.059250927361792], [-74.23002642515212, 5.059243975735182], [-74.23003256579871, 5.059232215037657], [-74.23003320696792, 5.0592310574651815], [-74.23004615154568, 5.05917508357825], [-74.23005393124892, 5.0591109924391295], [-74.23005425394325, 5.0591084248629095], [-74.23005713446432, 5.059090909390875], [-74.2300600102169, 5.059078036539746], [-74.23007630978647, 5.059012592810798], [-74.23009044139549, 5.058948751103771], [-74.23009468051349, 5.058893326683452], [-74.23009619500417, 5.058878722789292], [-74.23009907462223, 5.058861207319184], [-74.23010308978435, 5.058843916801927], [-74.23010775154137, 5.058828342398108], [-74.23012491804803, 5.058776657468426], [-74.2301253927052, 5.058775243244337], [-74.23013162433686, 5.05875862713091], [-74.23013325295302, 5.0587547659025525], [-74.23016377825448, 5.058683936843165], [-74.23016945225932, 5.05867162599901], [-74.2301777935183, 5.058655967699622], [-74.23018274069251, 5.058647712716697], [-74.23018216857757, 5.058647211630014], [-74.23016924519467, 5.058635079057927], [-74.23015713956828, 5.058622125169357], [-74.23014590503928, 5.058608405056866], [-74.23013558953987, 5.058593976537721], [-74.23013543208909, 5.0585937397748415], [-74.23010869986, 5.0585535497341345], [-74.23010475330867, 5.0585474415743805], [-74.2300627438445, 5.05848045816391], [-74.23005749571412, 5.058471730317297], [-74.23004914586444, 5.058456075657319], [-74.23004573594592, 5.058448879793871], [-74.2300151787344, 5.058381892732214], [-74.23001127911317, 5.058372920738967], [-74.23001093102296, 5.058372073586962], [-74.2299803720001, 5.0582974308750766], [-74.22997448076659, 5.058281664777606], [-74.22997013843185, 5.0582676067473304], [-74.22995918789773, 5.058228422751314], [-74.2299392534888, 5.058171829046889], [-74.22993818743569, 5.058168742027775], [-74.22993304372764, 5.058151754818107], [-74.22992901923104, 5.0581344668945585], [-74.22992696426695, 5.058122792331791], [-74.2299205064428, 5.0580807686359535], [-74.22990452599848, 5.058042334324253], [-74.22990430754453, 5.058041807231015], [-74.2298980673244, 5.058025193981293], [-74.22989292452336, 5.058008207673818], [-74.22988890002787, 5.057990918844659], [-74.22988806520578, 5.057986523022088], [-74.22986512982362, 5.057860199007188], [-74.22986481518919, 5.057858432498153], [-74.22983805664735, 5.057705310552864], [-74.22983631900887, 5.057693957501316], [-74.22983457937954, 5.057676290645401], [-74.2298339954787, 5.057658548305953], [-74.2298345710555, 5.057640804670847], [-74.2298363026458, 5.057623136656036], [-74.22983918227376, 5.057605621186072], [-74.22984319834585, 5.057588330668265], [-74.22984833296076, 5.057571342045977], [-74.22985456459604, 5.0575547259357], [-74.22986186721937, 5.05753855386734], [-74.22987021028341, 5.057522895569671], [-74.2298795542109, 5.057507817169393], [-74.22988986303376, 5.057493384786311], [-74.2299010908483, 5.057479659130211], [-74.22991318994275, 5.057466699104646], [-74.22992610808866, 5.057454560907309], [-74.2299397912427, 5.057443295310429], [-74.22995417904194, 5.057432951288596], [-74.22996921021436, 5.057423574198871], [-74.22998482257023, 5.057415201256686], [-74.23000094580067, 5.05740787059772], [-74.23001751319246, 5.057401613112309], [-74.23003445351571, 5.0573964569848755], [-74.23005169371878, 5.057392421355197], [-74.23006915984774, 5.057389525364715], [-74.23008677793504, 5.057387780916429], [-74.23010447219993, 5.057387195392644], [-74.23012216685484, 5.057387772556487], [-74.2301397851962, 5.057389508934232], [-74.23015725321892, 5.057392396523035], [-74.2301744951064, 5.057396423704156], [-74.23019143773699, 5.057401572520089], [-74.23020800798226, 5.057407821394074], [-74.23022413450987, 5.057415144221856], [-74.23023975049047, 5.057423510366574], [-74.23025478637068, 5.057432880148393], [-74.23026917892017, 5.057443217494692], [-74.23028286759673, 5.057454476374865], [-74.23029579095244, 5.0574666089503095], [-74.23030789655392, 5.057479562841302], [-74.23031913106212, 5.057493283860177], [-74.23032944653984, 5.057507711475324], [-74.23033879775684, 5.057522785149958], [-74.2303471475952, 5.057538439807845], [-74.23035445802945, 5.057554607660036], [-74.23036069735042, 5.0575712209055705], [-74.23036584015824, 5.057588208112233], [-74.23036986465888, 5.057605496031347], [-74.23037101501902, 5.0576116574546495], [-74.23039760947789, 5.05776383865175], [-74.23041516623451, 5.057860541014621], [-74.23043258249251, 5.057902428073983], [-74.23043280094679, 5.05790295516697], [-74.23043904117567, 5.057919567503732], [-74.23044418399034, 5.0579365547084265], [-74.23044820849906, 5.057953843530671], [-74.23045026437141, 5.0579655171831694], [-74.23045787878259, 5.058015071263462], [-74.2304723655949, 5.058056202027571], [-74.23047343255232, 5.058059289043549], [-74.2304777739923, 5.058073347069959], [-74.23048689581657, 5.058105983654854], [-74.23050944594235, 5.058161065845394], [-74.23053031909812, 5.058206824375054], [-74.23053053087926, 5.05820716237406], [-74.2305446459609, 5.0582086466107805], [-74.23056211310158, 5.058211533279685], [-74.23057935591416, 5.058215560442318], [-74.23059629856996, 5.0582207101463865], [-74.2306064584284, 5.058224394262629], [-74.2306312758475, 5.0582339598936965], [-74.2306376853563, 5.058236524636319], [-74.23065381371356, 5.058243847443615], [-74.23066942791156, 5.05825221176538], [-74.23068446472328, 5.05826158333871], [-74.23069885729878, 5.058271920669094], [-74.23071254509914, 5.058283179535543], [-74.23072546938326, 5.0582953120944545], [-74.23073757410845, 5.058308265972968], [-74.2307488086407, 5.058321986073543], [-74.23075912414556, 5.0583364145807606], [-74.23076847628815, 5.058351487336965], [-74.23077682524861, 5.058367141985543], [-74.23078413570838, 5.058383310732422], [-74.23078633419951, 5.058388797884301], [-74.23079970488841, 5.0584232486879666], [-74.2308037457401, 5.05843437386743], [-74.23080888766859, 5.058451361067384], [-74.23081291219123, 5.058468648979129], [-74.23081580022084, 5.058486164348894], [-74.23081753988362, 5.058503831194728], [-74.2308181238174, 5.058521573526102], [-74.23081754827261, 5.058539317155283], [-74.23081581671318, 5.058556985166318], [-74.23081293711452, 5.058574500634744], [-74.23080892106992, 5.058591791153256], [-74.23080721907272, 5.058597882892988], [-74.23077479461023, 5.05870890840217], [-74.23077136201711, 5.058719805287754], [-74.2307651304034, 5.0587364214032835], [-74.23075882280227, 5.058750547609642], [-74.23073211252327, 5.058806061758405], [-74.23073111751962, 5.058808107627809], [-74.23072277537402, 5.0588237668380085], [-74.23072046835075, 5.058827699026601], [-74.23069184783041, 5.058875558441485], [-74.23068481003226, 5.058886703761403], [-74.23067450121552, 5.058901136157598], [-74.2306647788011, 5.0589131244366845], [-74.23064406104932, 5.058937234610939], [-74.23063457592811, 5.058959245085832], [-74.23063162946175, 5.0589681142602245], [-74.23062846824364, 5.059009464022309], [-74.23062695466793, 5.059024067913125], [-74.23062407416437, 5.059041584288732], [-74.23062283203085, 5.059047507764103], [-74.23060376539776, 5.059133647177314], [-74.23060213088789, 5.05914059655458], [-74.23058902393701, 5.059193223834994], [-74.23058152059727, 5.059255031592142], [-74.23058119700283, 5.059257599169836], [-74.2305783173991, 5.059275114639144], [-74.23057650971799, 5.059283536481053], [-74.23055172063292, 5.059390731881213], [-74.23054951136034, 5.059399600560342], [-74.23054437676394, 5.0594165900911205], [-74.23053814423923, 5.059433206208872], [-74.23053084162301, 5.05944937738021], [-74.23052470098547, 5.059461138080687], [-74.23051070050732, 5.059486421709626], [-74.23049492279966, 5.059520963172736], [-74.23045379171141, 5.059614761241624], [-74.23044880500301, 5.0596254936887455], [-74.23044173180887, 5.059638923736474], [-74.23043472322436, 5.059679869117308], [-74.23043473339565, 5.059720600296893], [-74.23043770323754, 5.059752284932577], [-74.23044548526083, 5.05978736524991], [-74.23044673083014, 5.059793290333733], [-74.2304496188631, 5.059810804800575], [-74.23045135762612, 5.059828471649981], [-74.23045185082282, 5.059839259739466], [-74.23045377754057, 5.059913908830865], [-74.23045386827964, 5.059920863979308], [-74.23045387901433, 5.059964756584432], [-74.23045670894372, 5.059993067426133], [-74.2304697155889, 5.060052595898786], [-74.23047077367154, 5.060057669001818], [-74.23047366170802, 5.060075183467986], [-74.23047370383179, 5.060075510026547], [-74.2304769276479, 5.060100249715469], [-74.23047964402544, 5.060114305395977], [-74.23048226329226, 5.060130451385923], [-74.23048292417225, 5.060135906170984], [-74.23048507582803, 5.060155285052007], [-74.23048615371505, 5.060167497115625], [-74.23048673765406, 5.060185240353057], [-74.23048616210971, 5.0602029839836185], [-74.23048443144819, 5.0602206510896295], [-74.23048155184547, 5.060238167464482], [-74.23047753669435, 5.0602554579830095], [-74.23047479366163, 5.060265024384965], [-74.23046907120349, 5.060283688038464], [-74.23046667873403, 5.060291111170118], [-74.23046044710654, 5.060307727287478], [-74.23045314448534, 5.060323899365203], [-74.23044480231988, 5.0603395576726795], [-74.2304354574787, 5.060354635183444], [-74.23042514864012, 5.060369067582048], [-74.23041392080549, 5.0603827941603186], [-74.23040182168145, 5.06039575330007], [-74.23039627899749, 5.060401157437928], [-74.23038339703677, 5.060413362543266], [-74.23037602154238, 5.060420097527934], [-74.23036233925038, 5.060431363144716], [-74.23034795050279, 5.060441707190968], [-74.23033291837822, 5.0604510852108255], [-74.23031730776849, 5.060459457269033], [-74.23030800047573, 5.060463844305935], [-74.23029880045897, 5.060487283850845], [-74.23029686126404, 5.0605020360363815], [-74.23029212239865, 5.0605455721199775], [-74.2302921252611, 5.0605575953104305], [-74.23030512182721, 5.060567364351026], [-74.23030749202537, 5.060569166766216], [-74.23032117987889, 5.060580425630035], [-74.2303341042153, 5.060592559091375], [-74.23034620989228, 5.060605513870909], [-74.23035744356527, 5.060619233066573], [-74.23036249410912, 5.060626047594462], [-74.23038445224303, 5.060656668285123], [-74.23038971814678, 5.06066428135608], [-74.23039906942802, 5.06067935501702], [-74.23040741932648, 5.060695009662439], [-74.23041472981653, 5.060711177503407], [-74.23042097009098, 5.060727790737323], [-74.23042611204284, 5.060744777937146], [-74.23043013658481, 5.060762065849098], [-74.23043046914563, 5.060763766271385], [-74.2304352461378, 5.060788648684066], [-74.2304376981744, 5.0608036775434435], [-74.23044439089232, 5.060853441470808], [-74.23044449524248, 5.060854227557654], [-74.23044623491735, 5.060871894404141], [-74.23044681795824, 5.060889637643079], [-74.23044624331745, 5.060907380367101], [-74.23044451175697, 5.060925048379894], [-74.23044163215461, 5.06094256475522], [-74.23043761700085, 5.060959854369622], [-74.23043709279024, 5.06096178533816], [-74.23042946375648, 5.060989541491934], [-74.23042485246255, 5.061004600057955], [-74.23041861992915, 5.061021216178213], [-74.230418538189, 5.061021412678576], [-74.23042436125893, 5.061026387151107], [-74.2304372847036, 5.061038519704498], [-74.23044939039089, 5.0610514735745795], [-74.23046062497963, 5.061065193668961], [-74.2304691154434, 5.061076919333729], [-74.23049834302596, 5.061119638974182], [-74.23053566424225, 5.061167020226576], [-74.23053795630845, 5.06116997190494], [-74.23054827186817, 5.061184399499607], [-74.23055762406524, 5.061199473153606], [-74.23055778520836, 5.061199753340338], [-74.2305849976755, 5.061247121223502], [-74.23058749196288, 5.061251558225069], [-74.23060950492331, 5.061291594310354], [-74.23062311325484, 5.061301824538006], [-74.23062548345678, 5.061303626951127], [-74.230639172235, 5.061314885801153], [-74.23064548037081, 5.061320609441171], [-74.23075430735469, 5.061422508372306], [-74.23076092267563, 5.061428917277272], [-74.23077071620526, 5.061439263329047], [-74.23083167560802, 5.061507150708063], [-74.23087815738417, 5.06155507097814], [-74.2308808661033, 5.061557904236479], [-74.23088833066723, 5.061565826186888], [-74.23091146140085, 5.061582826233092], [-74.23091517430079, 5.061585603293392], [-74.23095097051976, 5.0616128706362975], [-74.23095196541884, 5.061613632409531], [-74.23096565330655, 5.061624891251299], [-74.2309785776756, 5.061637023786612], [-74.23099068248291, 5.061649977642713], [-74.23099853964884, 5.061659378218707], [-74.23102345047006, 5.061690587721639], [-74.23105961816115, 5.0617320156214625], [-74.23106077113708, 5.061733344413399], [-74.23108797817072, 5.0617649205211945], [-74.2310978626781, 5.061777086881764], [-74.23110817825923, 5.061791513557064], [-74.23111197367886, 5.061797368642031], [-74.23112915948509, 5.061824640590831], [-74.2311347162862, 5.061833859145923], [-74.23114306531929, 5.061849513775102], [-74.2311503758472, 5.061865682504396], [-74.2311566152546, 5.0618822957250815], [-74.2311617590453, 5.0618992829081355], [-74.2311657836203, 5.061916570808411], [-74.23116867169509, 5.061934085263929], [-74.23116871290182, 5.061934403680713], [-74.2311730162626, 5.061967420367427], [-74.23117471385801, 5.0619847687907535], [-74.23117529692695, 5.062002512023341], [-74.23117472231253, 5.06202025474283], [-74.23117299077667, 5.0620379227528645], [-74.23117011029471, 5.062055439128983], [-74.23116886817074, 5.062061364414676], [-74.23116540128308, 5.062077027938441], [-74.23115971998246, 5.0621169691646415], [-74.23115750720305, 5.062130181872359], [-74.23117863780779, 5.062145430362972], [-74.23118525576062, 5.062150361691609], [-74.23119894366471, 5.062161620524525], [-74.23121186805005, 5.06217375305131], [-74.23122200882487, 5.062184486597186], [-74.23124682921961, 5.062212235335499], [-74.23124879326843, 5.062214455637466], [-74.2312600278984, 5.062228176613302], [-74.23127034349379, 5.062242604188013], [-74.23127310990847, 5.0622468379885275], [-74.2313055722268, 5.0622975545085565], [-74.23131215804399, 5.0623083934379265], [-74.2313130407324, 5.06230993808918], [-74.23134073065009, 5.062358740948934], [-74.23134819790928, 5.062372850014639], [-74.23135443797729, 5.062386466480047], [-74.23137926578444, 5.0624448404911195], [-74.23137998365127, 5.062446545608064], [-74.23140072104438, 5.062496238452459], [-74.23141669691624, 5.062532122007793], [-74.23145188131936, 5.062566483317941], [-74.23145438183037, 5.0625689568516], [-74.23146648756915, 5.062581910690188], [-74.23147772130868, 5.062595631661144], [-74.23148650497619, 5.06260778472282], [-74.23151323749903, 5.062647018250313], [-74.2315147694372, 5.062649291852198], [-74.23152412258486, 5.062664365479244], [-74.2315273339828, 5.062670100425182], [-74.2315502496903, 5.062712204047121], [-74.23155538644757, 5.062722123721422], [-74.23156269699966, 5.0627382924407485], [-74.23156730157139, 5.062750218198593], [-74.23157627916585, 5.0627752075077135], [-74.23158475815535, 5.062789905487964], [-74.2316260159454, 5.062835134730829], [-74.23162975317194, 5.0628393178215525], [-74.23164098692, 5.062853038787646], [-74.2316513025339, 5.062867465446725], [-74.23166065568861, 5.062882539070165], [-74.23166900384996, 5.062898193687398], [-74.23167307799716, 5.062906854973597], [-74.23169026664316, 5.0629451330645665], [-74.23169350305405, 5.062952640494964], [-74.23169974339353, 5.062969253702231], [-74.23170122904752, 5.062973770429065], [-74.23171651204663, 5.063021617853985], [-74.23172016931039, 5.063034088301254], [-74.2317241930131, 5.063051377098663], [-74.23172708021242, 5.063068891547915], [-74.2317288208441, 5.063086558378131], [-74.2317289885203, 5.063089336747529], [-74.23178804568731, 5.063114095941312], [-74.23180328830576, 5.0631210503024455], [-74.23181890354631, 5.063129414561408], [-74.23183393959548, 5.063138786076867], [-74.23184390279458, 5.063145787580655], [-74.23187635780533, 5.063169705238597], [-74.23188078732068, 5.063173041007064], [-74.23188509872597, 5.063176426765109], [-74.23192328355665, 5.0632070436271475], [-74.23192802632934, 5.06321093526052], [-74.23195371758615, 5.063232509645835], [-74.23197778167867, 5.063249173073959], [-74.2319902386558, 5.063255086764436], [-74.2320301426481, 5.063272472849339], [-74.23204192927173, 5.0632779489789925], [-74.23205754451992, 5.0632863141353015], [-74.2320670478974, 5.063292076007783], [-74.23207301416561, 5.0632945058437215], [-74.23212965103438, 5.063317207530996], [-74.23213270686388, 5.063318453073974], [-74.23214883446636, 5.063325775809807], [-74.23216444971659, 5.0633341409629065], [-74.23217722893162, 5.06334201658009], [-74.23218731049485, 5.063348622447257], [-74.2322226634204, 5.063358042138441], [-74.23228319982015, 5.063366271103786], [-74.23229957410884, 5.063369012285581], [-74.23231681706527, 5.063373039365369], [-74.23232111890891, 5.063374232770326], [-74.23236766084987, 5.063387554430259], [-74.23240649219103, 5.063396468934565], [-74.23240841138445, 5.063396916783393], [-74.23244468133754, 5.063405521286121], [-74.23245235117196, 5.06340746017896], [-74.23246929397577, 5.063412609796613], [-74.23248166535771, 5.063417157367696], [-74.23251793625963, 5.063431503821518], [-74.23252213529953, 5.063433205926865], [-74.23253826380952, 5.063440528649485], [-74.23254164082475, 5.063442227795864], [-74.23258650464811, 5.0634651862007605], [-74.23259272609428, 5.063468472405123], [-74.23264668405342, 5.063497882916045], [-74.23270818720673, 5.0635310720371365], [-74.23271519577342, 5.063534988301982], [-74.23272232773648, 5.063539263543363], [-74.2327624191859, 5.063564137467189], [-74.2327703232912, 5.063569233714283], [-74.23278471602637, 5.063579570959912], [-74.23279097041811, 5.063584529197495], [-74.23281321472582, 5.063591282897336], [-74.2328258603044, 5.063594340612459], [-74.2328497585387, 5.063598692495818], [-74.23285414452371, 5.063599527429575], [-74.23287138658414, 5.063603554493947], [-74.2328883293941, 5.063608704098558], [-74.23290489982267, 5.0636149537623005], [-74.23292102743731, 5.063622276474908], [-74.23293044524978, 5.0636271626335665], [-74.2329339327254, 5.063629059721505], [-74.23295987227463, 5.063634497109316], [-74.23297447220284, 5.063637983599973], [-74.23299141411158, 5.063643133203181], [-74.2330015325288, 5.063646801049724], [-74.23304299889085, 5.063655351278758], [-74.23305846539422, 5.0636590179843], [-74.23307540730372, 5.06366416758499], [-74.23308343803855, 5.063667041360352], [-74.23316743494082, 5.06369860414919], [-74.23317597463735, 5.0637019800306495], [-74.23319210135348, 5.063709302736948], [-74.23320771752373, 5.063717667857536], [-74.23321720465385, 5.063723419787027], [-74.23324584194054, 5.06374159724578], [-74.23325139088425, 5.06374521498117], [-74.2332657827267, 5.063755552214945], [-74.23327947069662, 5.063766810986306], [-74.23329239605214, 5.06377894345199], [-74.23329846346947, 5.063785225783811], [-74.23332710358198, 5.063815843533187], [-74.23333314106002, 5.0638225158968035], [-74.2333443748588, 5.06383623682001], [-74.23335469052478, 5.063850663438488], [-74.23336404373262, 5.063865737023781], [-74.2333723928503, 5.063881391603794], [-74.23337918950635, 5.063896327099664], [-74.2333821507973, 5.063903392585302], [-74.23338298980633, 5.063904263228067], [-74.23340685657021, 5.063929140873766], [-74.2334152484193, 5.063938298800153], [-74.23342090151489, 5.0639449746093845], [-74.23344285897805, 5.063971766860683], [-74.23344844058633, 5.063978811065434], [-74.23345875535664, 5.063993238587604], [-74.233461968872, 5.063998173657575], [-74.23346950410757, 5.064010025944504], [-74.23348256497094, 5.064025570203009], [-74.23349414109553, 5.064035660352159], [-74.23349499521117, 5.06403640791107], [-74.23350791967393, 5.06404854037178], [-74.2335200245766, 5.064061494156397], [-74.23352873835552, 5.064071972496638], [-74.23355141319647, 5.064100678867859], [-74.23355393412568, 5.0641039205388365], [-74.2335642498029, 5.064118348056495], [-74.23357360121557, 5.06413342163997], [-74.23357376416892, 5.06413370363161], [-74.23358492759375, 5.064153134968716], [-74.23365273395015, 5.064235061572392], [-74.23368905970455, 5.064274502877476], [-74.23369837210399, 5.06428422545734], [-74.23370998836646, 5.064289781497048], [-74.23371311420087, 5.064291301056129], [-74.23372872858592, 5.064299666162391], [-74.23374376558355, 5.064309036713295], [-74.23374622939554, 5.0643107068286515], [-74.23376890096148, 5.064326253567553], [-74.23378082901229, 5.06433492066934], [-74.23379451700309, 5.064346179424454], [-74.23379764705966, 5.064348973858988], [-74.23382270535562, 5.064371697560094], [-74.2338325006765, 5.064381035575028], [-74.23383980500908, 5.064388647428197], [-74.23388395815768, 5.064436489476201], [-74.2338887596436, 5.064441831396127], [-74.23388895949296, 5.0644420608380365], [-74.23390185920583, 5.064456836298071], [-74.23391537494152, 5.064468615646355], [-74.23391623538646, 5.06446936952609], [-74.23392210246251, 5.064474680459847], [-74.23396767926191, 5.064517165091135], [-74.2339801574613, 5.064524734503273], [-74.23399037694469, 5.06453125139842], [-74.23400476971763, 5.064541588606679], [-74.23401845771639, 5.064552847354976], [-74.23401866740556, 5.064553031537321], [-74.23405016973986, 5.064580779136409], [-74.23406288453263, 5.064592726493524], [-74.2340749894566, 5.064605680262375], [-74.23408622418606, 5.064619400258722], [-74.23409653988567, 5.064633828667601], [-74.23410589222145, 5.064648902236585], [-74.23411424136756, 5.064664555895031], [-74.23411690840105, 5.064670135325033], [-74.23413340901348, 5.064705686598876], [-74.23413405925382, 5.064706935812678], [-74.23413951519659, 5.064714796390459], [-74.23414237271092, 5.06471899561461], [-74.23415172504758, 5.064734068277528], [-74.23415366523405, 5.064737494729715], [-74.2341765811849, 5.064778641807707], [-74.23418298924913, 5.064790870823688], [-74.23419030079566, 5.064807038584175], [-74.23419436029081, 5.064817464259457], [-74.23421537071458, 5.06487488172639], [-74.23421755074428, 5.064881069214987], [-74.23422269465169, 5.064898056346886], [-74.23422671934127, 5.064915344202185], [-74.23422960752805, 5.064932858619101], [-74.23423134643866, 5.064950525427226], [-74.23423147586588, 5.064952636112886], [-74.23423225274416, 5.064955476653847], [-74.23423627743472, 5.0649727645089255], [-74.23423916472004, 5.064990278927365], [-74.2342409054361, 5.065007945731891], [-74.2342414886107, 5.06502568893903], [-74.23424135761559, 5.0650341682066715], [-74.23424041051561, 5.0650647934638755], [-74.2342399660991, 5.065074058708396], [-74.23423823556108, 5.065091725800163], [-74.23423535517139, 5.065109242171474], [-74.23423291345236, 5.06512017246529], [-74.23424542322738, 5.065129157843256], [-74.23425576533855, 5.065137523938299], [-74.23431877006855, 5.065191103598989], [-74.23432211687677, 5.065193996240708], [-74.23433504047685, 5.065206128676821], [-74.23434714632171, 5.065219082434489], [-74.23435194205784, 5.065224717519431], [-74.23438755825312, 5.0652677359411875], [-74.23440740813828, 5.0652908133710115], [-74.23442797913461, 5.065313494020198], [-74.23443675423019, 5.065322030491213], [-74.2345056415366, 5.065322013072332], [-74.23452333548127, 5.065322590063832], [-74.23454095492582, 5.065324325359575], [-74.2345584231607, 5.065327212772162], [-74.23457125973988, 5.06533009725883], [-74.23459333756745, 5.065335626076978], [-74.23459774309666, 5.06533676859512], [-74.23461468595777, 5.065341918139873], [-74.23462965265632, 5.06534750938503], [-74.23463086057822, 5.065347829194154], [-74.2346478034397, 5.065352978737901], [-74.23466437392273, 5.065359228341273], [-74.23468050159455, 5.065366550994252], [-74.23469611691613, 5.065374915161016], [-74.23471092176146, 5.065384132304275], [-74.23472350353788, 5.065392539356251], [-74.23473293858113, 5.0653969766580715], [-74.2347485530033, 5.065405341729767], [-74.23476359003931, 5.065414712246822], [-74.23476652458731, 5.065416707191469], [-74.23477475614749, 5.065419359780667], [-74.23479132663108, 5.065425608475252], [-74.23479526215195, 5.065427281205194], [-74.23480511341394, 5.06543042111235], [-74.23482168389793, 5.065436669806013], [-74.23483430279985, 5.065442291765645], [-74.23484100315285, 5.065444967181986], [-74.23485713082795, 5.065452289829538], [-74.23487274615309, 5.0654606539909555], [-74.23488754648369, 5.065469867518416], [-74.23493722671384, 5.065503061725688], [-74.23493746251948, 5.065503218713327], [-74.2349518544253, 5.065513555893017], [-74.23496554336242, 5.065524814610203], [-74.2349784678818, 5.065536947027078], [-74.23499057284197, 5.065549900769679], [-74.23500013329425, 5.065561458716133], [-74.23500989490472, 5.065572033650005], [-74.2350211296733, 5.065585754525644], [-74.23503144540884, 5.065600182005572], [-74.23503159833979, 5.0656004124413085], [-74.23504951647664, 5.065627348039565], [-74.23506157510505, 5.065643462384932], [-74.23507009250264, 5.065655513634906], [-74.23507198021517, 5.06565838734102], [-74.23507357855036, 5.065660452695519], [-74.23508389428845, 5.0656748801740035], [-74.23509324666276, 5.065689952814181], [-74.23509872470952, 5.065699939650261], [-74.23510815659843, 5.065714119086533], [-74.23511479357258, 5.065721431793356], [-74.23512435402986, 5.06573298973676], [-74.23513411564514, 5.065743564667595], [-74.23513911217167, 5.065749443660557], [-74.23514496694622, 5.065754442440359], [-74.23515789147368, 5.065766574851617], [-74.23516465513909, 5.0657736041089265], [-74.23517169448671, 5.065780406636254], [-74.235178481661, 5.06578746118327], [-74.23518549389277, 5.065794239332143], [-74.23519225665646, 5.0658012685907385], [-74.23519929600639, 5.065808072022424], [-74.23521140187864, 5.065821025756753], [-74.23522263665622, 5.065834746626681], [-74.23522926247018, 5.065843783928988], [-74.23523624301791, 5.065851457903644], [-74.23524747779658, 5.065865178772873], [-74.2352577935422, 5.065879606246775], [-74.2352579500929, 5.065879842104386], [-74.23528003446575, 5.06591304281458], [-74.23528923029795, 5.065927879592253], [-74.2352947916734, 5.065938029132839], [-74.23529644216251, 5.065940473504016], [-74.23530579454803, 5.065955547043672], [-74.23531414374366, 5.065971200674857], [-74.23532145443671, 5.065987370223212], [-74.23532412726344, 5.06599409060387], [-74.23532973759804, 5.0660067382424625], [-74.23533597716776, 5.066023351385002], [-74.23534112111679, 5.066040337593265], [-74.23534514585057, 5.066057626336845], [-74.23534803317648, 5.066075140741287], [-74.23534977302967, 5.066092807535904], [-74.2353502900234, 5.066104665043815], [-74.23535080050922, 5.0661083439484615], [-74.23535254036278, 5.066126010743013], [-74.2353531235759, 5.066143753940896], [-74.23535313753905, 5.066199096875534], [-74.23535256306354, 5.066216839569563], [-74.23535083075804, 5.0662345075652935], [-74.23534795130428, 5.066252023933148], [-74.23534393628977, 5.066269313551416], [-74.23533880091477, 5.066286303101133], [-74.23533256850051, 5.0663029192477795], [-74.23532526598264, 5.066319091364434], [-74.23531731512578, 5.066334067649882], [-74.2353114750028, 5.066346766106703], [-74.23530313382977, 5.066362424462556], [-74.23529394472123, 5.066377266485453], [-74.23524980889309, 5.066443688122138], [-74.23524965143446, 5.066443924579319], [-74.23523934265758, 5.066458357049471], [-74.23523506693117, 5.0664638013377035], [-74.23523141322306, 5.066470360978987], [-74.23522222501235, 5.066485202095061], [-74.23521935298623, 5.066489525352575], [-74.23521492787489, 5.066498982777206], [-74.23520722792453, 5.066513517033918], [-74.23520639980583, 5.066516008663965], [-74.23520016828944, 5.066532624808879], [-74.2351928657667, 5.06654879692536], [-74.23518452368671, 5.066564455282626], [-74.23518285349265, 5.066567315875123], [-74.23517810363057, 5.066579671135079], [-74.2351764355017, 5.066583619310361], [-74.23517431176496, 5.066590454713089], [-74.2351740628357, 5.066591464961115], [-74.235168549228, 5.066613601816722], [-74.2351674116495, 5.066618014958328], [-74.23516693852861, 5.066619757629167], [-74.23516603914334, 5.066627485555444], [-74.23516559492036, 5.066630190893465], [-74.23516559942452, 5.066648243739046], [-74.23516592096803, 5.066649834693372], [-74.23516668200325, 5.066653831614472], [-74.2351678007143, 5.066657064189401], [-74.23517294467001, 5.0666740513033375], [-74.23517408638376, 5.066678468236156], [-74.23517434915783, 5.066679521843016], [-74.23517536889882, 5.0666819547510755], [-74.23517804082132, 5.066688672419145], [-74.2351821873125, 5.066697851080814], [-74.23519014541709, 5.066712822323676], [-74.23519599317565, 5.066725524702596], [-74.2352039485603, 5.0667404887117895], [-74.23521125926247, 5.0667566573547616], [-74.23521749884131, 5.066773270497068], [-74.23522264279988, 5.066790257610007], [-74.23522296090815, 5.066791464929579], [-74.23522497105242, 5.066796561528981], [-74.23523059045536, 5.0668092281507064], [-74.23523615406299, 5.066823873707595], [-74.23523977767724, 5.0668299751889085], [-74.23524812688784, 5.06684562881816], [-74.23525397374175, 5.06685832848323], [-74.23526193094317, 5.066873297011546], [-74.23526924164892, 5.066889465653082], [-74.23527255746144, 5.066897885855853], [-74.23527849745768, 5.066909266123449], [-74.23528304381351, 5.0669189878134615], [-74.23528947318096, 5.066929579957954], [-74.23529782239616, 5.066945234490722], [-74.23530225637606, 5.066954699427829], [-74.2353051240487, 5.066959010819931], [-74.23531306246963, 5.066971691107727], [-74.23532153104163, 5.066983675485573], [-74.23533088344854, 5.066998749020585], [-74.23533923266419, 5.067014402647515], [-74.23534366664533, 5.067023867584054], [-74.23535757698612, 5.067044780227637], [-74.23536677193978, 5.06705961700108], [-74.23537512115733, 5.067075270627117], [-74.23537955151652, 5.067084728331564], [-74.2353876495943, 5.0670969025216195], [-74.23538818138802, 5.067097071611003], [-74.23538895329698, 5.067097290911378], [-74.23543190528113, 5.067110201101875], [-74.23544112729188, 5.067113153992771], [-74.23545769782656, 5.067119403562658], [-74.23546753962106, 5.0671237197290555], [-74.23550476548169, 5.067140937813385], [-74.2355110523125, 5.067143943359949], [-74.23552666768984, 5.0671523083979775], [-74.23554170387685, 5.067161678885572], [-74.23555609673444, 5.067172016038239], [-74.23556978481848, 5.067183274732722], [-74.23558270938666, 5.067195407126087], [-74.23559481439676, 5.06720836175105], [-74.23560604921188, 5.067222082605908], [-74.23561636499122, 5.067236509161483], [-74.23562571740896, 5.067251582689555], [-74.23563406663553, 5.067267236310031], [-74.23564137735806, 5.067283405848629], [-74.23564761785752, 5.067300018980876], [-74.23565276092997, 5.067317005183273], [-74.2356567847854, 5.067334293921998], [-74.23565906563185, 5.067347462752788], [-74.23566480139775, 5.067386222173318], [-74.23566540880172, 5.067390567739717], [-74.23566714777321, 5.067408234531535], [-74.23566773190683, 5.067425977724362], [-74.23566715654472, 5.067443720417903], [-74.23566542605745, 5.067461388409102], [-74.2356625466151, 5.067478904776949], [-74.23565853070745, 5.067496194398065], [-74.2356546872557, 5.067509268160951], [-74.23564414806498, 5.06754205432798], [-74.23563397212563, 5.067587459243056], [-74.23563135488038, 5.067598126572348], [-74.235626220412, 5.067615115217863], [-74.23562312204285, 5.067623787446485], [-74.23560769694159, 5.067664759752988], [-74.23562342831619, 5.067693800470163], [-74.23563123817169, 5.0677019686879134], [-74.23563931818296, 5.067710800522908], [-74.23564285684661, 5.067714927857664], [-74.23566576922143, 5.067742198609319], [-74.23566821564013, 5.067745152677215], [-74.23569399297956, 5.067776729392486], [-74.23569924181984, 5.067783367032668], [-74.23570304217891, 5.0677884538745985], [-74.2357302525052, 5.067825771609124], [-74.23573676704103, 5.0678351131292105], [-74.23574612037547, 5.067850186650755], [-74.23575123168698, 5.067859475658121], [-74.23575659560305, 5.067869688902676], [-74.23577277892187, 5.067875865908886], [-74.23577999942651, 5.067878741183085], [-74.23578781915816, 5.0678821328658055], [-74.23583220420578, 5.067902219975678], [-74.23584051222326, 5.067906151803323], [-74.23585612852595, 5.067914516825966], [-74.23587116473614, 5.067923887300196], [-74.23587756163926, 5.067928305949991], [-74.23593197276865, 5.067967052871337], [-74.2359399696496, 5.067972971358604], [-74.23595365775857, 5.067984230038924], [-74.23596658144929, 5.067996362420421], [-74.23597868738469, 5.068009316125835], [-74.23598654289901, 5.068018714796919], [-74.23600945622208, 5.068047420563122], [-74.23601283464357, 5.068051741831264], [-74.23602315045143, 5.068066170184166], [-74.23603250289379, 5.068081243700752], [-74.23604085214438, 5.068096897310584], [-74.23604816289024, 5.068113066839441], [-74.2360544043146, 5.068129679961116], [-74.23605902309501, 5.068144736284895], [-74.23607048604082, 5.068186364769413], [-74.23607100854998, 5.068188294643603], [-74.23607503332754, 5.068205582468699], [-74.23607792159996, 5.068223097764696], [-74.23607882599467, 5.068230828575725], [-74.2360794465627, 5.068236875165764], [-74.23608719217006, 5.068245415376212], [-74.23609041224313, 5.06824902938173], [-74.23610164799055, 5.068262749314058], [-74.2361119629022, 5.068277177665874], [-74.23611557558584, 5.068282740794689], [-74.23614278695106, 5.068325801352287], [-74.23614852761725, 5.068335310830472], [-74.23615687687673, 5.068350965342014], [-74.23616418762784, 5.068367133963206], [-74.23617042725425, 5.068383747085778], [-74.23617139285699, 5.068386651502102], [-74.23619574884331, 5.068461295517753], [-74.23619992544016, 5.068475377294982], [-74.23620289752851, 5.068487615554488], [-74.23621293036565, 5.068533550965835], [-74.236213983966, 5.068538601432223], [-74.23621687134164, 5.0685561158230605], [-74.23621793027404, 5.068565394474378], [-74.23622092990615, 5.068596390376961], [-74.23622963708989, 5.068602865770232], [-74.23622976359657, 5.068602960533842], [-74.23629658565036, 5.0686527106438195], [-74.2362999525828, 5.068655257591206], [-74.2363031859293, 5.068657783078425], [-74.23634900691083, 5.06869413956178], [-74.23635946260009, 5.068702873644043], [-74.23637238721629, 5.068715006010076], [-74.23637530830688, 5.068717979976663], [-74.23643640620256, 5.06878112954084], [-74.23644559017171, 5.068791110171734], [-74.2364568250367, 5.068804831000072], [-74.23646714086526, 5.0688192575306115], [-74.23647161338198, 5.068826193423779], [-74.2364907099272, 5.0688568147109585], [-74.23649558897485, 5.0688649523239215], [-74.2365039382515, 5.068880606827023], [-74.23651124811713, 5.068896775442189], [-74.2365174895629, 5.068913387649472], [-74.23652263177881, 5.0689303747419805], [-74.2365266565788, 5.068947663464625], [-74.23652954486936, 5.06896517784962], [-74.23653128478071, 5.068982844629779], [-74.23653164981936, 5.068989747660518], [-74.23653356985652, 5.069037598682457], [-74.23653378898697, 5.069048438836764], [-74.23653321365974, 5.069066182429607], [-74.23653148320128, 5.069083849512734], [-74.23652860378664, 5.069101365879649], [-74.23652458700148, 5.0691186555038446], [-74.23651945165523, 5.069135645059424], [-74.23651322016663, 5.069152261213616], [-74.23650591766831, 5.06916843424767], [-74.23650525699101, 5.069169768301797], [-74.23645946692066, 5.069261657368809], [-74.23645178643433, 5.069275980781535], [-74.23644244077305, 5.069291058374093], [-74.23643213199922, 5.0693054917713996], [-74.23642090420475, 5.069319216647313], [-74.23640880510642, 5.069332176812097], [-74.23639588693088, 5.069344315162561], [-74.23638220462384, 5.0693555809240145], [-74.23636781584155, 5.069365925126206], [-74.23635278366275, 5.069375303312574], [-74.23633717297949, 5.069383675547187], [-74.23632104869245, 5.069391006418142], [-74.23630448112145, 5.06939726321763], [-74.23628754060185, 5.069402421381107], [-74.23627029927533, 5.069406457245462], [-74.23625283290502, 5.069409353474286], [-74.23623521455562, 5.069411097260473], [-74.2362175200109, 5.069411682125353], [-74.23619982596554, 5.069411106112662], [-74.23618220641414, 5.0694093708904875], [-74.23616473896925, 5.069406482644157], [-74.23614749584483, 5.06940245571259], [-74.23613055286769, 5.069397306237447], [-74.23611398226907, 5.069391057605822], [-74.23609785447722, 5.069383734113041], [-74.23608223903702, 5.06937537000908], [-74.23606720278461, 5.0693659986443125], [-74.23605280896227, 5.0693556615192765], [-74.23603912081744, 5.069344402848987], [-74.2360261970928, 5.069332270476334], [-74.23601409112563, 5.069319316778582], [-74.23600285716066, 5.069305596845733], [-74.23599254132681, 5.069291168497745], [-74.2359831879604, 5.069276095891695], [-74.23597483868724, 5.0692604413802105], [-74.23596752882719, 5.069244272756892], [-74.23596128828957, 5.06922765963527], [-74.23595614518067, 5.069210672537162], [-74.23595212039336, 5.069193384712598], [-74.23594923211525, 5.069175870321587], [-74.23594749311988, 5.0691582035344975], [-74.23594690986798, 5.069140460343372], [-74.23594748430857, 5.069122716748903], [-74.23594921478143, 5.069105048758644], [-74.23595209511636, 5.0690875332935725], [-74.23595507820633, 5.0690742313505845], [-74.2359072726273, 5.069038639582816], [-74.23584815032437, 5.068994676385978], [-74.23584465598202, 5.068992034674324], [-74.23583845573445, 5.068987119812914], [-74.23578690665569, 5.0689450223368855], [-74.23577941967172, 5.068938677613356], [-74.23576649505824, 5.068926545233914], [-74.2357543900069, 5.068913591526303], [-74.23574315515137, 5.068899870682633], [-74.23573283933264, 5.06888544323215], [-74.23572348778411, 5.068870370615808], [-74.23571513761993, 5.068854715194892], [-74.23570782687204, 5.068838547472279], [-74.23570158724918, 5.068821934343662], [-74.23569644415237, 5.068804947240819], [-74.23569241937672, 5.068787659412125], [-74.23568953110977, 5.068770145017589], [-74.23568779212505, 5.068752478227594], [-74.23568721885762, 5.068737134581964], [-74.23568683641633, 5.068694956501884], [-74.23568092552009, 5.068633857562293], [-74.23567725174483, 5.068617039565614], [-74.23566848868771, 5.068590183334095], [-74.235658267308, 5.068578914406058], [-74.23565504723472, 5.068575300398236], [-74.23564871483813, 5.068567793493893], [-74.2356172093513, 5.068529039887129], [-74.23561230780456, 5.068522825941879], [-74.23560199199623, 5.068508398486974], [-74.2355926395555, 5.068493325868223], [-74.23558429030345, 5.0684776704417605], [-74.2355769804673, 5.0684615027139275], [-74.2355707390488, 5.06844488958559], [-74.23556559686286, 5.068427902478241], [-74.23556551234965, 5.068427588669243], [-74.23555404940616, 5.0683845251341015], [-74.23555097978044, 5.068371760453058], [-74.23552014187418, 5.068359989832954], [-74.23551292136241, 5.06835711365211], [-74.2354967936039, 5.068349791040985], [-74.23548408685603, 5.0683430853103735], [-74.2354253824968, 5.0683100821715685], [-74.23542247383527, 5.068308422870332], [-74.23540743761878, 5.068299052386349], [-74.23539304473344, 5.068288715236245], [-74.23537935572128, 5.06827745654506], [-74.2353664320318, 5.068265324150633], [-74.23535432609982, 5.068252370432037], [-74.23534309216818, 5.06823864957456], [-74.23533277637083, 5.068224222112671], [-74.23532342393938, 5.0682091485825636], [-74.23531785891414, 5.068198992720989], [-74.23530095249335, 5.068166519566378], [-74.23528173369309, 5.068129926684809], [-74.23527060692578, 5.068114666531509], [-74.23525075364192, 5.0680903459502264], [-74.23523465302854, 5.0680711828796845], [-74.23520773623834, 5.06804303213711], [-74.2351996562264, 5.068034200296386], [-74.23518842230398, 5.068020480339221], [-74.23517810651238, 5.068006051968275], [-74.23516875318772, 5.0679909793407205], [-74.2351652818453, 5.06798476537284], [-74.2351108554641, 5.067884289262954], [-74.23510597847857, 5.0678748486968574], [-74.2350986677594, 5.067858680055673], [-74.23509242726382, 5.067842066916291], [-74.23508728419573, 5.067825079802333], [-74.2350846133815, 5.067814198177675], [-74.23506598182547, 5.0677309392713585], [-74.23506462969694, 5.06772453305399], [-74.2350617414579, 5.0677070186508], [-74.23506000069504, 5.067689351857134], [-74.23505941747823, 5.067671608658195], [-74.23505999285403, 5.067653865056386], [-74.23506172426143, 5.067636197965866], [-74.23506232959281, 5.067631851891788], [-74.2350680462366, 5.067593089589651], [-74.23507032036403, 5.067579919294524], [-74.23507185123547, 5.067573065117526], [-74.23506104565635, 5.067567276844141], [-74.23504600946276, 5.067557906346099], [-74.23503161660048, 5.067547569182286], [-74.23501792761145, 5.067536310477873], [-74.23500500394506, 5.0675241780706815], [-74.23499289803604, 5.067511224339899], [-74.23498166322477, 5.067497503472566], [-74.23497813337472, 5.067492787986723], [-74.23495712854202, 5.067464081238101], [-74.23495034352179, 5.0674543701538255], [-74.23494099021093, 5.067439296614685], [-74.23493264099568, 5.067423642981802], [-74.23492533119045, 5.067407474334423], [-74.23491909070604, 5.067390861191001], [-74.23491394764858, 5.0673738740734535], [-74.23490997757433, 5.067356862095882], [-74.23490990013602, 5.067356472268763], [-74.23490100380903, 5.0673420855148175], [-74.23489265459641, 5.067326431880832], [-74.23488822423927, 5.067316973266979], [-74.23487431118761, 5.067296056092325], [-74.23486893899279, 5.0672876506706155], [-74.2348634259814, 5.067279692495971], [-74.23486326852804, 5.067279456640029], [-74.23485774764879, 5.067271156460506], [-74.23484855179677, 5.0672563187747075], [-74.23484020258685, 5.067240665139429], [-74.23483576860997, 5.067231200198069], [-74.23483290093658, 5.067226887898642], [-74.23482752874303, 5.067218482476318], [-74.23482201573111, 5.067210523396211], [-74.23482185827778, 5.067210287540268], [-74.23481633739978, 5.067201987360085], [-74.23480714155166, 5.0671871505780235], [-74.23479879234218, 5.067171496036889], [-74.23479148254428, 5.067155327386368], [-74.23478672365488, 5.067142971277853], [-74.23478505433337, 5.067140114346325], [-74.23477670512696, 5.067124460709432], [-74.23476939442631, 5.067108291155286], [-74.23476757396604, 5.067103771463359], [-74.23476680028435, 5.067102618397132], [-74.23476664373341, 5.067102382539424], [-74.23476112195492, 5.06709408236007], [-74.23475192701231, 5.067079245574771], [-74.23474357780601, 5.067063591032209], [-74.23473626710887, 5.067047422382102], [-74.23473002663454, 5.067030809234668], [-74.23472488358678, 5.067013822113514], [-74.2347234936311, 5.0670084004044105], [-74.23471935974807, 5.066994454247622], [-74.23471797069999, 5.066989035251187], [-74.23471795345786, 5.066988983709666], [-74.23471693371593, 5.066986549895814], [-74.2347126791809, 5.066975592571211], [-74.23470498644325, 5.066963038478275], [-74.23469663724183, 5.066947384839222], [-74.23468932654602, 5.066931215283112], [-74.23468308697693, 5.066914602132879], [-74.2346799488747, 5.066904726644461], [-74.23467828109406, 5.066900779408056], [-74.23467560827594, 5.066894063548257], [-74.23466999793226, 5.0668814113790415], [-74.23466375746209, 5.066864798230066], [-74.23465861442003, 5.066847812012383], [-74.23465747270726, 5.066843394173066], [-74.23465720993556, 5.066842341470623], [-74.2346561901942, 5.066839907656554], [-74.234649949725, 5.06682329450724], [-74.23464480668385, 5.066806308289257], [-74.23464366497132, 5.066801890449872], [-74.23463814039603, 5.066779754756183], [-74.23463525738319, 5.066766883844521], [-74.2346323700681, 5.066749369433319], [-74.23463148959661, 5.06674187020209], [-74.23462973074795, 5.066733679559461], [-74.23462684343338, 5.066716165148147], [-74.23462510269125, 5.066698498349248], [-74.23462451949368, 5.066680755146272], [-74.23462450055982, 5.0666032750166154], [-74.23462507595373, 5.06658553141197], [-74.23462680647512, 5.066567864321578], [-74.23462818566986, 5.066558585531625], [-74.23462956077586, 5.066545726398716], [-74.23463094086262, 5.066536442178174], [-74.23463231597891, 5.0665235884741495], [-74.23463519545217, 5.06650607210462], [-74.2346392104865, 5.06648878248591], [-74.23464434588145, 5.066471792937011], [-74.2346445154783, 5.066471295870186], [-74.23464622180178, 5.0664617974908515], [-74.23465023863878, 5.066444506963935], [-74.23465537313099, 5.0664275174168045], [-74.23466160556457, 5.066410901272211], [-74.2346632718955, 5.066406954910642], [-74.23466640407705, 5.066397074692801], [-74.23467263651021, 5.066380458548227], [-74.23467430373992, 5.066376510375304], [-74.23467743502923, 5.066366635588073], [-74.23468366746198, 5.066350019443517], [-74.23469096999601, 5.06633384642533], [-74.23469931118721, 5.066318188978672], [-74.23470097508594, 5.066315338352017], [-74.23470573035057, 5.0663029722256585], [-74.23471134495482, 5.066290300441563], [-74.23471400583996, 5.0662836006411505], [-74.23472130837281, 5.066267427622971], [-74.23472965046504, 5.066251770174538], [-74.23473476673468, 5.066243246106031], [-74.23474068346862, 5.06623239694632], [-74.23474987259215, 5.06621755583344], [-74.23475273382412, 5.066213248884778], [-74.2347571652274, 5.066203775163417], [-74.23476550731651, 5.066188116810092], [-74.23477469553495, 5.0661732747940444], [-74.23478300751059, 5.066160767061918], [-74.23477174399358, 5.066151395681304], [-74.2347588203644, 5.066139263260859], [-74.23474671449162, 5.066126309517427], [-74.23473670990823, 5.066114182382884], [-74.23473121719896, 5.066108830935646], [-74.23471911222964, 5.0660958771896905], [-74.23470955087058, 5.066084320146499], [-74.23470512242054, 5.066079661565281], [-74.2346980939142, 5.06607286625035], [-74.23468598894624, 5.066059912503434], [-74.2346747541744, 5.06604619252727], [-74.2346644384342, 5.066031764136833], [-74.23465508606148, 5.066016691489381], [-74.23464673687707, 5.066001036941183], [-74.23464230291549, 5.065991571995389], [-74.23463943525066, 5.065987259693278], [-74.23463770318837, 5.065984622750055], [-74.23463610485153, 5.065982556489561], [-74.2346257891151, 5.065968129002836], [-74.23461643764675, 5.0659530563526305], [-74.2346153711594, 5.0659511890411], [-74.2346122221651, 5.0659469804244965], [-74.23460534620902, 5.065937360890886], [-74.23459266280986, 5.065932467427455], [-74.23458872638696, 5.065930796508268], [-74.23457887601764, 5.065927655692911], [-74.23456230551909, 5.065921406090795], [-74.23455836819399, 5.06591973517311], [-74.23454851782488, 5.065916594357211], [-74.23453194732674, 5.065910344754176], [-74.23451581964072, 5.065903022100516], [-74.23450020430607, 5.065894657932065], [-74.23448540396767, 5.065885444396864], [-74.23446884328189, 5.065874379350282], [-74.23446860837848, 5.065874222360757], [-74.23446066822628, 5.065868696426681]]]], "type": "MultiPolygon"}}]}