{"type": "FeatureCollection", "features": [{"type": "Feature", "properties": {"SHAPE_Length": 13298.505366632933, "SHAPE_Area": 55455.40719189452, "Area_m2": 55455.40719189452, "Perimetro": 13298.505366632933}, "geometry": {"coordinates": [[[[-74.23939250501137, 5.060735909176409], [-74.23939048575009, 5.0607326593331985], [-74.2393927411153, 5.060735749477484], [-74.23939250501137, 5.060735909176409]]], [[[-74.23939250501137, 5.060735909176409], [-74.23943864479116, 5.060810152166547], [-74.23919669141475, 5.06095866611845], [-74.23918335805784, 5.060966849426289], [-74.23916131997376, 5.060983546489607], [-74.23911708702087, 5.061017057635658], [-74.23908325095375, 5.061042692394775], [-74.23906210981947, 5.061058940762046], [-74.23896530153284, 5.061133341468686], [-74.23887214250266, 5.0612031541156695], [-74.23888478713037, 5.061217120146095], [-74.23879052944537, 5.061299471074683], [-74.23872563017817, 5.061355533490706], [-74.23870852231043, 5.061370311957403], [-74.23870513249253, 5.0613732645136045], [-74.23867947602287, 5.061395627190139], [-74.23866194681996, 5.061410906823766], [-74.23859687019005, 5.06146671441404], [-74.2385424217999, 5.0615134073937105], [-74.23850486034681, 5.061546342054525], [-74.23847790783638, 5.061569973943759], [-74.23840984372909, 5.0616296516942505], [-74.23840928522273, 5.061630142266406], [-74.23833583751627, 5.061676360352586], [-74.23830365321908, 5.06169661190724], [-74.2382794826654, 5.061711763084557], [-74.23823671126705, 5.061738575778922], [-74.23819372004311, 5.0617655698543444], [-74.2381495220472, 5.0617933217545215], [-74.23812330751288, 5.061809784291574], [-74.23811011777333, 5.061818063220228], [-74.23805997063779, 5.061849547084411], [-74.2380364068822, 5.0618649350610205], [-74.23803070316887, 5.061868660225889], [-74.23802501567485, 5.061872373597157], [-74.23799444865467, 5.061892327984342], [-74.23799324427834, 5.061892920225475], [-74.23797314220455, 5.061902812078634], [-74.23795701057153, 5.06191139793275], [-74.23793224163153, 5.061924583180548], [-74.23791363748843, 5.06193404147719], [-74.23791284240691, 5.061934444734464], [-74.23788043523878, 5.0619509163896454], [-74.23787153972009, 5.06195543846273], [-74.2378650925825, 5.061958737071087], [-74.23785124279678, 5.061965834666637], [-74.23784697175326, 5.0619680225276875], [-74.23781092931453, 5.061986492624606], [-74.23779365133304, 5.061995345777549], [-74.23776176760781, 5.062011871621175], [-74.23774922684812, 5.062018367726076], [-74.23771722052008, 5.0620349544249255], [-74.2377144111804, 5.0620399597948555], [-74.2377355829391, 5.062085346389529], [-74.23773577230135, 5.0620857550032525], [-74.23773582122958, 5.0620858616777005], [-74.23774278666407, 5.062100788642775], [-74.23775850459292, 5.062128986061802], [-74.23778936405589, 5.062178833864345], [-74.23780844994839, 5.062209662373584], [-74.23782918454584, 5.06224437118913], [-74.23783459584978, 5.062253427074427], [-74.23784550182667, 5.062269352656005], [-74.23785258758589, 5.062279697413256], [-74.23786143416064, 5.062292616617371], [-74.23786341845445, 5.062295509131422], [-74.23787662238648, 5.062314143854111], [-74.23789284185051, 5.062337032672371], [-74.23789391525841, 5.062338743431883], [-74.23790477597736, 5.06235601636549], [-74.2379133948655, 5.062369725001024], [-74.23792069687872, 5.062381332463062], [-74.2379242825141, 5.062386923687851], [-74.23793178501994, 5.062398623962083], [-74.23795118203716, 5.062428877312269], [-74.2379561894449, 5.062436688944727], [-74.237968418803, 5.062455760742912], [-74.23797050122464, 5.062459008660427], [-74.23797535476706, 5.062466572667953], [-74.23797539277805, 5.0624666323129555], [-74.23797136765808, 5.062469554413762], [-74.23796409684576, 5.062474829806893], [-74.23797804608188, 5.062497248840027], [-74.2379913318814, 5.062518597842183], [-74.23800086022477, 5.062534631011724], [-74.23800127389953, 5.062535321498112], [-74.2380438391134, 5.062606925752562], [-74.23805234817279, 5.062621239010003], [-74.23805639361368, 5.062628052661827], [-74.23808217660897, 5.062624263760985], [-74.23810122460506, 5.062610955530534], [-74.23814109399382, 5.062583091558541], [-74.23816918801975, 5.062562795344169], [-74.23823079339097, 5.062518290996749], [-74.23824634638524, 5.0625043515545896], [-74.23834175776094, 5.062418836119767], [-74.23837770534988, 5.062386555102711], [-74.23841271049633, 5.06236117146922], [-74.23846182474908, 5.062325559075969], [-74.23847770265441, 5.0623140357651994], [-74.23849721461592, 5.062299878829615], [-74.23852682402163, 5.062278372685547], [-74.23855991609668, 5.062254340878178], [-74.23857819780707, 5.0622409318605674], [-74.23860804468592, 5.062219039809323], [-74.23862584136968, 5.06220632842489], [-74.2386270794743, 5.062205442053775], [-74.23865831062614, 5.062183135662756], [-74.238672434427, 5.0621730444046955], [-74.23867274800538, 5.062172818506299], [-74.23868120930742, 5.062166771738553], [-74.23868244832109, 5.0621658889848735], [-74.23870733752437, 5.062148102504773], [-74.23874998188558, 5.062118546627295], [-74.23875123716488, 5.062117676509808], [-74.23881521946247, 5.062073328635207], [-74.23887358699044, 5.062030608400781], [-74.23887514403481, 5.062029468976233], [-74.23891097406391, 5.062003243175187], [-74.23891220042033, 5.062002347778057], [-74.23902293794039, 5.061921297161696], [-74.23913714170791, 5.061843332550405], [-74.23913840060912, 5.061842469663974], [-74.23918128817435, 5.061813188365184], [-74.23932143702736, 5.061716143145209], [-74.23933868382514, 5.061704200081611], [-74.23950703311652, 5.061589744735581], [-74.23964169632627, 5.061497740729332], [-74.23964790877774, 5.061493459929008], [-74.2396480061006, 5.061493392786552], [-74.23978884590679, 5.061396309078077], [-74.23981527718988, 5.061378089830959], [-74.23994812656706, 5.0612879432157705], [-74.23997482975874, 5.061320592018026], [-74.23994847794057, 5.061336943584286], [-74.23982349054529, 5.061421913191773], [-74.23978254478928, 5.061449748530697], [-74.23967562310571, 5.061522599754602], [-74.23961982736215, 5.061560612802099], [-74.23943080345096, 5.06168988696006], [-74.2393475643007, 5.061745824387243], [-74.23922491430902, 5.061828245108152], [-74.23916352182613, 5.061868849367071], [-74.23915905554115, 5.061871803081061], [-74.23908184450609, 5.061922870102247], [-74.23899176896279, 5.06198858803803], [-74.23893643649104, 5.062027795417146], [-74.23893519927238, 5.062028672738845], [-74.23885858624652, 5.062082958827615], [-74.23877526711489, 5.062142918252294], [-74.23877403712808, 5.0621438027984595], [-74.23873370531277, 5.0621728285567], [-74.23870829193868, 5.062193027367844], [-74.23869622628526, 5.06220261794657], [-74.23869569023346, 5.062203054187289], [-74.23868172592887, 5.062214455310257], [-74.23867804565872, 5.062217459997376], [-74.2386558135873, 5.062235613271907], [-74.23864759086635, 5.062242328240099], [-74.23859896982839, 5.0622820122642835], [-74.23857173131397, 5.062304248583836], [-74.23855141828109, 5.062320876289085], [-74.23849860275702, 5.0623641034380205], [-74.23844371871543, 5.062409024732351], [-74.23844186011692, 5.062410545659487], [-74.23841754338463, 5.062430448301453], [-74.23832496339153, 5.062504042843298], [-74.238280369452, 5.062539495481342], [-74.2382401258019, 5.062570781274892], [-74.23823768600644, 5.0625727240514715], [-74.23823601835626, 5.062574064555176], [-74.23823288388594, 5.062576541595456], [-74.2381962093697, 5.062605692439894], [-74.23813127711983, 5.06265731136294], [-74.2381276795618, 5.062660160262043], [-74.23807749150464, 5.062700045412907], [-74.23807427681734, 5.062695928326174], [-74.23805958002514, 5.062677082025146], [-74.23803397606609, 5.0626924567188185], [-74.23800215408761, 5.062711570229033], [-74.23800090399278, 5.062712320900308], [-74.23798205529667, 5.06272367435089], [-74.23794374324086, 5.062746761543063], [-74.23793297978129, 5.062755015022704], [-74.23789579965171, 5.062783540691625], [-74.23788071908416, 5.062794435432894], [-74.2378439665251, 5.062820996837127], [-74.23782875096332, 5.062830180833449], [-74.23780737238225, 5.062843082729632], [-74.23779036685683, 5.062853345971062], [-74.23778685453371, 5.0628554663310466], [-74.23777519365422, 5.062862504550721], [-74.23775610907943, 5.062874141654303], [-74.23773056233524, 5.0628897189083295], [-74.23772159281359, 5.062895190273445], [-74.23770504368377, 5.062905360349693], [-74.23768807996939, 5.062915785470892], [-74.23767048807166, 5.062926598148144], [-74.23763659578215, 5.062947422986971], [-74.23761822517902, 5.062958711274266], [-74.2376292473243, 5.062971661608597], [-74.23763087242423, 5.062973567658223], [-74.23763680041134, 5.062980538770808], [-74.23766353827827, 5.063011968828059], [-74.2376883435532, 5.063041122448539], [-74.23771533719044, 5.063017246193156], [-74.23772931564329, 5.063033671690114], [-74.23770089495618, 5.063055874055185], [-74.23770918442757, 5.063065270980664], [-74.2377232494897, 5.063081214046338], [-74.23773971358466, 5.063099874203419], [-74.23774545119213, 5.063106375175414], [-74.23775150581388, 5.063113982128072], [-74.23775596039877, 5.063119577120428], [-74.23775901274175, 5.063117089380698], [-74.23778379427654, 5.0631513109010635], [-74.23781504531024, 5.063194459605821], [-74.23780520085108, 5.063201522403209], [-74.23782112986183, 5.063222548762399], [-74.23792316546105, 5.06335722965157], [-74.23798504521227, 5.063438910057871], [-74.23802472891138, 5.0634912898100914], [-74.2379695728408, 5.063529880634728], [-74.2379021605543, 5.063577045382944], [-74.23787549812178, 5.063529790013375], [-74.23786373221462, 5.063509127574776], [-74.23784656498641, 5.063478972209522], [-74.23780920191587, 5.063424609177942], [-74.23777691732117, 5.0633788855434405], [-74.23774119644357, 5.063321649296403], [-74.2377184514794, 5.0632855463934945], [-74.23771825146254, 5.06328522918641], [-74.2376974152529, 5.063252150138389], [-74.23769523940219, 5.063249120459052], [-74.23767771136289, 5.063224713150797], [-74.23766911245316, 5.063213450186721], [-74.23763063079957, 5.06316302340499], [-74.23757485412081, 5.063097786218223], [-74.23752631029225, 5.063041466611471], [-74.2375194239068, 5.063033477605022], [-74.23750772191833, 5.063038830232227], [-74.23747493739921, 5.063053816899904], [-74.23746864193804, 5.063056692669454], [-74.23744027579387, 5.063069146459596], [-74.23739516480524, 5.063090399900841], [-74.23737674575561, 5.063094245279081], [-74.23736754029198, 5.063096168412667], [-74.23734078570224, 5.06310150637897], [-74.23732577882161, 5.0631065549695595], [-74.23731456826151, 5.063109832821815], [-74.2373085738441, 5.063111585140958], [-74.23729138073635, 5.063117163606334], [-74.23727861610705, 5.063121250617385], [-74.23726711033287, 5.0631272959533264], [-74.23726408064049, 5.063128884263142], [-74.23720008514788, 5.063164986492169], [-74.23716329288804, 5.063186355219424], [-74.2371267493926, 5.063207579604381], [-74.23712112149276, 5.063210848594218], [-74.23709702066738, 5.063224751875711], [-74.23709576961978, 5.063225477212749], [-74.23707540572018, 5.063237218085733], [-74.237015114021, 5.063272252781476], [-74.23698216864476, 5.063291399165844], [-74.23694876023919, 5.063311899130367], [-74.2369107832727, 5.06333520098366], [-74.23686706159552, 5.063362033537987], [-74.23689496291527, 5.063412173862211], [-74.23690881009334, 5.063436918488248], [-74.23692771122118, 5.063470698879026], [-74.23692910734853, 5.063473194401882], [-74.23693151665742, 5.063477521141256], [-74.23696896543039, 5.063544723383665], [-74.23697149151769, 5.063549248958608], [-74.2369794976171, 5.063563846400387], [-74.23700945780269, 5.063617648180911], [-74.23701311024296, 5.063624204719356], [-74.23704861354962, 5.063681873934408], [-74.23705343692572, 5.06368970583148], [-74.23708194913476, 5.063734615149555], [-74.23708686710076, 5.063742365432153], [-74.2370899270193, 5.063747183145543], [-74.23711659862046, 5.063795483601187], [-74.23713119252469, 5.063821907029874], [-74.23713216858673, 5.063823672265347], [-74.23713510475037, 5.063828417829789], [-74.2371380924926, 5.063833240204787], [-74.23714491261721, 5.063843867777501], [-74.23715388575222, 5.063857850807901], [-74.23715993209767, 5.063867272837939], [-74.23719748501482, 5.063925152561095], [-74.23721291667731, 5.063948935043529], [-74.23722537891116, 5.063968510389328], [-74.23725918802332, 5.064021607179215], [-74.23727918542647, 5.064043949515566], [-74.23729659306349, 5.064063395064651], [-74.2373113055635, 5.064080049891405], [-74.2373373892805, 5.0641095765719255], [-74.23734592398066, 5.064117435752652], [-74.23736700581769, 5.064136842605873], [-74.23738480250769, 5.064153042745972], [-74.23739251235925, 5.0641627348455], [-74.23739623975487, 5.064167421891843], [-74.23740295827876, 5.06417586271971], [-74.2374519881541, 5.064236713597625], [-74.23750797351417, 5.064307712225604], [-74.23753296752821, 5.064327900587328], [-74.23759591609434, 5.064379415206457], [-74.23766385535684, 5.0644342101744], [-74.23767184537085, 5.064438911686602], [-74.23771461656236, 5.064464078706955], [-74.23778241529054, 5.064504753408032], [-74.23778555084077, 5.064506633946832], [-74.23784337683776, 5.064536276322713], [-74.23785474459615, 5.064542103292772], [-74.2378712210642, 5.064550165332728], [-74.23792075973917, 5.0645743973859165], [-74.23794133989833, 5.064584310060432], [-74.2379750455888, 5.064600544891197], [-74.23800243533, 5.064614108125984], [-74.23802410163924, 5.064624836670685], [-74.23803922898175, 5.064629499188107], [-74.2380936556642, 5.064646194731668], [-74.23813341820637, 5.064658389735655], [-74.23817499778622, 5.064670928708569], [-74.23821690960605, 5.06468356385774], [-74.23824051658859, 5.064686582385785], [-74.23825601871428, 5.064688565932999], [-74.23829206186959, 5.064693173040222], [-74.23839622089714, 5.064705938791632], [-74.23841756137263, 5.064708554484229], [-74.23855433561164, 5.064687050425422], [-74.23858809230418, 5.064658965563419], [-74.23859399423101, 5.06458823407096], [-74.23866034209478, 5.064754538410139], [-74.23861785965323, 5.064757364927381], [-74.23844378163729, 5.064769489620735], [-74.23839964389477, 5.064772564496353], [-74.23828726988603, 5.064757800353409], [-74.2381992880403, 5.0647456614322905], [-74.23811444981003, 5.064733949889481], [-74.23808679437342, 5.064730132913951], [-74.23802753795486, 5.064702751717556], [-74.23796640303566, 5.06467449462946], [-74.23780938568663, 5.064601931263684], [-74.23777236993713, 5.064580779664422], [-74.23775932797706, 5.0645733263260295], [-74.23763509785276, 5.064502328860422], [-74.23763129854326, 5.064500159145021], [-74.23759978303464, 5.064482145765282], [-74.2375720934145, 5.064459401035969], [-74.2375094432285, 5.064394927106101], [-74.23749823696615, 5.064383393160784], [-74.23749803445014, 5.064383185440914], [-74.23744899814506, 5.064332723652008], [-74.23739429482075, 5.064269702117638], [-74.23738577262615, 5.06425987946884], [-74.23735523056935, 5.064224689944689], [-74.23734294920031, 5.0642105503779415], [-74.23732119161618, 5.064185499684236], [-74.23725336780493, 5.064107397351681], [-74.23725072994247, 5.06410435769659], [-74.23720814486693, 5.064044647208992], [-74.23713456585413, 5.063941756725121], [-74.23710543985507, 5.06390101796735], [-74.23709054351986, 5.0638783129958105], [-74.23708428491274, 5.0638687773640765], [-74.2370208996966, 5.063772156733863], [-74.23700168509681, 5.063743889978506], [-74.23698438150656, 5.063718885042704], [-74.23697134049065, 5.0637000464088615], [-74.23695097591708, 5.063670611019595], [-74.23693263132101, 5.063641476691256], [-74.23692670954976, 5.063632079754435], [-74.23690486870716, 5.063597384786982], [-74.23686789640738, 5.06353780287599], [-74.23685469348617, 5.063516381304048], [-74.23685128752713, 5.063510850351983], [-74.2368293067797, 5.063475177543512], [-74.23681301378298, 5.063448734729067], [-74.23681103248376, 5.0634455191873755], [-74.23679347775833, 5.063417029379646], [-74.23673050675504, 5.063448125092377], [-74.23667193855708, 5.06347704083544], [-74.2366668091353, 5.0634795705419675], [-74.23662051998693, 5.063502427713448], [-74.2365641981009, 5.063530623449758], [-74.23656232755404, 5.0635315589815395], [-74.23655377262659, 5.06353584152223], [-74.2365172415595, 5.063554132451757], [-74.23636268656156, 5.06363522304616], [-74.23635291149763, 5.06364035572612], [-74.23631602879334, 5.063659745762822], [-74.23629270767583, 5.063612443202239], [-74.23609713506403, 5.063690389139719], [-74.23606005483377, 5.063709830211143], [-74.23603468145323, 5.063660897462209], [-74.23602364982729, 5.06363962372972], [-74.23599298660673, 5.063580493871642], [-74.23596469437241, 5.063525941461814], [-74.23596417363011, 5.063524938112536], [-74.23591311085272, 5.0634264705948135], [-74.23590038351844, 5.063401264154497], [-74.23589914538691, 5.063398813567467], [-74.23587374775218, 5.063348497391413], [-74.23580678878196, 5.063223907459558], [-74.23580115350157, 5.063213313796218], [-74.23572858393878, 5.06307685706436], [-74.23571122057355, 5.063084021955069], [-74.23568247607196, 5.063095879221472], [-74.23565013074052, 5.063112673692755], [-74.23563822998173, 5.063118853669815], [-74.23560721506742, 5.06313490455714], [-74.23558501554045, 5.063146506837044], [-74.23555524669702, 5.0631620631251195], [-74.23554401547928, 5.063168252680686], [-74.23554265619536, 5.06316900174687], [-74.23553483490106, 5.063173310018754], [-74.23552812230453, 5.063177006329631], [-74.23549927014619, 5.063192523768762], [-74.23546371153854, 5.063211649738595], [-74.23545583253704, 5.063217406727532], [-74.23542884941244, 5.063235471268554], [-74.23541101146138, 5.063247414478118], [-74.23540337576361, 5.063252525869688], [-74.23537299898199, 5.063272487042929], [-74.23535474344433, 5.063284531482757], [-74.235313660472, 5.0633120465699015], [-74.23528883737514, 5.063329091783122], [-74.23527084769704, 5.063341441541196], [-74.23527056832584, 5.063341625751627], [-74.2352111166272, 5.063380982809751], [-74.23518237487589, 5.06340000889801], [-74.23516764847737, 5.063409756514734], [-74.23511460438088, 5.06344446597583], [-74.23509070799628, 5.063460103334039], [-74.23509052775508, 5.063460221303827], [-74.23498538879616, 5.063525366774342], [-74.23497713711846, 5.063530168986368], [-74.2349576296224, 5.063541518195179], [-74.23492365307285, 5.063561288972286], [-74.23488145180389, 5.0635839029845675], [-74.23482132886006, 5.063616673344195], [-74.23480754925086, 5.063624180637937], [-74.23480682452869, 5.06362457470999], [-74.23479504481563, 5.063630835878034], [-74.23478258363318, 5.06363746027173], [-74.23477587448444, 5.063639650054271], [-74.23472491741914, 5.06365628365156], [-74.23464683947729, 5.063680703333341], [-74.23461651934493, 5.063690121474357], [-74.23461023564984, 5.063692077906582], [-74.23451893979536, 5.063720446063279], [-74.23458834551639, 5.063821614002075], [-74.2346147873161, 5.063860162047734], [-74.23464769500265, 5.063908125019735], [-74.23470872531537, 5.06399546886998], [-74.23479121377062, 5.064114623954672], [-74.2348120513711, 5.064144677422488], [-74.23488265854151, 5.064246507147891], [-74.23489807185744, 5.064268737077493], [-74.23491298025989, 5.064290220593201], [-74.23493788941984, 5.064326111385998], [-74.23491978605303, 5.064339431320238], [-74.23491566345116, 5.064333793144904], [-74.23489162087908, 5.064300941778764], [-74.23488697719343, 5.064294595222889], [-74.23486308358069, 5.06426225750532], [-74.23481688127634, 5.064199709879788], [-74.23481639545317, 5.064199038529577], [-74.23475013265546, 5.064107490054993], [-74.23472537535403, 5.064075058971056], [-74.23467028601267, 5.064002494794366], [-74.23460326113995, 5.063914934360892], [-74.2345727299057, 5.06387443609696], [-74.23452926917943, 5.063816778254073], [-74.23451268824348, 5.063787394358426], [-74.23449651200336, 5.063758724493581], [-74.23437934291806, 5.06379903034058], [-74.23436583849424, 5.063803676078431], [-74.23435429986229, 5.063807647599507], [-74.23433334025792, 5.0638145867824536], [-74.23430997565603, 5.063822320454401], [-74.23427606193033, 5.0638338455100556], [-74.23414750287525, 5.063877550715253], [-74.23406228416317, 5.063906413021981], [-74.23405112233026, 5.063910190189738], [-74.2339277092425, 5.06395201258022], [-74.2338620335631, 5.063974460471749], [-74.23377957162799, 5.064002477823637], [-74.23373074660138, 5.06401906476491], [-74.2336651888718, 5.064041387550418], [-74.23362928320599, 5.064053613986728], [-74.23360707686649, 5.0640611879918245], [-74.23355433660159, 5.064079186657144], [-74.23349853130233, 5.064098228983129], [-74.23346964213681, 5.064108083186999], [-74.23345099053759, 5.064124003664097], [-74.23340907278575, 5.064062979588641], [-74.23343349893433, 5.064060685478453], [-74.23343529875586, 5.064060516467305], [-74.2334659230698, 5.064071120442736], [-74.23348540589093, 5.064058151697298], [-74.23349398502194, 5.064053290063041], [-74.23353432261472, 5.0640304290408045], [-74.23362791014951, 5.063977125365945], [-74.23364614453186, 5.063966741338214], [-74.23367427306462, 5.063950719550876], [-74.23371005949728, 5.0639303382448455], [-74.23370715455829, 5.063924917607537], [-74.23370627528249, 5.06392327342538], [-74.23370490793242, 5.063920721739475], [-74.23369036961444, 5.0638935715280535], [-74.23367590736915, 5.063866566846169], [-74.23366934589902, 5.063854320921226], [-74.23366734314776, 5.0638507308140115], [-74.23366127878205, 5.063839871927376], [-74.23363936815058, 5.063800656487301], [-74.23363026164387, 5.063784350079246], [-74.23362683109323, 5.063778211115222], [-74.23358933582753, 5.06371108740674], [-74.23358431047679, 5.063701885968958], [-74.23358045589421, 5.063694826711062], [-74.23357348558868, 5.063682059485233], [-74.2335609702029, 5.063659143565644], [-74.23355104444242, 5.063640961225881], [-74.2335392400429, 5.063648013229319], [-74.23353452284202, 5.063638575951722], [-74.23353043242726, 5.063630392457807], [-74.23352413648797, 5.063617797670296], [-74.2335197670983, 5.0636090555322975], [-74.23351348282905, 5.063597380919094], [-74.23350062450201, 5.063573480307491], [-74.23350435405374, 5.063571701572552], [-74.2334943463474, 5.063552176642006], [-74.23346667342801, 5.063498171209404], [-74.2334473511265, 5.063459660199402], [-74.23342270750275, 5.063410510561067], [-74.2334081521369, 5.063382444697048], [-74.23338911383155, 5.063345709294106], [-74.2333642608139, 5.063298430302779], [-74.23336329182953, 5.063296585421721], [-74.23334599505459, 5.063263678589357], [-74.23332506866157, 5.0632238586466025], [-74.23332226976564, 5.063223920982627], [-74.23328713136333, 5.0631610390464985], [-74.23326735298231, 5.063125635124549], [-74.23326128651723, 5.0631284235593075], [-74.23325958350483, 5.063129204944685], [-74.23325870708426, 5.063127637665185], [-74.23325375906548, 5.063118765427799], [-74.23323977512874, 5.063093684357266], [-74.23322161637455, 5.063061110322995], [-74.23319325796867, 5.063008655216569], [-74.23318067063894, 5.062985374779379], [-74.2331657027509, 5.0629576888080345], [-74.23316229263632, 5.062951376980671], [-74.2331722357328, 5.0629453826412405], [-74.23315010328488, 5.062904784129471], [-74.23314860745015, 5.062902042674841], [-74.23314210615766, 5.062890114214907], [-74.23312719124652, 5.062862764731953], [-74.23310727176025, 5.062826216478216], [-74.23310078119223, 5.062811374492542], [-74.23307689875911, 5.062756757390092], [-74.23306513470841, 5.062729849786164], [-74.23306460908229, 5.062728647383275], [-74.23306253195419, 5.062723896536345], [-74.23305758925042, 5.06271258671401], [-74.23304534534128, 5.062684819544137], [-74.23304524655804, 5.062684592623698], [-74.23302248146247, 5.062632964707355], [-74.23300949537307, 5.062603518707909], [-74.23300791310892, 5.062599925986236], [-74.23298913390927, 5.062557518685108], [-74.23297113312621, 5.062516862527178], [-74.23295650741774, 5.062490221860462], [-74.23295420666399, 5.0624860260903235], [-74.23292343407887, 5.062429963535462], [-74.23288794376991, 5.062364649178688], [-74.23288334753961, 5.0623561843373635], [-74.2328738436117, 5.06233869064298], [-74.23286762571371, 5.062326789687106], [-74.23285520531283, 5.062303016699791], [-74.23283491516487, 5.06226416819006], [-74.23280400548742, 5.0622471984248785], [-74.23274987593751, 5.062253865020742], [-74.23268291290854, 5.062262111423896], [-74.23263166699553, 5.062268202486623], [-74.23260941617177, 5.062270848906803], [-74.23251417558177, 5.062282163972672], [-74.23249452923875, 5.062284531272015], [-74.2324128044791, 5.062294372889871], [-74.23235509772975, 5.062301321327769], [-74.23242910784317, 5.06242362729465], [-74.23243617704402, 5.062435271477955], [-74.23248095464126, 5.06250900197242], [-74.23248649413435, 5.0625181210129355], [-74.23251725972015, 5.062563352066341], [-74.23251730676081, 5.062563415313848], [-74.23254731136754, 5.0626075222233125], [-74.23255135872712, 5.062613469106904], [-74.23256482782392, 5.062634485846892], [-74.23259964131337, 5.062688803484657], [-74.23260070377279, 5.0626904563688235], [-74.23265208806905, 5.062770293528292], [-74.23269399443477, 5.062835402049985], [-74.23269855355755, 5.06284237673235], [-74.23269893996965, 5.062842967745698], [-74.23277064880732, 5.06295262870704], [-74.23279130420514, 5.062984214471681], [-74.23277179427306, 5.062991916314737], [-74.2326499005488, 5.063081773090948], [-74.23264350567162, 5.063086487592578], [-74.2326414791723, 5.06308798258686], [-74.23263015454968, 5.063096329355574], [-74.23251371897072, 5.063182383641231], [-74.23248834488602, 5.063201084719805], [-74.23248686803348, 5.063202172405206], [-74.2323266300869, 5.0633202572836415], [-74.23232597591189, 5.063320739890794], [-74.23231065684058, 5.063332029481217], [-74.23224001258919, 5.063383855161935], [-74.23223888534372, 5.0633846815945995], [-74.23219555716055, 5.06341646609078], [-74.2321929314296, 5.063418392916945], [-74.23217358805657, 5.063432583765401], [-74.23212038840951, 5.063471991117591], [-74.23211481083149, 5.063476123168593], [-74.23204914226791, 5.063524767081667], [-74.23204410329409, 5.063518844703183], [-74.23204201065604, 5.063516385778819], [-74.23210705454314, 5.063465217715872], [-74.23211116393253, 5.063461984226868], [-74.23212581935474, 5.063450458841268], [-74.23216318521186, 5.063421660730984], [-74.23217475353387, 5.063412868334648], [-74.23218399900024, 5.063405841130605], [-74.23218573888506, 5.06340451678817], [-74.23222519317653, 5.063374530296756], [-74.23222754658556, 5.063372698994545], [-74.23222804753881, 5.063372308065504], [-74.23227485437157, 5.0633358562421416], [-74.23231469749444, 5.063304883663127], [-74.23231523268447, 5.063304465524401], [-74.2323704982313, 5.063261510972354], [-74.23244832964889, 5.063201671222567], [-74.23247300206856, 5.063182674701806], [-74.23247305072717, 5.063182639321361], [-74.23256291047535, 5.0631134534448705], [-74.23262619530702, 5.063064490113513], [-74.23262726750286, 5.06306366016597], [-74.23263263299192, 5.063059509514886], [-74.23264255036187, 5.063051837703626], [-74.23268019385593, 5.063022917800306], [-74.23269985039262, 5.06300781700656], [-74.23275578475143, 5.062964990548474], [-74.23266462433361, 5.062853342552103], [-74.23261547076432, 5.062793142877346], [-74.23261498055959, 5.062792538489321], [-74.23258168513897, 5.06275175761911], [-74.23251725690811, 5.062793480975574], [-74.23245851717172, 5.062831520852649], [-74.2324470103335, 5.062817496406791], [-74.23237344188968, 5.06285273786515], [-74.23238287015664, 5.062869826354839], [-74.23233993900257, 5.062896351308733], [-74.23223908132316, 5.062958663394964], [-74.23219844156094, 5.062983969718329], [-74.23215836598277, 5.063008922992833], [-74.23211459074837, 5.063036197825063], [-74.23205588879631, 5.063072774517875], [-74.23201721529675, 5.063089081416005], [-74.23196666403213, 5.063110396450433], [-74.23194774201865, 5.063118374931334], [-74.23200870041885, 5.063225620696113], [-74.23203932084893, 5.063279485796121], [-74.23203469312563, 5.063282031706524], [-74.23203029886074, 5.063284448688773], [-74.23202311570832, 5.063288402831556], [-74.23199194942872, 5.063235521398993], [-74.23191836844747, 5.063110664800871], [-74.23193495943808, 5.063102042909086], [-74.23182421977081, 5.062958569852653], [-74.23180610357511, 5.062935099028149], [-74.23175518724013, 5.062841690466422], [-74.2317325206804, 5.062784869557691], [-74.2317118205914, 5.062732975245546], [-74.23173558783111, 5.062729153325443], [-74.23175738159465, 5.0627782152925525], [-74.2318113657739, 5.062899727015994], [-74.23184509903578, 5.062945403963774], [-74.23187430455506, 5.062984947637259], [-74.23193313099928, 5.063065636615175], [-74.2319628168562, 5.063049553124368], [-74.23198344993709, 5.0630383746742265], [-74.23206768320173, 5.062992741958277], [-74.23213542350977, 5.062956042199788], [-74.23211542894336, 5.062912221139605], [-74.23209444944733, 5.062866231300521], [-74.23206840627024, 5.06280888752042], [-74.23206411496582, 5.062799434937629], [-74.23204988554187, 5.062768101116239], [-74.2320256595821, 5.062715008316103], [-74.23199743325816, 5.062653142797809], [-74.23197339938518, 5.062599987195647], [-74.23193914360458, 5.062524224322591], [-74.23193447376093, 5.062514046796267], [-74.23192832163184, 5.0625006554714576], [-74.23188410683312, 5.062404351420732], [-74.23186754770433, 5.062368289838588], [-74.23159107679308, 5.062380030107876], [-74.23158915504453, 5.062380137817375], [-74.23158709344469, 5.062380250316991], [-74.23157820892058, 5.062380604714007], [-74.23155474759994, 5.062381575874452], [-74.2315526173774, 5.062381664074486], [-74.23154622399758, 5.062381925965224], [-74.23150353316356, 5.062384771382815], [-74.23147713188798, 5.062387555954352], [-74.23141478641313, 5.062400793461524], [-74.23138706012448, 5.062410523200316], [-74.23135963681295, 5.062420145593636], [-74.23130592062289, 5.062447406703927], [-74.23127319183656, 5.062463814444423], [-74.23124579683468, 5.062409211152323], [-74.23134508216258, 5.062377133908972], [-74.23147446833566, 5.062342776266781], [-74.2315214387262, 5.062330301807014], [-74.23160433702132, 5.062317845862447], [-74.23166141630678, 5.062309269110076], [-74.23170830672733, 5.062302223683571], [-74.23175247815743, 5.062298366567827], [-74.23188164626553, 5.062287084777338], [-74.23184018158679, 5.0622064152212145], [-74.23180025586394, 5.062126953375028], [-74.2317870058472, 5.062100574256711], [-74.23173225144821, 5.061997799991924], [-74.23166780145269, 5.061876825699831], [-74.23170907385757, 5.061858272665382], [-74.23171335457042, 5.061866903701179], [-74.23171837802303, 5.061877032603375], [-74.23174432902216, 5.06192623868001], [-74.23180106043785, 5.062033798372285], [-74.23182444927588, 5.062079891322702], [-74.2318431438553, 5.0621167278919055], [-74.23184418995524, 5.06211879702429], [-74.23186249998409, 5.062155070623939], [-74.23188484680199, 5.062199337825211], [-74.231917302738, 5.0622623978085075], [-74.23192866054463, 5.062284461838175], [-74.23196938887756, 5.062281176769305], [-74.23204715198243, 5.0622749022890074], [-74.23209897720695, 5.062270719329195], [-74.23210473267696, 5.062269999905872], [-74.23220505917736, 5.062257460052484], [-74.23220610382236, 5.062257329580541], [-74.23224887291373, 5.062251983060738], [-74.2322967085393, 5.0622456741244815], [-74.23236083967903, 5.062237212375882], [-74.23239553080896, 5.062232635838693], [-74.23242736953773, 5.062230362055446], [-74.23246728658684, 5.062227511002683], [-74.23247917581085, 5.062226661369251], [-74.23248627434612, 5.062226157446547], [-74.23250877075975, 5.062224547481628], [-74.232519523433, 5.062222944490322], [-74.23256359314352, 5.062216368545462], [-74.23257939559886, 5.062214010372027], [-74.2325875638373, 5.0622127905125796], [-74.23263907570833, 5.0622056276467156], [-74.23264156997541, 5.062205279068227], [-74.23266619152905, 5.062201851802467], [-74.23269355704485, 5.062197468350735], [-74.2327181595779, 5.062193527184289], [-74.23278319352981, 5.0621848573796155], [-74.23278412810144, 5.062184732545278], [-74.2328509833822, 5.062175819490268], [-74.23305847834676, 5.062145848662918], [-74.23306084240664, 5.062112007695443], [-74.232951703438, 5.062080480955801], [-74.23284569815875, 5.06204986028199], [-74.23272523567323, 5.062016764394817], [-74.23271923841699, 5.062015118191526], [-74.23270069142124, 5.062010022295693], [-74.23266737381718, 5.062000868374293], [-74.23256937435889, 5.061954246131184], [-74.23256830684953, 5.061953737847518], [-74.23252276917448, 5.061932244688793], [-74.23249362151977, 5.061918485452628], [-74.23249197691534, 5.061917707727545], [-74.23243974498847, 5.061883866622275], [-74.2323983343688, 5.061857033520372], [-74.23234880956342, 5.061826603835515], [-74.23231771811255, 5.061807496306054], [-74.23225881081825, 5.06176507847382], [-74.23220255003446, 5.061724561139271], [-74.23219858620095, 5.061722217067179], [-74.2321440491398, 5.061689951981309], [-74.23212248276288, 5.06167520562086], [-74.23209071866054, 5.061653485345215], [-74.23208140455115, 5.061647115975773], [-74.23203766950908, 5.061612143022319], [-74.23193243494019, 5.061551497115645], [-74.23190153454993, 5.06153368579701], [-74.23184392440982, 5.0614991463895045], [-74.23172613610224, 5.06142194267153], [-74.23164407513002, 5.061368489338933], [-74.23159691297094, 5.061340603045587], [-74.23142554823811, 5.0612471158453705], [-74.23134980119404, 5.061222943865386], [-74.23127045487362, 5.06120597652772], [-74.23124962440345, 5.06121868536332], [-74.23123746608397, 5.061226102634304], [-74.23120471484606, 5.061195772143021], [-74.23103133996548, 5.061187801873502], [-74.23112113013056, 5.061144344791535], [-74.23124369154814, 5.061085025501302], [-74.2312635975312, 5.06107539027397], [-74.23134042865041, 5.061118385803219], [-74.23139709691768, 5.061134903133234], [-74.23144428813954, 5.061150972499172], [-74.23148450825319, 5.061171940217574], [-74.23150898906415, 5.061187141615774], [-74.2315467152671, 5.0612105516452734], [-74.23155032237057, 5.06120987069769], [-74.23159917608051, 5.061247143051759], [-74.23164727393696, 5.061282659686476], [-74.23166891932178, 5.061298639182055], [-74.23170958527666, 5.061336344217626], [-74.23171045475708, 5.061336631199966], [-74.2317285324045, 5.061342618362081], [-74.23178345198382, 5.061374395072131], [-74.23182114438336, 5.061396620741248], [-74.23184164728325, 5.06141013587525], [-74.23184528185935, 5.061412529436714], [-74.23190019457181, 5.061441625178701], [-74.2319183352452, 5.061451830464302], [-74.23194035551772, 5.061464212592986], [-74.23196415798866, 5.061482851748316], [-74.23198976742796, 5.061504624459768], [-74.23201444310985, 5.0615231361818305], [-74.23209729965016, 5.061582617631385], [-74.23210080095367, 5.061524118270838], [-74.23210412374384, 5.061468557185676], [-74.23210712031387, 5.061418463616098], [-74.23211108694979, 5.061352192815315], [-74.23211456159422, 5.061287709961144], [-74.23211779226848, 5.061227814080626], [-74.23212948557145, 5.0610108894763846], [-74.23213937889327, 5.060827422942968], [-74.23218079082746, 5.060810168041898], [-74.23218067215569, 5.060813259117181], [-74.23217301620062, 5.0610122480240785], [-74.23216844861616, 5.0611309721172315], [-74.2321640226658, 5.0612301274977884], [-74.23216123367212, 5.061292640168101], [-74.23216000793089, 5.061320092790528], [-74.23215584595901, 5.061420940578449], [-74.23215497997538, 5.061442051569911], [-74.2321528370234, 5.0614940608183865], [-74.23215105807475, 5.0615372039927795], [-74.232150671205, 5.061557827281866], [-74.23214920538439, 5.061636265804867], [-74.23220882922885, 5.061675411380567], [-74.23227705953215, 5.061720324149932], [-74.23232225278272, 5.06175007171278], [-74.23239046238281, 5.06179214338556], [-74.23245640534915, 5.061831829746119], [-74.23248882923896, 5.061851256845621], [-74.23248886898904, 5.061851282104778], [-74.232491400171, 5.06185279828124], [-74.23250085641938, 5.061858461616557], [-74.23252495177786, 5.061871171836444], [-74.23258106001535, 5.06189973048196], [-74.23264405310871, 5.061932164910308], [-74.23268762210128, 5.061951850367486], [-74.23269775755048, 5.061956427532624], [-74.23275355874853, 5.061981512253687], [-74.23277741213118, 5.061992231424292], [-74.23277837177966, 5.061992483850218], [-74.2328521385144, 5.062012463770666], [-74.23288392591321, 5.06202025975353], [-74.23292260666082, 5.062029746375189], [-74.23293969107613, 5.0620339348051795], [-74.23294852585133, 5.062035904050782], [-74.23294856015323, 5.062035911223988], [-74.23301129454973, 5.062049894206883], [-74.23303509978516, 5.062055199044457], [-74.23305308292525, 5.062050340323049], [-74.23306667350239, 5.06203735658375], [-74.23306828133991, 5.062010145731881], [-74.2330545179831, 5.061972397722373], [-74.2330471474116, 5.061952181902781], [-74.23303578464859, 5.061908932568852], [-74.23303484033448, 5.061905342251175], [-74.23303425229531, 5.061903105763233], [-74.23300255881585, 5.061782425778381], [-74.23299291541967, 5.061738927963071], [-74.23298039315469, 5.061715200410856], [-74.2329736031536, 5.061702326963121], [-74.23297220579884, 5.061697744020826], [-74.23295372593405, 5.061637082400028], [-74.23293518521587, 5.061576208262075], [-74.23289969509777, 5.061463306044211], [-74.23289150408482, 5.061437243056831], [-74.2328860407908, 5.0614197552380435], [-74.2328455145382, 5.061290018561265], [-74.2328659768332, 5.061283036052721], [-74.23289845594904, 5.061380250895348], [-74.23291042765017, 5.061415820815941], [-74.23292450095306, 5.061457632673541], [-74.23293173859152, 5.0614791308732965], [-74.23296141410727, 5.061566759100357], [-74.232964089622, 5.061575879066574], [-74.23296230557054, 5.061597714748126], [-74.23296647867387, 5.06161098134494], [-74.2329711837429, 5.06162593983787], [-74.23297309583309, 5.061632169468445], [-74.23299432948183, 5.061701350107851], [-74.23299671460299, 5.061709121547284], [-74.2330004670508, 5.061721342978218], [-74.2330157648303, 5.061774117048368], [-74.23304366980007, 5.061870205038506], [-74.2330552556124, 5.061903065765445], [-74.23306207044813, 5.061922379637919], [-74.23307087917702, 5.061943947226692], [-74.23308186991186, 5.061970853592798], [-74.23309541523797, 5.062004011889654], [-74.23314894551967, 5.06198633843195], [-74.23318818899902, 5.061973744668598], [-74.2332147923038, 5.061966169557377], [-74.23324404520834, 5.061957841116552], [-74.233282023101, 5.0619473525490095], [-74.23332275949404, 5.0619335814851905], [-74.23338428547297, 5.061913167477953], [-74.23343517684721, 5.061896186686395], [-74.23344664871198, 5.061890800184937], [-74.2334586434527, 5.061885164767963], [-74.23350875283465, 5.061861212957289], [-74.23357474844384, 5.061832933912071], [-74.23363846759086, 5.061806616313345], [-74.23366041206445, 5.061797549879737], [-74.23367213102652, 5.0617939969641474], [-74.23372374855518, 5.061778342133816], [-74.23374887233243, 5.061770926356056], [-74.2337670647269, 5.061765555998855], [-74.23378002026082, 5.0617617329002025], [-74.23385686559783, 5.061724046608861], [-74.23387625119958, 5.061704094694081], [-74.23387698156138, 5.0617033441156405], [-74.2338876914667, 5.0616829916131705], [-74.23388769617743, 5.061680715994914], [-74.23388776297764, 5.061647877423129], [-74.23388368718207, 5.061630259396939], [-74.23387878254215, 5.061609038167774], [-74.23386819464679, 5.06159473512447], [-74.2338553255976, 5.061577056039326], [-74.23382143849916, 5.061535443028158], [-74.2337856024871, 5.061490549249514], [-74.23373895643847, 5.0614326856363645], [-74.23372966458514, 5.0614190171096745], [-74.23369946482376, 5.061373820329489], [-74.2336917105897, 5.061354944377091], [-74.23368349827291, 5.0613319388171565], [-74.23366348219923, 5.061288204719101], [-74.23365256668846, 5.061244329323109], [-74.23364416109624, 5.0612093208553866], [-74.23362735265188, 5.061139319295477], [-74.23361383658143, 5.061101597068867], [-74.23364354242335, 5.061090896237679], [-74.23366955396814, 5.0610815252824795], [-74.23369938608862, 5.061181769897704], [-74.23372863123626, 5.061282715954038], [-74.23373564938356, 5.061306940764359], [-74.23376604843446, 5.061386836813838], [-74.23377686220033, 5.061408915408917], [-74.23379345876566, 5.061442798962795], [-74.23384932089498, 5.061523385721397], [-74.23391372098837, 5.061607393593364], [-74.23394649409546, 5.061650629243468], [-74.23396857773184, 5.061679765626943], [-74.23397544713373, 5.061686915049817], [-74.23399717630534, 5.061707558610768], [-74.23406109282705, 5.061768257542185], [-74.23413250225748, 5.061816581508607], [-74.23418176044122, 5.061844850847555], [-74.23422574819179, 5.061865998478527], [-74.23429329078354, 5.061897927311824], [-74.23431761305316, 5.061909424571875], [-74.23433174618329, 5.061916107734976], [-74.2343534773746, 5.061937331261565], [-74.23435837838872, 5.061944255513043], [-74.23442177490898, 5.062033817163225], [-74.23445087690519, 5.062028717337134], [-74.23449638119551, 5.0620054591808135], [-74.2345548618584, 5.061975572038191], [-74.23459555629925, 5.0619592104961795], [-74.23460610537792, 5.061955887808195], [-74.23463257079499, 5.061947465999359], [-74.23466338839243, 5.061934907221738], [-74.23471762037416, 5.061912355357488], [-74.23483014426816, 5.0618655554915], [-74.23486211031707, 5.061852893176822], [-74.23489970084168, 5.061838008767306], [-74.23492197985513, 5.061826936588035], [-74.23500687867235, 5.061785147767743], [-74.23502472852, 5.061776158773195], [-74.23510154023148, 5.06173745087977], [-74.2351677407452, 5.061696433323926], [-74.23520619314507, 5.061672604975825], [-74.23522771839133, 5.061659939943552], [-74.2352563685297, 5.061643074742758], [-74.23525819826422, 5.061642030715693], [-74.23527481640565, 5.061632551846696], [-74.23532679259134, 5.061602901453211], [-74.23538604959923, 5.061561830171838], [-74.23539396229471, 5.061578119829641], [-74.23539947733546, 5.0615743389464045], [-74.23545124488251, 5.061538881845246], [-74.23549850381175, 5.0615064328031005], [-74.23550510562315, 5.061501898849833], [-74.23552600055103, 5.061487552058458], [-74.23547275645234, 5.061421528009356], [-74.23540238264178, 5.061382117363678], [-74.23539850024724, 5.061377043333273], [-74.23539585167514, 5.061373579328073], [-74.23535737052114, 5.061323264535185], [-74.23531692357938, 5.061259349604668], [-74.23526249909344, 5.06119798124018], [-74.23525704977314, 5.061182180908409], [-74.23524480370659, 5.061146637824015], [-74.23521479637422, 5.061059266465871], [-74.23519005325954, 5.060960510641731], [-74.23518963228521, 5.060958823965797], [-74.23518327967525, 5.06093347232472], [-74.23514603976535, 5.060794937544208], [-74.23512277554191, 5.060728985653077], [-74.2350917122399, 5.060620521449326], [-74.23508308304642, 5.060602762825585], [-74.23505524695581, 5.060545468768401], [-74.23504525172059, 5.06052489244192], [-74.234978101194, 5.060461726001958], [-74.23497803430237, 5.060461662792499], [-74.23497715218656, 5.06046042216423], [-74.2349426189326, 5.060411612646401], [-74.23493811239466, 5.060405244106507], [-74.23490457783448, 5.060300661723643], [-74.23493924124908, 5.060322472237519], [-74.23496521254606, 5.060393738386771], [-74.23498259431526, 5.060427710886659], [-74.2349934413528, 5.06044258525952], [-74.2349945929942, 5.060444160155194], [-74.23500646954686, 5.060460444075158], [-74.23503631035514, 5.060482882669947], [-74.23506200861907, 5.060506754245253], [-74.23511801601765, 5.060558781037924], [-74.23512384401694, 5.060570149774762], [-74.23516040964128, 5.060641487994924], [-74.2351686209874, 5.060668721725686], [-74.23517412455949, 5.060686964955462], [-74.23518033253083, 5.060707896854927], [-74.23519659052087, 5.060745934103992], [-74.23520124387538, 5.060755491831598], [-74.23521400367595, 5.06078169354068], [-74.23522277228797, 5.060799691671036], [-74.23523820268603, 5.060833834365501], [-74.23524295926207, 5.060851190490853], [-74.23525002187068, 5.060876949752917], [-74.23526819945573, 5.060943234355938], [-74.23528506055676, 5.061005237172555], [-74.23529040288066, 5.061023141401871], [-74.23529435854873, 5.0610364011495195], [-74.2353072985226, 5.061070053656898], [-74.23530853075216, 5.061073202774799], [-74.23531765223662, 5.061096462629312], [-74.23533208979548, 5.061119031922232], [-74.23536297031602, 5.061167731649184], [-74.23536986564041, 5.061179505511591], [-74.23541739209666, 5.061231001023649], [-74.2354264179726, 5.061241436219304], [-74.23543558853228, 5.061252035814923], [-74.2354753128499, 5.061297946309429], [-74.23548122311382, 5.06130320557658], [-74.23548378100107, 5.061305479923612], [-74.2355221213194, 5.061339584322902], [-74.23552966934852, 5.061346296310788], [-74.23556727655938, 5.061367812519243], [-74.23558581413475, 5.06137841414475], [-74.23562221998444, 5.061398782622487], [-74.23563906076195, 5.061408204891565], [-74.23564033968805, 5.061407430644594], [-74.23564487676977, 5.061404685828737], [-74.23565017176071, 5.06141285524561], [-74.23565419886985, 5.061419060015625], [-74.23566661578157, 5.061436681103814], [-74.23568878599345, 5.061468141714378], [-74.23570019838165, 5.061461863145928], [-74.23575478241105, 5.06143182772746], [-74.23576684919965, 5.061425188698066], [-74.23580088773745, 5.061406770487627], [-74.23580946452562, 5.061402129614086], [-74.23581175678214, 5.06140089197772], [-74.23585190305683, 5.0613781533838695], [-74.23586601197789, 5.061368281173925], [-74.23586667521047, 5.061367819357733], [-74.23590236842921, 5.061343606269954], [-74.23592134148912, 5.061330735269728], [-74.23592357907015, 5.061329215435405], [-74.23593167004177, 5.061323906830253], [-74.2359608427833, 5.061304768620384], [-74.23597455183832, 5.0612957766513835], [-74.2359855121462, 5.061289492608447], [-74.23600999461792, 5.061274159044455], [-74.23603352987121, 5.06125941722661], [-74.23604722617421, 5.061250838780925], [-74.23609003557341, 5.061224028858676], [-74.23609557892043, 5.061219952947747], [-74.23610292890504, 5.061214550750043], [-74.23611781091259, 5.0612017237475], [-74.23612541676992, 5.061195167423242], [-74.23613140920425, 5.061189999449111], [-74.23613921209932, 5.061182667322977], [-74.23615020982403, 5.061172329639587], [-74.23615848273904, 5.061164950470601], [-74.2361679870466, 5.061156475030739], [-74.2361962477531, 5.061131278110049], [-74.23621431954193, 5.061115165066141], [-74.23615765048082, 5.061057837454647], [-74.23614951577234, 5.061049610126261], [-74.23610005387349, 5.0609995751235095], [-74.2360607874417, 5.060961967278391], [-74.2360572484182, 5.0609585773609975], [-74.23604812469993, 5.06094983888879], [-74.2360223996615, 5.060925197420258], [-74.23598550556457, 5.06089050668537], [-74.23598029708874, 5.06088560710432], [-74.23597887029737, 5.060884064404808], [-74.23597772651382, 5.060882827897165], [-74.23596327591179, 5.060867179570972], [-74.23594492829255, 5.060847309580181], [-74.23591621728241, 5.060821137429485], [-74.23588381209015, 5.060791594655349], [-74.23587154343964, 5.060780296127996], [-74.23580934781018, 5.06072301611462], [-74.23579700212176, 5.060711536769369], [-74.23579462210995, 5.060709323611199], [-74.23577622470263, 5.060692217010807], [-74.23573668198358, 5.060655447521792], [-74.23569361682296, 5.060615938638715], [-74.23563314257986, 5.0605509055820175], [-74.23559971284838, 5.060514953227709], [-74.23556118450786, 5.060473030679766], [-74.23553865214349, 5.060448507956312], [-74.23552721927865, 5.060436376300544], [-74.23549824065049, 5.060405625367782], [-74.23547208655731, 5.060377869409431], [-74.23549575422072, 5.060356828045803], [-74.23552148832663, 5.0603339523003745], [-74.23554837171142, 5.060309028576815], [-74.23555998040109, 5.060298264476282], [-74.23562291079733, 5.0602411067420405], [-74.23565109825076, 5.060213447084315], [-74.23565591237366, 5.060208818823313], [-74.23569890088682, 5.060167524330551], [-74.2357188896088, 5.06014877373211], [-74.2357832701836, 5.060088381225826], [-74.23580029280316, 5.060072394158792], [-74.235803227335, 5.060069638829482], [-74.23581258486652, 5.06006085061164], [-74.23583735363901, 5.0600375903451225], [-74.23588661632589, 5.059994585538089], [-74.2359053121065, 5.059978262305389], [-74.23591443234572, 5.059969009464974], [-74.23591513023071, 5.059969691268077], [-74.23595734139117, 5.06001091096781], [-74.23597204939306, 5.0600252712574525], [-74.23594263883993, 5.060052203072819], [-74.2359153855925, 5.060077159180934], [-74.23586113760302, 5.060126832031016], [-74.23580831460048, 5.0601752001319715], [-74.23579390183268, 5.0601880388956655], [-74.23573459692496, 5.06024088552335], [-74.23566716771202, 5.060300971684598], [-74.2356624315365, 5.06030578347441], [-74.23564439732746, 5.060324106890722], [-74.23558504339444, 5.060384418321863], [-74.23556187058755, 5.060407563342299], [-74.23558682985667, 5.060433810535319], [-74.23561952663566, 5.0604681980563955], [-74.23565079127809, 5.060501076362622], [-74.23566568713238, 5.060514570392337], [-74.23569416821573, 5.060540366596055], [-74.23570802372925, 5.0605543539234], [-74.23573544415218, 5.06058372435474], [-74.23579533951346, 5.060641833960046], [-74.23581909485318, 5.06066509574024], [-74.235829935641, 5.060675714764132], [-74.23585015723535, 5.060695512418443], [-74.23587965828135, 5.060725283322155], [-74.23589249821086, 5.06073996838367], [-74.23590704812496, 5.060756600056078], [-74.23594317900928, 5.060797082160756], [-74.2359813835023, 5.0608276173021896], [-74.23600300163865, 5.060844900520037], [-74.23603282511621, 5.060874823711498], [-74.23603573613485, 5.0608777443244275], [-74.2360360579681, 5.060878064014375], [-74.23606036512845, 5.06090205672278], [-74.23608070978416, 5.060921553733184], [-74.23610459437724, 5.060944446086895], [-74.2361218348187, 5.060960969467649], [-74.23613510233083, 5.0609736857350045], [-74.23616107049865, 5.060999963542091], [-74.2362287708926, 5.061068463550903], [-74.23624096947869, 5.061042375285846], [-74.23627727854195, 5.060964716358469], [-74.23628344489777, 5.0609537273829845], [-74.23628736215512, 5.060946745598322], [-74.23628871647013, 5.060944332588331], [-74.23628924255178, 5.060943396911143], [-74.2362947082958, 5.06093076613082], [-74.23630634412073, 5.060903880894022], [-74.2363139291479, 5.060886355548111], [-74.23632717895532, 5.0608598038210015], [-74.23635264933866, 5.060808769831546], [-74.2363706638877, 5.060771068937997], [-74.23639346428327, 5.060723354379335], [-74.23640354707983, 5.060704956548273], [-74.23641145651185, 5.060690533190208], [-74.23642982941777, 5.060653381739271], [-74.23643754934146, 5.060638947885186], [-74.23645043566086, 5.060614854326533], [-74.23645437834352, 5.06060748342317], [-74.23645445746232, 5.060607333072985], [-74.23646493037921, 5.060588153642509], [-74.23647684830195, 5.060566328491622], [-74.23648281894852, 5.0605553923686895], [-74.2364881880369, 5.060545559457631], [-74.23650043956195, 5.060523124729963], [-74.2365112280991, 5.060503370139886], [-74.23652564062719, 5.060476154773403], [-74.23654381498314, 5.060441839388081], [-74.23655236514605, 5.060425561747433], [-74.23656101151468, 5.060409103865114], [-74.23656762328841, 5.0603965206613974], [-74.23656837940739, 5.060395081468412], [-74.23656879035593, 5.060394337831554], [-74.23658146251108, 5.0603715087064485], [-74.23659363467793, 5.060349576301723], [-74.23660136368021, 5.060335650030601], [-74.23660594982631, 5.060327387561614], [-74.23660576673753, 5.060321728299946], [-74.23660527201292, 5.060306388124074], [-74.23660475223043, 5.060290206519056], [-74.23660441678156, 5.060281290218071], [-74.23660347792364, 5.060256344480433], [-74.236601448126, 5.06020239158561], [-74.23660106893584, 5.06019229820515], [-74.23659977675965, 5.060175161686329], [-74.23659798374135, 5.060151343167848], [-74.23659627036528, 5.060128600321044], [-74.23659584457097, 5.060122950570833], [-74.23659576308839, 5.060121855901503], [-74.23659470886102, 5.060107431560527], [-74.23659306730801, 5.060084972688097], [-74.2365880118869, 5.060040921519202], [-74.23658519463584, 5.060021326817728], [-74.23658112280494, 5.059992990389186], [-74.23657457292691, 5.05996545854685], [-74.23656959279703, 5.059943477455687], [-74.23656079451136, 5.059904629777684], [-74.23655684532753, 5.05988718707457], [-74.23655559551955, 5.059885235967118], [-74.23655249406794, 5.059880389370521], [-74.23653290727734, 5.059884597049428], [-74.23652616506813, 5.059876002424781], [-74.23650137791654, 5.059844409301931], [-74.23646818845711, 5.0598028828816375], [-74.23645137518501, 5.059786063719485], [-74.23642247056155, 5.059758170997322], [-74.23639237694283, 5.059724235480132], [-74.23632263694945, 5.059643577742928], [-74.23630173361332, 5.059629686216043], [-74.23626288305412, 5.059603863678926], [-74.23620297379021, 5.059565007667851], [-74.23617728336987, 5.059548114049762], [-74.23616638328116, 5.059540946102347], [-74.23611049105781, 5.059507269713604], [-74.23606681323774, 5.059481042872242], [-74.23604557363787, 5.059469682741247], [-74.23594525745598, 5.059414091445467], [-74.2359078815459, 5.059404086743198], [-74.23580916586805, 5.059305093857195], [-74.23574774538471, 5.059243468307889], [-74.23573970132965, 5.059235446187068], [-74.23570069073783, 5.0591961132232095], [-74.2356990211262, 5.059194992628558], [-74.23565436985234, 5.059165020770819], [-74.23563862917105, 5.059127111025348], [-74.23563403449728, 5.059115184383386], [-74.23562991225751, 5.059104483768458], [-74.2356265236024, 5.059095685483627], [-74.23562628331824, 5.059095068858567], [-74.23561697875449, 5.059072314238458], [-74.23560687506149, 5.059050682207135], [-74.2355962388924, 5.059028041418247], [-74.23559101924232, 5.05901914257146], [-74.23558125521292, 5.0590015218382], [-74.23557523859998, 5.058993936491906], [-74.2355662751859, 5.0589826361690475], [-74.2355446310131, 5.0589544363824706], [-74.23553692330711, 5.058944394070512], [-74.2355060036686, 5.058911155868498], [-74.2354882423647, 5.058878296118573], [-74.23548541391962, 5.058876088336493], [-74.2354871933652, 5.058873747807592], [-74.23548728337369, 5.058873630010075], [-74.2354872168972, 5.058873309832567], [-74.2354868480669, 5.05887152171794], [-74.23548368877653, 5.058856153137042], [-74.23549907755954, 5.0588679080928385], [-74.23553253514031, 5.058899572507686], [-74.23556338728926, 5.05894242267963], [-74.2355781294085, 5.058962896751994], [-74.23559148517997, 5.058984594062366], [-74.23559396245838, 5.058988617571052], [-74.23564585952735, 5.059072919668723], [-74.23564979832992, 5.059078722873605], [-74.23565719364682, 5.059089616304632], [-74.2356577998941, 5.059090509104834], [-74.2356787534356, 5.059121369451723], [-74.23567953250928, 5.059122517079878], [-74.23571133245247, 5.059169350233812], [-74.2357634734825, 5.059238115283443], [-74.23581978346914, 5.059283220528894], [-74.23585532830397, 5.059301648027861], [-74.23586611892564, 5.059307241814454], [-74.23589509880084, 5.059322030004703], [-74.23591187291333, 5.059330588308966], [-74.23595164143681, 5.0593508798038025], [-74.23597845428125, 5.059338739424872], [-74.23600060367733, 5.059349763042324], [-74.2360784191919, 5.059388489003092], [-74.23609797153946, 5.0594003708115505], [-74.23611673343731, 5.059411767337555], [-74.2361446644422, 5.059428730879042], [-74.23614663197044, 5.0594299305273385], [-74.23616435848196, 5.059414950981319], [-74.23617269437486, 5.0594074839300855], [-74.23620635680282, 5.059377319241844], [-74.23621256682976, 5.059371753642287], [-74.23622004156184, 5.059365054611597], [-74.2362451757688, 5.0593422876701055], [-74.23626309877166, 5.059326722332789], [-74.23628592500997, 5.059306895916528], [-74.23632425712428, 5.059274932590818], [-74.23636339282956, 5.059242298167671], [-74.23637688192188, 5.059230584035832], [-74.23638184461875, 5.059226274888117], [-74.23638698927763, 5.059221804336192], [-74.2364138485398, 5.059198474018647], [-74.23644116539597, 5.059175207068871], [-74.23649136776325, 5.059132449270679], [-74.23649155873812, 5.059132282420395], [-74.23653023558744, 5.059099405471975], [-74.23656016773478, 5.059073961973772], [-74.23652884415543, 5.0590337756343695], [-74.23650068276716, 5.058997635919068], [-74.23646151233625, 5.058948260782649], [-74.23644281791837, 5.058923919866304], [-74.23643793687145, 5.058917525812769], [-74.23641664603596, 5.058889620359009], [-74.23640738505726, 5.058877480046568], [-74.23639387030444, 5.05885950546747], [-74.23636114903366, 5.058815979398852], [-74.23634999026656, 5.058800873106887], [-74.23632260490255, 5.058763787271937], [-74.23631320668377, 5.058744466614563], [-74.23628819594818, 5.058712939947598], [-74.23627671615206, 5.0586984106326245], [-74.23622463829311, 5.05863249657466], [-74.23619798216973, 5.0585978686242], [-74.23616011959669, 5.058548677353876], [-74.23613743805134, 5.058519206495211], [-74.23612426775249, 5.058526782296431], [-74.23611309043896, 5.058510455438796], [-74.23610608980084, 5.05850022901292], [-74.23610109969097, 5.058492942111684], [-74.23608135551706, 5.058464116207373], [-74.23607402641963, 5.058453405427117], [-74.23604855045097, 5.058420155056797], [-74.23602034722582, 5.058383335871363], [-74.23600523567575, 5.05836360808054], [-74.23596565533586, 5.058307871927983], [-74.23594463382386, 5.058278269408013], [-74.23593253841744, 5.058261232207452], [-74.23589896170354, 5.058220501797994], [-74.23586722270535, 5.058181986485154], [-74.23583190214617, 5.058118117866562], [-74.23582007607106, 5.058127474485728], [-74.23580323026748, 5.058111070663112], [-74.23585723230885, 5.058022181864204], [-74.23586860581689, 5.058011608228117], [-74.23588754114452, 5.058036923198731], [-74.23591905146819, 5.05807904372826], [-74.23595095850438, 5.05812147565941], [-74.23598240329346, 5.0581632922911846], [-74.23602850115468, 5.058225735162206], [-74.23607226503543, 5.0582850102016845], [-74.236079932786, 5.058295396412971], [-74.23608786468044, 5.058306134092882], [-74.2360891320676, 5.058307841773865], [-74.23611366109381, 5.058340877699218], [-74.23613689288337, 5.058372166187327], [-74.23617125622296, 5.058418488638987], [-74.2362032023867, 5.058461550225238], [-74.23622107018906, 5.058485855634027], [-74.23623562604759, 5.058505650529169], [-74.23625897732614, 5.058537134221757], [-74.23626885771333, 5.0585504505195455], [-74.23633825754534, 5.058642608226453], [-74.23643244517288, 5.058767669229264], [-74.23648264972262, 5.058833516262253], [-74.23648285144725, 5.058833783702208], [-74.23650720789362, 5.058865721487641], [-74.23651813509956, 5.058880050982451], [-74.23654439477488, 5.058914489658237], [-74.23658428451817, 5.058966802251516], [-74.23659216512776, 5.058977132852638], [-74.23665273248687, 5.059066558536856], [-74.23668586375702, 5.0591154783007255], [-74.23675323347848, 5.059215704414564], [-74.23677230371645, 5.059244076450202], [-74.23678865028977, 5.059268400118448], [-74.23679722274122, 5.059280027802431], [-74.23681159309436, 5.059299523536352], [-74.23681668446451, 5.059306432927762], [-74.23684659939525, 5.059347010100062], [-74.23684967972461, 5.059351188078266], [-74.23688884175223, 5.0594046620004685], [-74.23689184253236, 5.0594087632210565], [-74.23692925765941, 5.059459851765942], [-74.2369432366877, 5.05947901617545], [-74.23696204035217, 5.0595047982283665], [-74.2369678681921, 5.059512749461844], [-74.23697509013178, 5.059522609904783], [-74.23697809812302, 5.059526706586842], [-74.23700120051598, 5.0595582305211515], [-74.23700153970239, 5.059558660564837], [-74.23702490220116, 5.0595879328242255], [-74.2370549252255, 5.059625547413415], [-74.23706651661053, 5.059640851013492], [-74.23706709735814, 5.059641618996169], [-74.23708565585417, 5.059666108532329], [-74.23712372902207, 5.059716361563269], [-74.23712869068409, 5.0597229110824005], [-74.23715054098535, 5.059751749197307], [-74.23720640107535, 5.0597086240426865], [-74.23723547154185, 5.059687480024419], [-74.2372637797056, 5.059666894826565], [-74.23729271898164, 5.059646041502387], [-74.23731806563057, 5.059627779187649], [-74.23733536828287, 5.059615312187397], [-74.23733209734577, 5.059611021474958], [-74.23736964885039, 5.059584255931914], [-74.23737351405812, 5.059589783294129], [-74.23740959959187, 5.059563651204865], [-74.23741026819238, 5.0595631667571705], [-74.23742236158313, 5.059554410394226], [-74.23749299569499, 5.059503890913191], [-74.23752618211314, 5.059480157590041], [-74.23753650054806, 5.059472778123634], [-74.23754455394699, 5.059484282825862], [-74.23754513751871, 5.059485112329939], [-74.2375879453385, 5.059455193413812], [-74.23762453811264, 5.059429617712504], [-74.23764252584728, 5.059416799234942], [-74.23766606254316, 5.059400024263296], [-74.23766229687153, 5.059394645102393], [-74.23765716770392, 5.059387317768311], [-74.2376926144099, 5.059361205890202], [-74.23772680054259, 5.0593360274725026], [-74.23776333898029, 5.059309405000727], [-74.23781425130998, 5.059272314419185], [-74.23782014802222, 5.059278044194124], [-74.23783768699869, 5.05926554416006], [-74.23786094974568, 5.059248962432539], [-74.23789942757445, 5.059224882395057], [-74.23790408707129, 5.059221993469921], [-74.2379066962047, 5.059220373392063], [-74.23793399164359, 5.059203440127672], [-74.23797480231079, 5.059178120558729], [-74.23797473080779, 5.059178004879234], [-74.23797136383699, 5.05917256071675], [-74.23796721032299, 5.0591658386509435], [-74.23795064241847, 5.059139019969728], [-74.23794794158789, 5.059134645833303], [-74.23795057322373, 5.059132996758341], [-74.23803049831389, 5.059082899224463], [-74.23803904030825, 5.059077543596198], [-74.23811270623513, 5.059031366810783], [-74.23814223010427, 5.059012861240254], [-74.23814946349177, 5.059008326968081], [-74.23831138142837, 5.059161467515857], [-74.23831012036213, 5.05916071531197], [-74.23823699634838, 5.059201466727542], [-74.23819076720973, 5.059227228263266], [-74.2381163400274, 5.059269296853506], [-74.23807797495824, 5.059290982550589], [-74.23809056152281, 5.059315259070957], [-74.23806666987915, 5.059328049934473], [-74.23806337886036, 5.059329810657439], [-74.23805261688462, 5.059308910127746], [-74.23804450033174, 5.05929313935853], [-74.23798309897451, 5.05928059383501], [-74.23796913047286, 5.059288819043956], [-74.23793209925162, 5.059310625239528], [-74.23792579729196, 5.059314336159843], [-74.2378857061163, 5.059337942446072], [-74.23781593298757, 5.059379025822259], [-74.23776768854135, 5.0594074287171695], [-74.2377541388763, 5.059418116025052], [-74.23772672511117, 5.059439740969642], [-74.23769396048766, 5.0594655844250465], [-74.23762346959424, 5.05952118327333], [-74.23751891395405, 5.059603652299458], [-74.23748808819701, 5.059627965623643], [-74.23746328452052, 5.059647531647926], [-74.23745467018311, 5.059668484587808], [-74.23743963963973, 5.059679561980846], [-74.23742621568039, 5.059689454617931], [-74.23738556530836, 5.059719861626115], [-74.2373530972648, 5.05974414641503], [-74.23728814315106, 5.059792730501163], [-74.23723844448008, 5.0598275051310315], [-74.23721191274869, 5.05984607010668], [-74.23724985995631, 5.059898403532401], [-74.23725246545796, 5.059901994285402], [-74.23727536766671, 5.059933571969488], [-74.23728556442038, 5.059947631393579], [-74.23734690329944, 5.060032220166998], [-74.23735947239037, 5.06004967534711], [-74.2373719175346, 5.060066957039351], [-74.23737944288438, 5.060077406833545], [-74.2374149481643, 5.060127693695081], [-74.23742901575729, 5.060147389043174], [-74.237466720211, 5.060200161745601], [-74.23748898299858, 5.060231423048836], [-74.23751293764604, 5.060265062587711], [-74.23753809376227, 5.06030037825872], [-74.23753843122738, 5.0603008517362715], [-74.23755559119867, 5.060324883371628], [-74.23756786925367, 5.060342074895318], [-74.23756913406095, 5.060343845008459], [-74.23757759045499, 5.060355636667919], [-74.2376009403082, 5.060388195199751], [-74.23760940574728, 5.060399997698995], [-74.23764533506629, 5.060369045040271], [-74.2376818292162, 5.060337608130541], [-74.23769065393394, 5.0603305002430075], [-74.237745104986, 5.060286632165449], [-74.23775056496935, 5.060282382679807], [-74.23781292414, 5.060233869555063], [-74.23783162053296, 5.060219322424699], [-74.23787342726294, 5.060186798627233], [-74.2379108209463, 5.0601577052670565], [-74.2379184144743, 5.060151800418174], [-74.23797078467194, 5.060191442447334], [-74.23796472758517, 5.0601962875380275], [-74.23793126990167, 5.060223048912588], [-74.23791100933131, 5.060239253033944], [-74.23785688113325, 5.060282544138592], [-74.23785282891978, 5.060285448191198], [-74.23782667553901, 5.060304155429508], [-74.2378059611823, 5.060318980575377], [-74.23778616065212, 5.060332739008861], [-74.23778264805046, 5.0603351814798385], [-74.23776664218163, 5.060346305082433], [-74.23771323480409, 5.0603885868395615], [-74.23764157386998, 5.060445318060376], [-74.23765022293712, 5.060457835010524], [-74.23766334717325, 5.060476820064269], [-74.23766537209576, 5.060479729694464], [-74.23767055019621, 5.060487160081363], [-74.23768498245997, 5.060507866304613], [-74.23768726627596, 5.060511212464883], [-74.23769422178457, 5.060521405469905], [-74.23771433547225, 5.060550874811838], [-74.23772406249533, 5.060565122418204], [-74.23772529851193, 5.060566936016885], [-74.23775030701725, 5.060602432918495], [-74.23776082938991, 5.060617367566982], [-74.23777179761038, 5.060633304801309], [-74.23777770246348, 5.060641885625398], [-74.2378026266118, 5.060678096582613], [-74.23780492847372, 5.060681441802856], [-74.23782864560268, 5.060715902441431], [-74.23783195272391, 5.060720710633246], [-74.23783496032165, 5.06072506880039], [-74.23784170841348, 5.060734845984866], [-74.23785076739802, 5.0607479719911845], [-74.23785530864978, 5.060754550353612], [-74.23785818678307, 5.060758680755017], [-74.23785988417768, 5.060761122316769], [-74.23788086447512, 5.060791258650458], [-74.23788561644051, 5.060798085433468], [-74.2378889886396, 5.060802951408452], [-74.2379083839913, 5.0608309400284135], [-74.23793051003844, 5.060862868414382], [-74.23795201086645, 5.060893893180707], [-74.23796566162777, 5.0609135911151375], [-74.23797443640588, 5.060926252587604], [-74.23798737237163, 5.060944917685858], [-74.23800035613182, 5.060936039265867], [-74.2380129902534, 5.06092740400409], [-74.23803785747677, 5.060910403881065], [-74.23806519204784, 5.060891717897127], [-74.23808120545425, 5.0608807598517584], [-74.23811975298243, 5.060854385945563], [-74.23813599708075, 5.060843270020683], [-74.2381508778216, 5.060833129376485], [-74.23816239905806, 5.060825275284745], [-74.23817316693923, 5.060817939281619], [-74.2381942602238, 5.0608035630901655], [-74.23820909950598, 5.060793448763919], [-74.23824936199141, 5.060765470958733], [-74.23827821436953, 5.0607454230370035], [-74.23830015006648, 5.060730388338011], [-74.2383195445382, 5.060717099358384], [-74.2383454559415, 5.060699262088093], [-74.23834688425079, 5.060698279444187], [-74.23836572169581, 5.060685310927821], [-74.2383988772601, 5.0606624308517985], [-74.23841315578616, 5.060652576371252], [-74.23841625119482, 5.06065044052169], [-74.23842966462816, 5.06064118306228], [-74.2384456309836, 5.06063016357346], [-74.23850507680771, 5.060588917989438], [-74.23855008379647, 5.060557688247885], [-74.23856005058947, 5.060551871144254], [-74.23857473981597, 5.060539248956876], [-74.23858475544039, 5.060530641315478], [-74.23863526180774, 5.060377350792858], [-74.23863548159326, 5.060376676286659], [-74.23863588185469, 5.060376956918105], [-74.23874365693152, 5.060452957786193], [-74.23877405535217, 5.060474390768228], [-74.2387470180954, 5.060494714821211], [-74.23871298522967, 5.060520299265149], [-74.23871364920687, 5.060532090426017], [-74.23871574292667, 5.060569269721037], [-74.23872590865244, 5.060582176439484], [-74.23873177620811, 5.060589644403012], [-74.2387619351976, 5.060627984276805], [-74.23876216405003, 5.060628281522621], [-74.23879131722109, 5.060665337578443], [-74.23882235489668, 5.060704530815346], [-74.23882307306276, 5.060705436969247], [-74.23884226730935, 5.06072967458148], [-74.23884741502786, 5.060736305158417], [-74.23884845431868, 5.060737632340928], [-74.23886767928359, 5.060762363921138], [-74.23888065301512, 5.060779053716805], [-74.2388942075552, 5.060796067228897], [-74.2389111113945, 5.0608172889529355], [-74.23891609326921, 5.060823540729524], [-74.23891683765612, 5.060824474882285], [-74.23895448607253, 5.060867158898819], [-74.23891115611129, 5.060894861213264], [-74.23890952634773, 5.060891450471051], [-74.23889231078714, 5.060869060325197], [-74.23887091797671, 5.060841237527944], [-74.23880890868021, 5.0607605861874925], [-74.23877822244285, 5.060720674761363], [-74.2387760505976, 5.06071784956473], [-74.23865916812613, 5.060565827437406], [-74.2386346326466, 5.060585019305358], [-74.23850213276266, 5.0606886729514216], [-74.23836827811414, 5.060775542169015], [-74.23824578714634, 5.060853813818944], [-74.23821576101125, 5.060873000792784], [-74.23813793746304, 5.060922730644098], [-74.23813711824904, 5.060923254287646], [-74.23810004451965, 5.0609469444158535], [-74.23806381794053, 5.060970093654213], [-74.23802492371681, 5.060994940896887], [-74.23811126416818, 5.0611349748624015], [-74.23811872501014, 5.061147076049583], [-74.2381502699861, 5.06119823722417], [-74.23818784030064, 5.061259169717492], [-74.23821847384825, 5.06130885687805], [-74.23822002973513, 5.061311379237111], [-74.23822013289704, 5.061311535572568], [-74.23822102492898, 5.06131086973387], [-74.23844816166311, 5.061140505107754], [-74.23847266262288, 5.061122127638713], [-74.23849379190644, 5.061106279236778], [-74.23849624092095, 5.0611044423061875], [-74.23853293198906, 5.061076922813997], [-74.2386284967002, 5.0610052444090545], [-74.23862926888825, 5.0610046656612875], [-74.23870711021803, 5.0609462811853225], [-74.23872663204436, 5.060931639254695], [-74.23873286810648, 5.060926961204794], [-74.23873327251634, 5.060927525034693], [-74.23876840632232, 5.060976458894003], [-74.23876858117222, 5.0609763536012045], [-74.23877133778491, 5.060980160306209], [-74.23876478440306, 5.060984994591392], [-74.23875659021103, 5.0609910462744425], [-74.23870431919477, 5.061030638640856], [-74.23857661991674, 5.061125445826438], [-74.23855278463766, 5.061143224848793], [-74.2385299513164, 5.061160256388165], [-74.23852891241378, 5.061161031085656], [-74.23852886556038, 5.061161066462974], [-74.2385164988138, 5.06117032463919], [-74.23850792633687, 5.061176741683429], [-74.2385019398375, 5.061181222005514], [-74.23848065641249, 5.0611971530410385], [-74.23847620808516, 5.061200534692346], [-74.23846370644533, 5.061210032901407], [-74.23843037054073, 5.061235360851497], [-74.23842648800286, 5.061238286299458], [-74.23836835797624, 5.061282045660704], [-74.23835511281898, 5.061292017602839], [-74.23832275849959, 5.061316327566859], [-74.23827556143961, 5.061351786068798], [-74.23825750742668, 5.061365352980582], [-74.2382593338486, 5.061368264796722], [-74.23827674456382, 5.061396007463768], [-74.23830671484225, 5.061443755965285], [-74.23832328746855, 5.061470161108997], [-74.23834757325486, 5.061509436043127], [-74.2383607542971, 5.061530748143245], [-74.23837269353288, 5.061549576190809], [-74.23837947044377, 5.06156026355246], [-74.23838927469617, 5.06157572253851], [-74.23838975350085, 5.061576498857428], [-74.23839888263609, 5.061591388197178], [-74.23845063161278, 5.061538693333016], [-74.23845580177475, 5.0615334011447155], [-74.23855075580374, 5.06143617197542], [-74.23855176354252, 5.061435142180079], [-74.23859737970447, 5.061387816439187], [-74.2385980019825, 5.061387171926728], [-74.23861480898645, 5.061369814415163], [-74.23864050533771, 5.061343275951559], [-74.23864157786237, 5.061342151026826], [-74.23865666888136, 5.061326338598773], [-74.2386822014966, 5.061299583292331], [-74.23873078702313, 5.061256444770994], [-74.23882292168693, 5.0611741648682065], [-74.2388501832075, 5.061149818482629], [-74.23889841034244, 5.061107551069797], [-74.23902270481737, 5.0610045337393625], [-74.23913397224234, 5.060912313119898], [-74.23914886501262, 5.060899969213334], [-74.23923902482679, 5.060839255653794], [-74.23939250501137, 5.060735909176409]], [[-74.23810882050532, 5.061318059480321], [-74.23806967562152, 5.0612552181211745], [-74.23806942853174, 5.061254820475658], [-74.23806398444961, 5.06124607952858], [-74.23804646654297, 5.061217952511723], [-74.23804214386551, 5.061211014523178], [-74.23803931095543, 5.061206467822777], [-74.23803928018371, 5.06120641902168], [-74.23801356493564, 5.06116513178161], [-74.23799802193463, 5.061140179596428], [-74.2379973062477, 5.061140577272917], [-74.23797196536964, 5.0611547679515425], [-74.23795071306614, 5.061166668873899], [-74.23793914760356, 5.061173097062411], [-74.23791850716238, 5.061184570647199], [-74.23789510493194, 5.061197582264938], [-74.23788167812685, 5.061205037354838], [-74.23786621963467, 5.061213621011402], [-74.23784548272334, 5.061225137305092], [-74.23783258873455, 5.061232353409818], [-74.23781643992695, 5.0612413916966], [-74.2377943691566, 5.061253738443101], [-74.23778111079683, 5.061261043010463], [-74.23777124432016, 5.0612664789880775], [-74.23776679692295, 5.0612689286758], [-74.23775999873439, 5.061272674025724], [-74.2377519503359, 5.061277108518722], [-74.23773320619058, 5.061287434790263], [-74.23769987442884, 5.061306419054826], [-74.23769089522115, 5.061311532126872], [-74.2376728742753, 5.06132161633447], [-74.23765155884341, 5.0613335418002325], [-74.2376500562353, 5.061334363528372], [-74.23764158953604, 5.061338996973993], [-74.23761358714454, 5.061354322841242], [-74.23759626199632, 5.061363990408017], [-74.23754672563697, 5.0613916285100755], [-74.23754519602093, 5.061392482862954], [-74.23750468954893, 5.061415087418836], [-74.23747527427321, 5.061431446564463], [-74.2374264579294, 5.061458596494047], [-74.23738947925729, 5.061479160282073], [-74.23738879020058, 5.0614793271796845], [-74.23738813653549, 5.061479599872884], [-74.23738753359109, 5.061479972903458], [-74.23738698676755, 5.061480439022603], [-74.2373865222132, 5.06148098822739], [-74.2373861507266, 5.061481605115361], [-74.23738588310468, 5.061482273379246], [-74.23738572653326, 5.061482975813819], [-74.23738568368664, 5.061483695222555], [-74.23738575723569, 5.061484412599228], [-74.2373859444356, 5.061485108043203], [-74.23738623983981, 5.061485764373438], [-74.237386638, 5.061486363504031], [-74.23738712625965, 5.0614868927918195], [-74.23739464278506, 5.0614988599706825], [-74.23742029850774, 5.06153969494823], [-74.23743490073728, 5.06156293523085], [-74.23744926107089, 5.061586136163363], [-74.23747137719883, 5.061621857561192], [-74.23747177363194, 5.061622497411621], [-74.23749174195827, 5.061654749333355], [-74.23751268326843, 5.061688571960448], [-74.23751657882659, 5.061694866542053], [-74.23752987161525, 5.061716588331689], [-74.23754891110993, 5.061747707389124], [-74.23758786156769, 5.061819818970577], [-74.23760201374859, 5.061846010703506], [-74.23760710495928, 5.0618551920684665], [-74.2376184462985, 5.06187563003495], [-74.23763082798412, 5.061897949834302], [-74.23763781422187, 5.061910532389971], [-74.23765019967139, 5.0619329327098175], [-74.237655449376, 5.061942422312518], [-74.23765645266373, 5.061944745765547], [-74.23765781200629, 5.06194687852715], [-74.23765949391644, 5.06194876727729], [-74.23766145408415, 5.06195036143114], [-74.23766364281141, 5.061951623986338], [-74.23766600498791, 5.061952518855678], [-74.23766791421502, 5.061952947707025], [-74.23766986178259, 5.061953134899868], [-74.23767181791065, 5.061953078681507], [-74.23772785542295, 5.061921586295444], [-74.23775300288803, 5.061907686433026], [-74.23780228377217, 5.061880449628936], [-74.23784225344247, 5.061858356391249], [-74.23784861991858, 5.0618548715459495], [-74.23786033791923, 5.061848461160676], [-74.23789627738421, 5.061828514604416], [-74.23794219052554, 5.0618030377594865], [-74.23796507347654, 5.061790257855449], [-74.23797507322051, 5.061784674134034], [-74.23801830178039, 5.061760533398438], [-74.23804153621838, 5.061747060638101], [-74.23807175146041, 5.061729549919445], [-74.23808254036018, 5.061723295125969], [-74.23810909647896, 5.061708048912003], [-74.23812596230782, 5.061698363208414], [-74.23817688518379, 5.061669124510847], [-74.23819825412241, 5.061656868668355], [-74.23821986642112, 5.061644473018741], [-74.23822338434333, 5.061642453986649], [-74.23822937013433, 5.061639021440918], [-74.23823718924503, 5.061634535805853], [-74.2382796458922, 5.061610182092797], [-74.23828087012213, 5.0616095916229895], [-74.23828198028995, 5.061608806836433], [-74.23828294485239, 5.061607847699354], [-74.2382837358892, 5.061606741409521], [-74.23828433450848, 5.061605517861934], [-74.23828472183038, 5.061604213285223], [-74.23828488799306, 5.061602861176317], [-74.23828482765661, 5.061601500452435], [-74.23828454359855, 5.061600168205602], [-74.23828256598773, 5.0615969933781875], [-74.2382547219514, 5.06155229184174], [-74.23820684567934, 5.06147543082485], [-74.23820631349194, 5.06147457769866], [-74.23818684331611, 5.061443322862716], [-74.23817911117241, 5.061430906416447], [-74.23817552794831, 5.061425156845211], [-74.23816936251308, 5.061415259117916], [-74.23816540729223, 5.061408908556961], [-74.23815290897764, 5.061388841978064], [-74.23814010926807, 5.061368290090207], [-74.2381326631415, 5.061356337265328], [-74.23812051600217, 5.061336834617401], [-74.23810882050532, 5.061318059480321]], [[-74.23732269917025, 5.061526089376473], [-74.23732113991034, 5.061526064306718], [-74.23731982557082, 5.061526245066477], [-74.23731855038174, 5.061526610333423], [-74.23731733959603, 5.061527153725578], [-74.23731621845451, 5.061527862527348], [-74.23731520859047, 5.061528724934818], [-74.23729910428757, 5.061537925088747], [-74.23727906739742, 5.06154935859832], [-74.23727070838041, 5.061553681483535], [-74.23725164842075, 5.061563541464419], [-74.23723388562134, 5.061572727594637], [-74.23722429105825, 5.0615778599339745], [-74.23720295387393, 5.061589269686657], [-74.23719007187535, 5.061596156406891], [-74.23716311532488, 5.061610571828566], [-74.23711038125461, 5.061638769761682], [-74.23709907221166, 5.061644817427464], [-74.23706345403987, 5.06166386303951], [-74.23704176259524, 5.061675461666288], [-74.2370341349084, 5.061680022927685], [-74.23701361955736, 5.06169229067872], [-74.23701309860834, 5.061692602929893], [-74.23701187008501, 5.061693309221988], [-74.23699628778027, 5.061702279455253], [-74.23698377813189, 5.0617094812410945], [-74.23697301527108, 5.061715676251312], [-74.23696250298971, 5.061720781386885], [-74.23693560253925, 5.061733860284374], [-74.23691142645366, 5.061747548345305], [-74.23689947541594, 5.061754314752232], [-74.23689805398341, 5.061755120037378], [-74.23687606621897, 5.061767483793746], [-74.23686712112654, 5.061772513549364], [-74.23686554914755, 5.061773393316776], [-74.2368590602585, 5.061777041253809], [-74.23685880063981, 5.061777172947734], [-74.23683722083517, 5.061788170559791], [-74.23683336803917, 5.061790134126779], [-74.23680324880026, 5.061805483917529], [-74.2367557441886, 5.061829688849613], [-74.2367663967645, 5.061847610961091], [-74.23677778436013, 5.0618667613103066], [-74.23678656764767, 5.061881528286576], [-74.23679411893781, 5.061894222877785], [-74.23679468923123, 5.06189518631999], [-74.23680980306003, 5.061922221336772], [-74.23681634366224, 5.061933919848422], [-74.23684058661966, 5.061977276553442], [-74.23684888511927, 5.061992390093058], [-74.23686198252099, 5.062016236776239], [-74.2368645304731, 5.062020877223001], [-74.23687240521532, 5.062035216146099], [-74.23689489686735, 5.062075298052319], [-74.23691164201124, 5.062105133061244], [-74.23694180773664, 5.062158888326713], [-74.23696304973464, 5.062197098746442], [-74.23699867156782, 5.062261170222369], [-74.23700266537507, 5.062268359480447], [-74.23702790478299, 5.062313751003879], [-74.23707397081166, 5.062288915425149], [-74.23709575133468, 5.062277175471525], [-74.23714708964519, 5.062249498652735], [-74.23715563310859, 5.062244892207689], [-74.237189005617, 5.062226898649279], [-74.23723118840205, 5.062204156078177], [-74.23725914424438, 5.062189002220343], [-74.23729251926565, 5.062170910028464], [-74.23731746174589, 5.062157390591934], [-74.23733316583292, 5.062148877047637], [-74.2373337499358, 5.062148560151407], [-74.23737022123989, 5.06212878903889], [-74.23738254239602, 5.06212211058725], [-74.23741189719046, 5.062106196721906], [-74.23759087974433, 5.0620091716807964], [-74.23758389291353, 5.061995802842841], [-74.23757749834286, 5.061983560270378], [-74.23753653366595, 5.061905160466842], [-74.23747464566246, 5.061786730070921], [-74.23746327746285, 5.061764974743109], [-74.23745019493552, 5.061739940027334], [-74.23744337655498, 5.061726892978067], [-74.23744333489354, 5.061726811624464], [-74.23744247751715, 5.061725297700156], [-74.2374366751097, 5.061715077156529], [-74.23742403547655, 5.061692813037446], [-74.23741521552299, 5.061677274336682], [-74.23740877755128, 5.061665930323811], [-74.23740582338365, 5.0616607260523], [-74.237398740805, 5.0616482486347705], [-74.23739435137803, 5.061640846599174], [-74.23738074590213, 5.061617917476533], [-74.23736555175793, 5.0615923077118845], [-74.2373546501799, 5.061573935491737], [-74.23735190373436, 5.061569304474688], [-74.23733688249959, 5.06154399115725], [-74.23733104200802, 5.061534145277443], [-74.23733070073784, 5.061532619508914], [-74.23733011238023, 5.061531172026488], [-74.23732929144622, 5.061529841709427], [-74.23732826147003, 5.061528667419782], [-74.23732705318893, 5.061527679862446], [-74.23732569643451, 5.061526907934474], [-74.23732423185236, 5.061526373273723], [-74.23732269917025, 5.061526089376473]], [[-74.23720665376266, 5.062304087154742], [-74.23718231499146, 5.06231763981817], [-74.23716680061904, 5.062326276052368], [-74.23711471198814, 5.062355596544557], [-74.2370658466126, 5.062383103057007], [-74.2370726960448, 5.062395869558602], [-74.23708770521294, 5.062423844864292], [-74.2370879080479, 5.062424220879226], [-74.23710242822813, 5.062451283256756], [-74.23711947106936, 5.0624820197857305], [-74.23713157119987, 5.062503847914946], [-74.23716426715986, 5.062556694416561], [-74.23717468942198, 5.0625735366078946], [-74.23718902988306, 5.062596714055137], [-74.23720218977856, 5.0626230425095216], [-74.23721947859634, 5.062657383341083], [-74.23722649266796, 5.062671314924857], [-74.23722914557771, 5.0626765785848935], [-74.23723765594247, 5.062693485050629], [-74.23727033287754, 5.062742957528417], [-74.23727268568805, 5.06274651890235], [-74.23729833224748, 5.062785348823602], [-74.2373252442206, 5.06283053535469], [-74.23733704276356, 5.0628503454138185], [-74.23736568835186, 5.062897084907699], [-74.23736580511238, 5.06289727469538], [-74.23737992817638, 5.062920476980277], [-74.23740879523129, 5.062967896467149], [-74.2374373139307, 5.062950255996156], [-74.23745279313951, 5.062940680623591], [-74.23748583817324, 5.062920814705431], [-74.23752597007436, 5.062896687138777], [-74.23756537442819, 5.062873366245269], [-74.23759495721193, 5.062855859457129], [-74.23764191075846, 5.0628284560864305], [-74.23765580955644, 5.0628200753712465], [-74.23766880255432, 5.0628122392757104], [-74.23767836550134, 5.062806608434576], [-74.23770700116795, 5.062789749490355], [-74.23774132208989, 5.062769419668566], [-74.23776690843118, 5.062754263982639], [-74.23780564791207, 5.062731026687843], [-74.23782513662165, 5.062719336332069], [-74.23786861937616, 5.0626936026329625], [-74.23789411650492, 5.062678512260577], [-74.23793373805185, 5.062654117826854], [-74.23795320453618, 5.062642130732025], [-74.23792161019382, 5.0625878299550235], [-74.23790667212928, 5.062562151863825], [-74.23789179472797, 5.062536582233579], [-74.23786497212636, 5.0624904771757455], [-74.23786304025136, 5.062487154775247], [-74.23784923289709, 5.0624634243926065], [-74.23782885410475, 5.062428399119699], [-74.23776755386373, 5.0623230295425925], [-74.23775119543578, 5.062294914782882], [-74.2377498447556, 5.062292592899168], [-74.23774369336365, 5.062282016531522], [-74.23772555243073, 5.062250833336449], [-74.23768334189825, 5.062178282837974], [-74.23766982787019, 5.062155056773328], [-74.23766534762069, 5.0621473481830686], [-74.23766099683988, 5.062139869167914], [-74.2376257578664, 5.062079289590946], [-74.23760287406388, 5.062091156531693], [-74.23759090211878, 5.062097364721109], [-74.23754087614101, 5.062123309960614], [-74.23749656843118, 5.0621460656576005], [-74.23748024781719, 5.0621544509953535], [-74.23741842097564, 5.062194018131248], [-74.23737369490692, 5.062216472413802], [-74.23734723607893, 5.0622297576895], [-74.23726984819919, 5.062268607177841], [-74.23724102176624, 5.0622847914737115], [-74.23722130719231, 5.062295859731222], [-74.23720665376266, 5.062304087154742]], [[-74.2370318497154, 5.06246236907713], [-74.23700677526644, 5.06241594484784], [-74.23698406042755, 5.06242889632108], [-74.2369800746735, 5.062431169590072], [-74.23697767438452, 5.06243253682566], [-74.23697632596999, 5.062433305779233], [-74.23697557420016, 5.062433709857715], [-74.23696027554954, 5.062441909555868], [-74.23694699605291, 5.062449030477243], [-74.2369329837471, 5.062457036801537], [-74.23691705968645, 5.062466134364285], [-74.23690726810533, 5.062471585573462], [-74.23687451141429, 5.062489818626119], [-74.23684180159881, 5.0625080289676445], [-74.23677230347127, 5.06254635573785], [-74.23674645552215, 5.062560609788531], [-74.2367301928397, 5.062569578606382], [-74.23670258661534, 5.0625849697463385], [-74.23667279907582, 5.062601576598001], [-74.23659890393874, 5.062642772775127], [-74.23650765743012, 5.0626936410699654], [-74.23654377288649, 5.062760589844484], [-74.23656668459876, 5.0628032894891355], [-74.2365755116946, 5.0628197357168485], [-74.23657946523349, 5.062827101493337], [-74.23662540784085, 5.062913483176247], [-74.23664789285881, 5.062955756558168], [-74.23667173007323, 5.063000198908598], [-74.23667954481861, 5.063014772293192], [-74.23667961545063, 5.063014904261075], [-74.23669523445514, 5.063044230202861], [-74.23670230050683, 5.063057502085291], [-74.2367042202813, 5.063061105910461], [-74.23670428729372, 5.063061232456363], [-74.23674519705175, 5.063136837451659], [-74.23674537181, 5.063137158326677], [-74.23675600046677, 5.063157197742549], [-74.23677820046346, 5.06319904549278], [-74.23679288183304, 5.063226403441716], [-74.23680374276455, 5.063246639661639], [-74.23680403797691, 5.06324719465326], [-74.2368306406625, 5.063296766526591], [-74.236872722793, 5.063272296862521], [-74.23687811815925, 5.063269166755233], [-74.23693671276504, 5.0632351704203975], [-74.23694876278178, 5.063228246379829], [-74.23697347031158, 5.063214046069618], [-74.23699741801748, 5.063200286045361], [-74.23701625692593, 5.063189461046014], [-74.23702840248014, 5.063182480723354], [-74.23704478422253, 5.063173008591468], [-74.23706197085313, 5.063163069846877], [-74.23707219738196, 5.063157154537425], [-74.23708723719204, 5.063148540018206], [-74.2371049575945, 5.063138389431103], [-74.2371258453178, 5.063126425877602], [-74.23715148762206, 5.063111737891001], [-74.23719560836946, 5.0630864735083865], [-74.23721930468, 5.063072904874292], [-74.23724874074405, 5.063056050748685], [-74.23728544341853, 5.063035027828986], [-74.2373280273501, 5.063010635903061], [-74.23730207271619, 5.062962592857356], [-74.23728926880068, 5.062938889496737], [-74.23728919091562, 5.062938739446518], [-74.23727833023298, 5.062918637148918], [-74.23725844161433, 5.062881821196232], [-74.23725664598904, 5.062878497628275], [-74.23724501652826, 5.062856970812561], [-74.2372269742374, 5.062823567000851], [-74.23722277539633, 5.062815798152003], [-74.23721724817366, 5.0628055707486395], [-74.23720634945083, 5.062785390707393], [-74.23716479833527, 5.062708471374684], [-74.23716224932379, 5.062703751308793], [-74.23715104184583, 5.062683009966447], [-74.23713354016347, 5.062650611269358], [-74.23712961206452, 5.062643339549484], [-74.23712066745374, 5.062626785883798], [-74.2371176095404, 5.062621120354882], [-74.23711372944535, 5.062613943548534], [-74.23711262380739, 5.062611890829367], [-74.23710168163456, 5.062591633958524], [-74.23709608197792, 5.062581273683935], [-74.23708737370004, 5.0625651538763154], [-74.23707275787413, 5.062538093491408], [-74.23704948267977, 5.062495008209227], [-74.23704295940213, 5.062482935981335], [-74.2370318497154, 5.06246236907713]], [[-74.23645210619502, 5.06276887296651], [-74.23643153752343, 5.062728864281409], [-74.23640407045033, 5.062742940451488], [-74.23637991168246, 5.062755320109919], [-74.23636218293734, 5.0627644075369975], [-74.23635037605432, 5.062770597297704], [-74.23633009126185, 5.062781235027879], [-74.2363149500052, 5.062789174732471], [-74.236304707101, 5.062794547173161], [-74.23628089682553, 5.062807032026516], [-74.23626546350422, 5.062815124296736], [-74.23622850667245, 5.062831572004595], [-74.23622618695128, 5.0628326033982844], [-74.23622355438428, 5.062833772016284], [-74.23618688874868, 5.062850087063372], [-74.23614831706449, 5.062868124895082], [-74.236147527329, 5.062868493757584], [-74.23612175366539, 5.0628805435207545], [-74.23610820790479, 5.062887159146578], [-74.23608420126936, 5.06289888070628], [-74.23607945313306, 5.062901200667558], [-74.236060786016, 5.062910317024495], [-74.236032702849, 5.06292402971883], [-74.2360229848055, 5.062928775927451], [-74.23602001800393, 5.062930222960906], [-74.23601590090763, 5.062932234080175], [-74.23599144469898, 5.062944319326049], [-74.23596309771023, 5.062958328395987], [-74.23594100967543, 5.062969239194319], [-74.2359254790025, 5.062976913620102], [-74.23589552737333, 5.062991712939608], [-74.23588571027139, 5.062996564294226], [-74.23586041049276, 5.063009182272704], [-74.235855570493, 5.063011594699135], [-74.23582359441278, 5.063027538851623], [-74.23579015885025, 5.063044211450037], [-74.23580718329822, 5.0630743065462145], [-74.23583862836536, 5.06312988896466], [-74.23585066518342, 5.063151173452532], [-74.23586594500614, 5.0631781864603465], [-74.23587282755864, 5.0631903421652655], [-74.23588330522841, 5.0632088102279065], [-74.23591596135518, 5.063266359202471], [-74.23597260303437, 5.063366170577577], [-74.23598064845245, 5.063380577951762], [-74.23598762276806, 5.063393061926637], [-74.2359877341196, 5.063393254439406], [-74.23598930037836, 5.063396012036443], [-74.23601428979931, 5.063439954569689], [-74.23601540066811, 5.063441911370902], [-74.23601910536424, 5.06344843162533], [-74.23603158105217, 5.063470363115592], [-74.23603828980924, 5.063482225989257], [-74.23607482671535, 5.0635468214682104], [-74.23610851987341, 5.063606387083943], [-74.23611572024767, 5.0636191194483136], [-74.23612173770265, 5.06361713908119], [-74.23615458257419, 5.063606335307794], [-74.23616383285082, 5.063603294657987], [-74.23618026565481, 5.063597888679089], [-74.23622246359561, 5.063584007863785], [-74.23626288806943, 5.063570393734269], [-74.23631472145998, 5.063552937686876], [-74.2363665305817, 5.063530307956247], [-74.23639982221123, 5.06351576643754], [-74.23644110902016, 5.063497731540437], [-74.23646699562254, 5.063486228052135], [-74.2365008385202, 5.063471186923784], [-74.23655777757754, 5.063445831130078], [-74.23660244366529, 5.063425940329629], [-74.2366104468466, 5.063422384503497], [-74.23668042355904, 5.0633913170385085], [-74.23672064063902, 5.063370193327027], [-74.23675687792492, 5.063351160098992], [-74.23669244466542, 5.0632295522648585], [-74.23667962539095, 5.063205357603654], [-74.23667955838195, 5.063205232867356], [-74.23666548399437, 5.063178673610412], [-74.23665465154541, 5.063158228320377], [-74.23665202991397, 5.063153279472896], [-74.23665168037857, 5.0631526277698535], [-74.23663335249229, 5.063118023794071], [-74.23659894350521, 5.0630530858881775], [-74.23659412225919, 5.063043994480108], [-74.23657209151818, 5.06300241150635], [-74.23656297319064, 5.062984657474684], [-74.23655738518586, 5.062973779618471], [-74.23655248367926, 5.062964236860974], [-74.23654847244583, 5.062956425121419], [-74.23654534697216, 5.062950343503695], [-74.23653450605185, 5.062929234092448], [-74.23651243210115, 5.0628862749752415], [-74.23650431908318, 5.0628704824678525], [-74.23650133398583, 5.062864672025742], [-74.23647791417825, 5.062819076134641], [-74.23646173346896, 5.0627875996090355], [-74.23645210619502, 5.06276887296651]], [[-74.23567232786347, 5.062980976333438], [-74.23564729016012, 5.062937718813006], [-74.2356421281793, 5.062928801769089], [-74.23562157621109, 5.062893295371181], [-74.2356211851271, 5.062892621126245], [-74.23561628205938, 5.062884150565951], [-74.2356072209683, 5.062868490144859], [-74.23560617807317, 5.0628666897454835], [-74.23560143614803, 5.062858497560202], [-74.23559342610979, 5.062844656523648], [-74.23554380001609, 5.0627628574085115], [-74.2355395457499, 5.062755827882752], [-74.23551654754752, 5.0627179202462305], [-74.23549516412535, 5.062682663346712], [-74.2354660913231, 5.062635162696454], [-74.23543114152594, 5.06257806684564], [-74.2354037049362, 5.062534046602839], [-74.23536925487541, 5.062478766659382], [-74.23534167847849, 5.062479942153579], [-74.23529309136786, 5.062482015500343], [-74.2352878583098, 5.062482237211781], [-74.23525450299253, 5.062483658075625], [-74.23521654619802, 5.062485276823288], [-74.23521470470229, 5.062485354531513], [-74.23520702560715, 5.062485662342452], [-74.23515947492665, 5.062487558167972], [-74.23514366108974, 5.062488188230008], [-74.23513110439531, 5.062488688118104], [-74.23513069431615, 5.062492269250977], [-74.23513044223381, 5.062494471145299], [-74.23509689309596, 5.06249931709351], [-74.23508575244915, 5.062500927201049], [-74.23500458158767, 5.0625125550951475], [-74.23498214688402, 5.062515768361212], [-74.23495347431191, 5.062519879338882], [-74.23489724321442, 5.062527931775002], [-74.23485403021583, 5.062528040439849], [-74.23477194254625, 5.062526331279839], [-74.2347710692026, 5.062526387234391], [-74.2347546894545, 5.062527413770499], [-74.23474797230577, 5.062526331756058], [-74.23473289888898, 5.062523904837602], [-74.23470377802659, 5.062518590301879], [-74.23464882026606, 5.062509602630767], [-74.23461348962441, 5.062503820381324], [-74.23459358054427, 5.062500384764582], [-74.23457454248873, 5.062497097685401], [-74.23457085362209, 5.062496534686665], [-74.23450788757368, 5.062486985906971], [-74.23449000377235, 5.062484270276591], [-74.2344579195792, 5.062478427538756], [-74.23444131919733, 5.0624754018227875], [-74.234435875397, 5.062474408763192], [-74.23443047921673, 5.062477115399722], [-74.2344264631704, 5.062479123602284], [-74.23442427545186, 5.062478392159329], [-74.23440912754532, 5.062473322411252], [-74.2343766042744, 5.062462431640559], [-74.2343715210611, 5.062461257834757], [-74.23435554743911, 5.062457568597067], [-74.23432399287307, 5.062450278043554], [-74.23432377170494, 5.062450225985973], [-74.23431785536131, 5.062448901759221], [-74.23428423220435, 5.06244136632334], [-74.23427224473488, 5.062438938034039], [-74.23424148982171, 5.0624327009654735], [-74.23421072046304, 5.062426459398772], [-74.23420909746044, 5.0624261304257985], [-74.23420610669709, 5.0624254113706595], [-74.23408743841102, 5.062396842758159], [-74.23405761948108, 5.062389796801058], [-74.23401955502493, 5.062380800396306], [-74.23398300749449, 5.06237567460989], [-74.23396071243648, 5.0623730669009745], [-74.23393916015154, 5.062370543732982], [-74.23391900678138, 5.062368185288825], [-74.23391141293779, 5.0623672949469185], [-74.23391100361594, 5.062346047961093], [-74.2338853442659, 5.062339405758167], [-74.2338501679329, 5.062330293450504], [-74.2338223780498, 5.062323097939118], [-74.2337978308986, 5.06231673772463], [-74.2337807911679, 5.062312325746046], [-74.2337746983962, 5.062310750311436], [-74.2336897479946, 5.062288748749957], [-74.23366621646001, 5.0622826526101505], [-74.23364850055245, 5.062278062762721], [-74.23364299933111, 5.062276765787357], [-74.23360926440867, 5.06226881431041], [-74.23357514221092, 5.062260768563825], [-74.2335545561314, 5.062255766157564], [-74.23352497876266, 5.06224857856155], [-74.23344010857201, 5.062227950319539], [-74.23342572521551, 5.062224453466622], [-74.23338298318582, 5.062214062562924], [-74.23337900751996, 5.062213096555614], [-74.23334295841303, 5.062204336947798], [-74.2333193063355, 5.062207959641415], [-74.23328874715533, 5.062212635123686], [-74.2332875132986, 5.0622124347954385], [-74.23326938454964, 5.062209496105496], [-74.23325340478975, 5.06220970841163], [-74.23319181365848, 5.062210511576815], [-74.23316240955364, 5.062212859478607], [-74.23313516166817, 5.062215030452687], [-74.23313280590423, 5.062215614925948], [-74.23311664474083, 5.062219619654229], [-74.23309120842109, 5.06222591946674], [-74.23307780647768, 5.062228925452122], [-74.23302967167307, 5.062239717467808], [-74.23292759986128, 5.062262599185898], [-74.2328986682868, 5.062269086610746], [-74.23292488688115, 5.062312789923654], [-74.23300085700727, 5.062439420701697], [-74.23302487011605, 5.06249491794806], [-74.23303570935626, 5.062519962491789], [-74.23305197139071, 5.0625553930321745], [-74.23310265023986, 5.062665789808159], [-74.23312478900493, 5.06271401771304], [-74.2331298520964, 5.062725050431852], [-74.23314976194517, 5.062768421009238], [-74.23318727144314, 5.062836927299465], [-74.23319918636629, 5.0628586889289275], [-74.23322185178898, 5.062900081755808], [-74.23328549464865, 5.063016317911707], [-74.23332879296993, 5.063093116644641], [-74.23336684470506, 5.063160615727362], [-74.23338671121638, 5.0631958593245], [-74.2334035812157, 5.063227350933559], [-74.23341047591168, 5.063240221456362], [-74.23343676976985, 5.063289313663806], [-74.2334665046374, 5.063344826212577], [-74.23346922435474, 5.0633439306921595], [-74.23347469445291, 5.06334213144949], [-74.23355764677638, 5.063314843404138], [-74.23359030954529, 5.063304096199777], [-74.23359506905324, 5.063302530847871], [-74.23366749464962, 5.0632789544963215], [-74.23369546302112, 5.063269850329825], [-74.23369626379284, 5.0632695900266125], [-74.23375446351439, 5.063250402891782], [-74.23379547835026, 5.063236879169938], [-74.2338204057811, 5.063228674751979], [-74.23386582034858, 5.063213721176188], [-74.23395992018531, 5.063182746434081], [-74.23396510712213, 5.063239105601165], [-74.23393455445104, 5.063248660778053], [-74.23390858018074, 5.063256789381667], [-74.23388718429969, 5.063263485078749], [-74.2338795082543, 5.063265884802291], [-74.23387216767888, 5.06326818164222], [-74.23376471120167, 5.063301802176955], [-74.23373950073301, 5.063309686828609], [-74.23358197676026, 5.063362281723821], [-74.23355868623224, 5.063370059561713], [-74.2334990838213, 5.063389958730736], [-74.2334949609954, 5.063391334667376], [-74.2335238437392, 5.0634433354385635], [-74.23354465198133, 5.063480792218635], [-74.23356441908284, 5.063515942798801], [-74.23358713590073, 5.063556335682496], [-74.23360461579401, 5.063588726409815], [-74.23362028831092, 5.063617774575498], [-74.23362917585662, 5.063634243363589], [-74.23364697814982, 5.0636667737205086], [-74.23366909044564, 5.063707179513428], [-74.23368945189793, 5.063744077055669], [-74.23369750484584, 5.063758668132276], [-74.23370928005113, 5.0637800083661375], [-74.2337295599976, 5.063817222746479], [-74.23374986530443, 5.0638544859372265], [-74.23376515723969, 5.063882203838927], [-74.23377680932593, 5.063903328959163], [-74.2337905756141, 5.063928288273139], [-74.23381546159179, 5.063919147444807], [-74.23394115744651, 5.063872975803018], [-74.23394805005526, 5.0638704581351695], [-74.23401891754504, 5.063844594616876], [-74.23407802051507, 5.063823022439051], [-74.23409164163395, 5.063818054370074], [-74.23418724458266, 5.06378315433933], [-74.2342428451274, 5.063760851403619], [-74.23428147499952, 5.063745356983334], [-74.23435060914994, 5.063717623774237], [-74.2344620724669, 5.063679511230339], [-74.2345413878063, 5.063652393766564], [-74.23460237164403, 5.063631542718167], [-74.23460523660182, 5.063626349046994], [-74.23462506195978, 5.063618452012658], [-74.23464803044796, 5.063609302148005], [-74.2346750094479, 5.0635985539687205], [-74.23468520613945, 5.063594489997539], [-74.23472564668008, 5.063578375923051], [-74.23474596432989, 5.063570281601877], [-74.23475683545449, 5.063565951232578], [-74.23479627156235, 5.063550238998582], [-74.2348015438844, 5.06354597631269], [-74.23491854477825, 5.063500771157044], [-74.23497662819904, 5.063478330425361], [-74.2349822793948, 5.063474014536302], [-74.23500488419769, 5.063456761837492], [-74.23504042314758, 5.063429637364795], [-74.23506323066918, 5.063412225935383], [-74.23512378316691, 5.063365708801146], [-74.2351602945113, 5.063337950003533], [-74.23521556518463, 5.06329592358299], [-74.2352713314095, 5.0632535180013765], [-74.2352967337506, 5.063237399118664], [-74.2353030701667, 5.063247536328726], [-74.23532142100136, 5.063234832098883], [-74.23537237150089, 5.063199555685113], [-74.23536830074723, 5.06319365773103], [-74.23540968063682, 5.063169978488541], [-74.23542970583861, 5.063158519704831], [-74.23546293034553, 5.063139506769767], [-74.23547219617758, 5.063134203160503], [-74.2354895497761, 5.063124266847867], [-74.23550112025889, 5.063117597094231], [-74.23551032653354, 5.063112291788613], [-74.23552697695892, 5.063102693408231], [-74.23553504032957, 5.063098043559627], [-74.23555452184728, 5.06308680749028], [-74.2356146081575, 5.063052376818677], [-74.23562206497382, 5.06304810181532], [-74.23563836217845, 5.063038763788719], [-74.23568898436162, 5.063009753822611], [-74.23567232786347, 5.062980976333438]], [[-74.23425263401072, 5.062348717441471], [-74.23426651916378, 5.062351673240028], [-74.23427359751796, 5.062311495926984], [-74.23428705888792, 5.062235135573905], [-74.23429440764951, 5.062220506092747], [-74.23432610121567, 5.062157389137248], [-74.2343280734168, 5.062144868171301], [-74.23432992792858, 5.0621330948066525], [-74.2343400671264, 5.062068732296665], [-74.23432974779374, 5.062050457521803], [-74.2343143725016, 5.0620368150833155], [-74.23430999428201, 5.062032930917072], [-74.23426545093568, 5.062007155322494], [-74.23424417782743, 5.0620086218626215], [-74.23422049387344, 5.061990183454884], [-74.23421961013656, 5.061989516481406], [-74.23418579487128, 5.0619639258227815], [-74.23418309484809, 5.061961878849617], [-74.23416987078296, 5.061955420154035], [-74.23412877367379, 5.061917402168781], [-74.23412595728782, 5.061914898485632], [-74.23408273890277, 5.061876447513805], [-74.23404128294487, 5.061843806613749], [-74.23397244843461, 5.061788176778638], [-74.23394173999635, 5.061810253968677], [-74.2339037062472, 5.061835057752113], [-74.23387063489065, 5.061855850081647], [-74.23386074367494, 5.061862068721631], [-74.23384254434545, 5.061867589294389], [-74.23380663717029, 5.06187848201724], [-74.23367930626031, 5.0619111197243], [-74.23356592985441, 5.061954755993612], [-74.23348444943403, 5.061983500661479], [-74.23346476634438, 5.061990275410938], [-74.23345221418067, 5.061994595384604], [-74.2333756247164, 5.062014011129336], [-74.23336579229944, 5.062016501813671], [-74.23330838334326, 5.062031056540768], [-74.23330429416826, 5.062032092199704], [-74.23319568152147, 5.06204928969349], [-74.2331509023618, 5.062077170899043], [-74.2331512177212, 5.062110754319112], [-74.23321974458506, 5.062123065006179], [-74.23329155354311, 5.062136031758134], [-74.23331643912856, 5.062140523811895], [-74.23334279781254, 5.062145282693367], [-74.23338088981971, 5.06215073040675], [-74.23340582237208, 5.062154294027143], [-74.23345038386942, 5.062160602558143], [-74.23350043558672, 5.06217478427876], [-74.23356604487252, 5.062193567196595], [-74.23363305354974, 5.062219908073758], [-74.23365561769715, 5.062225002618976], [-74.23368785348887, 5.0622322837682106], [-74.23377612964732, 5.062247036856122], [-74.23378590538307, 5.062248918338454], [-74.23379200912812, 5.0622500947288245], [-74.2338657272318, 5.062267249779757], [-74.23391544024786, 5.0622774436858835], [-74.23393456540597, 5.062281462615998], [-74.23408236988344, 5.06231250016035], [-74.23416514728498, 5.062330108409056], [-74.23425263401072, 5.062348717441471]], [[-74.23452768713285, 5.062348448182833], [-74.23452855336389, 5.062351778963235], [-74.23452996874107, 5.062354915066182], [-74.23453189158609, 5.0623577660897014], [-74.23453426760526, 5.062360250703989], [-74.23453702808493, 5.062362296654902], [-74.23454009351109, 5.06236384618592], [-74.23464516212522, 5.062381081605016], [-74.2346679849589, 5.062383170729205], [-74.23475619884238, 5.062391249879866], [-74.2348091447471, 5.062395658495692], [-74.23484262355105, 5.062398448426742], [-74.23489717648117, 5.062407606960356], [-74.23490142597147, 5.0624083181823485], [-74.2349467596292, 5.062415928967281], [-74.23499716065909, 5.062418265872113], [-74.23501988949181, 5.062419320054892], [-74.2350545253675, 5.062415605770863], [-74.23507646901965, 5.0624127716523954], [-74.2351222110511, 5.062406866432888], [-74.23512255336583, 5.062413700747739], [-74.23515108584462, 5.062408519635813], [-74.2351773939606, 5.0624037435992255], [-74.23521663766651, 5.062401280017541], [-74.23526799001296, 5.06239805409733], [-74.23527832579703, 5.062397401911619], [-74.23532430635026, 5.0623945155888155], [-74.2353110939116, 5.062346639928308], [-74.23529182650415, 5.062301892905165], [-74.23527834599868, 5.062271093410545], [-74.23526588683056, 5.062242621863613], [-74.2352627684093, 5.062235493352159], [-74.23522863439518, 5.062157491997614], [-74.23515740892817, 5.062006903898812], [-74.23514338832875, 5.061977257257118], [-74.23511900652849, 5.061924872487768], [-74.23508489320211, 5.061851571588217], [-74.23507867703243, 5.061838218431665], [-74.23501318573655, 5.061867825825059], [-74.2349319542775, 5.0619045533603275], [-74.23490655903008, 5.061916308285164], [-74.23488404868286, 5.0619267276298405], [-74.23480663338893, 5.0619612120779385], [-74.23476872903534, 5.061978099437245], [-74.2346505762277, 5.062036691622276], [-74.23453149307693, 5.0620957479249284], [-74.23453083961675, 5.06213086683506], [-74.23452932398783, 5.062212380852705], [-74.23452899184848, 5.062249451739968], [-74.2345288237549, 5.062268347303666], [-74.2345285914762, 5.062294792762696], [-74.23452821236967, 5.062337072757072], [-74.23452819507214, 5.0623393710191085], [-74.23452759671802, 5.062342166227524], [-74.23452739549312, 5.062345017681998], [-74.23452768713285, 5.062348448182833]], [[-74.2354270509046, 5.062346785119161], [-74.23542962602322, 5.062347200943966], [-74.23543223370348, 5.062347182395744], [-74.23543480356267, 5.062346728704027], [-74.23543726073227, 5.062345852679058], [-74.23543953758457, 5.062344578879883], [-74.23547227542426, 5.0623316001843035], [-74.23553672682183, 5.062306044671667], [-74.23557386100079, 5.062289380417019], [-74.2355966568378, 5.062279151419048], [-74.23559797310573, 5.062278558968141], [-74.23560784153499, 5.062274130975023], [-74.23566784095374, 5.062247201392187], [-74.23569951422623, 5.062232894642237], [-74.23574016513763, 5.062214533475167], [-74.23578692415697, 5.0621934697302216], [-74.23582458470669, 5.062176504966077], [-74.23589463144852, 5.062145284561119], [-74.23590411676648, 5.062141057259668], [-74.23595835464208, 5.062116884764491], [-74.23599363251242, 5.062099162687515], [-74.23602130202947, 5.062085262591322], [-74.23604307233853, 5.06207430987786], [-74.23607244647522, 5.062059529760947], [-74.23602079310598, 5.061963108230872], [-74.23601293580408, 5.061948440811796], [-74.23598496574304, 5.061896233951408], [-74.23597709486188, 5.061881542127408], [-74.2359680748633, 5.061864706277655], [-74.23595474543272, 5.061839822188669], [-74.23595095056352, 5.061832850601064], [-74.23592439995969, 5.06178401960198], [-74.23591703880611, 5.061772133537055], [-74.23590600297057, 5.0617543198099755], [-74.23589676374267, 5.061739401677909], [-74.23587970358174, 5.061711859124318], [-74.23584468752613, 5.061656915065621], [-74.2358120929174, 5.061599386756909], [-74.23575300487475, 5.061495081251649], [-74.23574038143273, 5.061500812005153], [-74.2356870973555, 5.061524989890366], [-74.23562130702047, 5.061554840392087], [-74.23558587175138, 5.061570922316458], [-74.23556262988394, 5.0615814661299], [-74.23555868381821, 5.0615832579532105], [-74.23556073752675, 5.061586598228003], [-74.2355626681267, 5.061589731535222], [-74.23549919524375, 5.061621643296425], [-74.23549485403808, 5.06163346212049], [-74.23545794335362, 5.061650913124354], [-74.23542297532973, 5.061668344133438], [-74.23534706702537, 5.0617061780939085], [-74.23530055746836, 5.061729361306409], [-74.23529331685587, 5.061732969042448], [-74.23529319426058, 5.061733032613329], [-74.2352094498178, 5.061774488100928], [-74.23515964054309, 5.061799145209326], [-74.23516445502543, 5.061809919603202], [-74.23516613505842, 5.061813675902173], [-74.23519719399623, 5.061883156162558], [-74.2352262584505, 5.06194816772725], [-74.23522656926463, 5.061948862031746], [-74.23524674796744, 5.06199359284534], [-74.2352632740464, 5.062030227108854], [-74.23527504563329, 5.062056318497458], [-74.23532334261184, 5.062159100121952], [-74.23534669520042, 5.062208795923083], [-74.23536119154404, 5.06223522141483], [-74.23539169815702, 5.062290831905709], [-74.23539786069526, 5.062302068798162], [-74.23540049106015, 5.062306871962227], [-74.23541539394495, 5.062334031385083], [-74.23541601415064, 5.062336571824965], [-74.23541704825873, 5.062338973038455], [-74.23541846636728, 5.062341169031179], [-74.23542022775165, 5.062343096543814], [-74.23542228629393, 5.062344703185169], [-74.23542458145451, 5.0623459447348225], [-74.2354270509046, 5.062346785119161]], [[-74.23612274790888, 5.062009909636051], [-74.23613495847862, 5.062032897555264], [-74.23615386162965, 5.062023121142227], [-74.23618398677306, 5.062007537922335], [-74.23619299484028, 5.062002879027643], [-74.23620170182811, 5.061998376335717], [-74.2362143976769, 5.061991810290344], [-74.23624478964409, 5.061976089931964], [-74.23626198365982, 5.061967194449447], [-74.23628602421356, 5.061954821361099], [-74.23632555424787, 5.061934479858041], [-74.23633958502005, 5.061927169314395], [-74.23635257824616, 5.061920400020816], [-74.23636665138368, 5.061913066775487], [-74.23637571527138, 5.061908344435313], [-74.23639362888194, 5.061899209609992], [-74.23641205902264, 5.061889811401927], [-74.2364218983493, 5.0618847953256], [-74.23643498379728, 5.061878124479392], [-74.23645312637679, 5.0618688743042215], [-74.23647548593841, 5.0618574743811475], [-74.23649187159218, 5.061849120611628], [-74.23650923696506, 5.061840184985082], [-74.23653269878756, 5.061828112488418], [-74.23655620207448, 5.061816018196378], [-74.23658046617373, 5.06180353066629], [-74.23659560768748, 5.06179573935062], [-74.23661128600865, 5.061787433979987], [-74.23663900995513, 5.061772752905328], [-74.23663470221584, 5.061764649475919], [-74.23662088247531, 5.061738641659018], [-74.23661353296488, 5.061724814756915], [-74.23660695227163, 5.061712433183794], [-74.23658661430413, 5.061674150440959], [-74.2365799883346, 5.061661683901262], [-74.23656691840692, 5.061637089779117], [-74.23655200476546, 5.0616090274062655], [-74.23654705587388, 5.061599707320538], [-74.23654116544847, 5.061588744985807], [-74.2365302113247, 5.061568350587287], [-74.2365209758945, 5.06155116047183], [-74.23651392276354, 5.061538026088992], [-74.23650394079057, 5.061519715429351], [-74.23649290844783, 5.061499468663632], [-74.23648149310196, 5.06147852592215], [-74.23646472277505, 5.061447762601787], [-74.23645557111475, 5.061430968633045], [-74.23644953158694, 5.061419888955564], [-74.23644544154358, 5.061412382285214], [-74.23643683794212, 5.061396246878866], [-74.23642894518187, 5.061381437477132], [-74.23641967055956, 5.061364037516814], [-74.23641330365017, 5.061352091651976], [-74.23640657905037, 5.061339475097984], [-74.23638986082084, 5.061308107258605], [-74.23638701921529, 5.061302777900777], [-74.23637806549523, 5.061286631398793], [-74.23637009234032, 5.061272249221345], [-74.2363676777823, 5.061267526178195], [-74.23636457943286, 5.061261466220662], [-74.23635004223335, 5.0612330095258375], [-74.23634167910636, 5.061216636596602], [-74.2363383802061, 5.061209977130008], [-74.23633421355882, 5.061201567600142], [-74.23632545633211, 5.061183881632929], [-74.2363204638158, 5.061181996483847], [-74.23631253755366, 5.061179004014397], [-74.23627126194177, 5.061201444387808], [-74.2362691571873, 5.061202585757195], [-74.23624144480596, 5.061217650431443], [-74.23624117618986, 5.061217795714479], [-74.23623799157075, 5.061219525464791], [-74.23622240525322, 5.061227810742806], [-74.23619697731661, 5.061241327441836], [-74.23618881683005, 5.061245664411928], [-74.23616895871557, 5.061256218974029], [-74.23615709432516, 5.061262524651266], [-74.23615547268572, 5.061263387320209], [-74.23614069242028, 5.061271345325007], [-74.23612139252836, 5.06128173504907], [-74.23610718014048, 5.061289385237296], [-74.2360908781492, 5.061298078140603], [-74.2360598308929, 5.061314630355443], [-74.2360286790757, 5.061331240676853], [-74.23597237843825, 5.061361531833], [-74.23594466213811, 5.061376441782034], [-74.23593446187421, 5.061381928137634], [-74.23587895042834, 5.061411569934503], [-74.23586336236764, 5.061419893211575], [-74.23582030116903, 5.061442885288779], [-74.23586877011448, 5.061533580028792], [-74.23587093524496, 5.061537624939829], [-74.23589977210814, 5.061591575543753], [-74.2359094327502, 5.061609362942458], [-74.23592199726923, 5.061632485916152], [-74.2359241043429, 5.061636368071113], [-74.23592708352574, 5.061641921562789], [-74.23593792450148, 5.061662135228914], [-74.23596195992735, 5.0617069536548165], [-74.2359760617087, 5.061733245970464], [-74.23597967195052, 5.061740401587714], [-74.23602007470404, 5.061820439419683], [-74.23603649375953, 5.061852965097607], [-74.2360423755696, 5.061864619637563], [-74.23604515972475, 5.061868679652407], [-74.23605613165978, 5.061884675726126], [-74.23605659492887, 5.0618853498330685], [-74.23607107392559, 5.0619126113852175], [-74.23607451867645, 5.061919097754919], [-74.23608765655017, 5.061943839244937], [-74.23610849439727, 5.061983075632763], [-74.23612274790888, 5.062009909636051]], [[-74.23670843825356, 5.061760400791955], [-74.23671124624649, 5.061765133034205], [-74.23673248396297, 5.0617536022392295], [-74.23675332236024, 5.061742287552151], [-74.23677939333943, 5.061728130802684], [-74.23678674239488, 5.06172414101346], [-74.23681854081403, 5.061706870716327], [-74.23683673185722, 5.061697014215003], [-74.23685480842386, 5.061687220364116], [-74.2368667473942, 5.061680751664985], [-74.23688207019595, 5.0616724478731925], [-74.23689688010715, 5.061664423743515], [-74.23690051903371, 5.061662450631957], [-74.23693232995112, 5.061645113350567], [-74.23693740657377, 5.061642346685206], [-74.23694436078773, 5.061638555803127], [-74.23696515865292, 5.061627283714647], [-74.23696980804193, 5.061624763069791], [-74.236976249405, 5.061621272660523], [-74.23699355147996, 5.0616117987807545], [-74.23700722277863, 5.061604313378915], [-74.23701162066958, 5.06160192441228], [-74.23701657292273, 5.061599237607663], [-74.23702024250493, 5.061597252674448], [-74.23702632692901, 5.0615939629105595], [-74.2370446135471, 5.0615840727442025], [-74.23705665979959, 5.061577556787193], [-74.2370836367068, 5.061562931414004], [-74.2371081897651, 5.061549619936234], [-74.23713461771969, 5.061535291484336], [-74.23715178568939, 5.061525999725193], [-74.23717309827335, 5.061514465157164], [-74.23719668236812, 5.061501699321236], [-74.23721275063487, 5.061493003219804], [-74.23721807427516, 5.06149012297914], [-74.23724060914532, 5.061477925560083], [-74.2372502432525, 5.061472710807277], [-74.23727840102121, 5.061457469708097], [-74.2372696311965, 5.061442665616553], [-74.23724824611888, 5.061406549216711], [-74.23724162440031, 5.061395373847139], [-74.23719339755594, 5.06131392870169], [-74.237190545191, 5.061309113303751], [-74.23717474900853, 5.0612824451441485], [-74.23716005086041, 5.061257627944592], [-74.23715666803557, 5.06125191779421], [-74.23715069535257, 5.061241830578675], [-74.23714107459958, 5.061225577693113], [-74.23713095418077, 5.0612084906187675], [-74.23713020192872, 5.0612072153636785], [-74.23711507923228, 5.061181680551148], [-74.23707974828478, 5.0611220221938815], [-74.23706041266955, 5.061089370923312], [-74.23705509265835, 5.0610803863321525], [-74.23703125987589, 5.061040135071576], [-74.23701407327881, 5.061011117044764], [-74.23698298603658, 5.060958619411109], [-74.23695941940504, 5.060918820044121], [-74.23694457462395, 5.060893752482045], [-74.23694426503096, 5.0608932264717295], [-74.23692875852913, 5.060867040013375], [-74.23691385582879, 5.0608418811744125], [-74.23690952523154, 5.060834566787253], [-74.23689088122684, 5.060803083205734], [-74.23687939664086, 5.060783687834896], [-74.23685961930302, 5.060750292734925], [-74.23684527783979, 5.060726077446802], [-74.23683016058948, 5.060700546230681], [-74.23682400054017, 5.060690144492103], [-74.23681978220034, 5.060683023519612], [-74.23681505150088, 5.060675035809031], [-74.2368019031229, 5.060652833261121], [-74.23679160529606, 5.060635444307819], [-74.23674669171645, 5.060559603523677], [-74.23674556922575, 5.060557701033912], [-74.2367435759306, 5.060554338932575], [-74.23673213752912, 5.060535025806714], [-74.23669911587827, 5.060479262748765], [-74.23667991100056, 5.060513060741228], [-74.23666388879417, 5.060541255477541], [-74.23665165630533, 5.060562782642317], [-74.23663007363182, 5.060600764510206], [-74.23661465577071, 5.0606279003648496], [-74.23657585838681, 5.060695699767068], [-74.23655612133447, 5.060730556502368], [-74.23654406883578, 5.060751837213659], [-74.23653511444601, 5.060767647838124], [-74.23653369893614, 5.060770146017673], [-74.23652412763302, 5.060787051740061], [-74.23651381349231, 5.060805263622467], [-74.23650598999771, 5.060818849864529], [-74.236498311295, 5.060832182482201], [-74.23648865311694, 5.060848956267516], [-74.23648071720109, 5.060862737259162], [-74.23647750829801, 5.0608683088965885], [-74.2364731165521, 5.060876309503446], [-74.23646719254592, 5.060887098958041], [-74.23645464698933, 5.0609091270818904], [-74.23643361092302, 5.060946063749452], [-74.2364203935679, 5.060969270318786], [-74.23641454257111, 5.0609795438899035], [-74.23640325336676, 5.060999366392826], [-74.23639390400105, 5.061015782186723], [-74.2363947803836, 5.061031109872275], [-74.23639482715049, 5.061031979309243], [-74.23639513143367, 5.061037312606806], [-74.23639642509579, 5.061059982966062], [-74.23639766094013, 5.061081666283587], [-74.23640078689618, 5.061136482090425], [-74.23640253331287, 5.061167119377083], [-74.23640432562134, 5.061188185453642], [-74.23642672745305, 5.061229945087866], [-74.23643963119184, 5.06125398759721], [-74.23644959650125, 5.061272555258402], [-74.23650596068182, 5.061378856470438], [-74.23654780579939, 5.061458170369092], [-74.23657136451885, 5.06150282771289], [-74.23659025181105, 5.061538400596152], [-74.23660131776643, 5.061559239948203], [-74.23661516922452, 5.061585322805765], [-74.23663496750319, 5.061622604044984], [-74.23665614329465, 5.061665884282701], [-74.23667389952955, 5.061702165980876], [-74.23668034832723, 5.061713039480201], [-74.23668641059575, 5.061723261346817], [-74.23669886191561, 5.061744254582455], [-74.23670843825356, 5.061760400791955]], [[-74.23694366237814, 5.060760267041991], [-74.23694657621465, 5.060760394484337], [-74.23694946834743, 5.060760021606072], [-74.23695225397925, 5.060759159426922], [-74.23695507462793, 5.060757255740196], [-74.23698077948173, 5.060739909318678], [-74.2370390335316, 5.06070059427889], [-74.23708069345047, 5.060672445570964], [-74.23713536077388, 5.060635511607729], [-74.23715239451612, 5.060623970743508], [-74.23717905084587, 5.060605906791392], [-74.2371901720659, 5.060598369259164], [-74.23723355053912, 5.060569085339616], [-74.23730910419324, 5.060518080519937], [-74.23732434032088, 5.060507866829277], [-74.23736053591914, 5.0604836011509535], [-74.23741650744562, 5.060445920018182], [-74.23742725312061, 5.060438765936851], [-74.23746730158216, 5.0604121068996095], [-74.23747806348042, 5.060404943738565], [-74.23747976920632, 5.060404173197542], [-74.23748133820439, 5.0604031513795835], [-74.2374827335243, 5.060401901880404], [-74.23748392273599, 5.060400452811212], [-74.23748487793294, 5.060398838608254], [-74.23748557572884, 5.060397098223169], [-74.23748600085823, 5.0603952705921476], [-74.23748614438045, 5.060393399163318], [-74.23748596535087, 5.060391304861794], [-74.23748543182587, 5.060389271860099], [-74.23748456016068, 5.060387359844683], [-74.23748337572675, 5.0603856248655195], [-74.23747884297177, 5.060378765990394], [-74.23746290273745, 5.0603546288734975], [-74.23744959945826, 5.060334487803826], [-74.23743485824488, 5.0603121634510835], [-74.2374245004879, 5.060296479293917], [-74.23738704660558, 5.060239765647417], [-74.23738234733834, 5.06023265012213], [-74.23737855753149, 5.060226918129088], [-74.2373608708041, 5.0602001368594225], [-74.23735103519026, 5.060185242509844], [-74.23734557035843, 5.060176967570619], [-74.23734173801276, 5.060171166892602], [-74.2373262140483, 5.060147656915226], [-74.23732224504751, 5.060141642962031], [-74.23731745981252, 5.060134396402133], [-74.23731088826827, 5.06012444967117], [-74.23730260187853, 5.060111897637976], [-74.23728650515726, 5.0600870749635], [-74.23727331791252, 5.060066735511514], [-74.23725653069795, 5.0600408464744815], [-74.23723099964762, 5.060001468888578], [-74.23720622882051, 5.059963761944623], [-74.23719775771816, 5.05995087095668], [-74.23717132903928, 5.059910633698385], [-74.23715566458496, 5.059886784676888], [-74.23714321674734, 5.0598980082364635], [-74.23713294338042, 5.0599072687210045], [-74.2371327109832, 5.059907479986472], [-74.23712016225718, 5.0599187942198585], [-74.23710634072805, 5.059931253663832], [-74.23708221080298, 5.059952584588664], [-74.23705871863375, 5.059973344262271], [-74.23704362141883, 5.059986857535452], [-74.2370313040437, 5.059997886309659], [-74.23702547234095, 5.060003107364961], [-74.23701815523386, 5.060009655904472], [-74.23700396511207, 5.060022357636388], [-74.23699096042616, 5.060033997567258], [-74.23697874800118, 5.060046125489241], [-74.23695419387283, 5.0600702521913385], [-74.23692796545464, 5.0600960243274224], [-74.23691980760394, 5.060104114464989], [-74.23689958500266, 5.060124172994451], [-74.23687898414357, 5.060144609553278], [-74.23685000588664, 5.060175364319855], [-74.23683946997888, 5.060186548032545], [-74.23683749169484, 5.060189664369947], [-74.23682057041265, 5.06021908594167], [-74.23680839769936, 5.060240250162363], [-74.23680221915654, 5.060250991243551], [-74.23679689261516, 5.060262793854123], [-74.23676711338197, 5.060321261883617], [-74.23675365764173, 5.060347692761316], [-74.23674983972407, 5.060355190101063], [-74.23673217078706, 5.0603938376777124], [-74.23672905897816, 5.060400645105754], [-74.23671637181477, 5.06042839735372], [-74.23673132010053, 5.060450962918002], [-74.23674320253869, 5.0604689016889015], [-74.23676402462692, 5.060500333164692], [-74.23676712758098, 5.060505017794537], [-74.23678518695961, 5.060532275209407], [-74.23679285986904, 5.060543929036739], [-74.23681318550767, 5.0605747914250125], [-74.23682661286888, 5.060595182002897], [-74.23684175452037, 5.060617409697831], [-74.23684183866618, 5.060617530782188], [-74.23685784431743, 5.060641910283402], [-74.23687098131425, 5.06066192048756], [-74.23689844449808, 5.060702853390031], [-74.23692866936518, 5.060747890680239], [-74.23693346705132, 5.060755040403972], [-74.2369356399353, 5.060756990651757], [-74.23693811343033, 5.060758538588035], [-74.23694081436963, 5.060759642731136], [-74.23694366237814, 5.060760267041991]], [[-74.23672772037777, 5.060096765911654], [-74.23672801897416, 5.060086274024232], [-74.2367415043863, 5.060086399379417], [-74.23676367027015, 5.060086604974757], [-74.23678150389809, 5.060070065307553], [-74.23680501034197, 5.060048262363405], [-74.2368165388296, 5.060037568975052], [-74.23683316186484, 5.060022149968613], [-74.23683950608238, 5.060016451099064], [-74.23684705014435, 5.0600096750194785], [-74.23686678089533, 5.059991947326963], [-74.2368702361853, 5.059988782928534], [-74.23690939644061, 5.059952921856207], [-74.23692024241565, 5.059942991623392], [-74.23693768172222, 5.059928827843085], [-74.23695072809262, 5.059918231989107], [-74.23695342367557, 5.059916042620865], [-74.23695635079815, 5.0599136655140065], [-74.23698892662104, 5.059887203551558], [-74.23700942187857, 5.059870557458674], [-74.23702550347468, 5.059857493808901], [-74.237029635143, 5.05985413991699], [-74.23704882691878, 5.05983816497004], [-74.2370944608742, 5.0598001805971435], [-74.23706454055795, 5.059759639648499], [-74.2370425485686, 5.059729837268883], [-74.23703214211824, 5.059717009690827], [-74.23702373537724, 5.0597066466257985], [-74.23699863363254, 5.059675701068791], [-74.23697397145384, 5.059645301178372], [-74.23696636150932, 5.059635912884707], [-74.23694529808101, 5.059609946041964], [-74.23693905354536, 5.059602087895163], [-74.23691329574366, 5.059569675072635], [-74.23688367671744, 5.059532403532064], [-74.23686500913766, 5.059508909490802], [-74.23683014600954, 5.059460323308515], [-74.23677195482111, 5.059379205645664], [-74.23676056474373, 5.059363468247181], [-74.23674860470656, 5.059346941129106], [-74.2367228571309, 5.0593113487583095], [-74.23670125690491, 5.059281611662743], [-74.23667952818461, 5.059251681181049], [-74.2366669067773, 5.059234692058201], [-74.23665392894281, 5.059217221349503], [-74.23665278814597, 5.059215655484615], [-74.2366270547003, 5.059180370717112], [-74.23660039214911, 5.059143807409606], [-74.23658263098879, 5.059160013052529], [-74.23656111727814, 5.059179648769263], [-74.23656056513252, 5.059180162852703], [-74.23655885734263, 5.059181746822534], [-74.23652582129411, 5.059212461358983], [-74.23649886871024, 5.059237964316906], [-74.23648894028203, 5.0592473598548064], [-74.23646518158965, 5.059269844589935], [-74.23645632900438, 5.059275584435122], [-74.23643996360003, 5.059289823060545], [-74.23643228310917, 5.059296504389459], [-74.23643203628164, 5.059296719301491], [-74.2364113645485, 5.059315944432412], [-74.23634400259974, 5.05937858569386], [-74.2362297413957, 5.059483388499337], [-74.23628063587456, 5.0595304828546395], [-74.23629965588839, 5.059548084095878], [-74.23633039777307, 5.059576533400629], [-74.2363560704349, 5.059601658138668], [-74.23638080384708, 5.059625865376846], [-74.23640992501382, 5.059654230907264], [-74.23642630171209, 5.059670180473861], [-74.23644136220472, 5.059684850430744], [-74.23645477832885, 5.059697913861739], [-74.23647444646096, 5.059717069233584], [-74.23648895437627, 5.059732500287344], [-74.23651035098209, 5.059755261661141], [-74.23653130715007, 5.059777015911856], [-74.23656902265027, 5.059816167599465], [-74.23659123225802, 5.059854615986422], [-74.23659276944888, 5.059857276824128], [-74.23660995467316, 5.059887028681822], [-74.23661707301031, 5.059899351325504], [-74.23663208732665, 5.059925338776521], [-74.23663894469847, 5.0599204496423145], [-74.2366538786233, 5.0599411639903185], [-74.23667144974986, 5.059965532370231], [-74.23666249993838, 5.059972343705306], [-74.23664966583813, 5.059982111244847], [-74.23665190418751, 5.059996206686961], [-74.23666508771026, 5.060079225339339], [-74.23666662247179, 5.060095813077288], [-74.23666859376584, 5.060117052534967], [-74.2366703053764, 5.0601317362067], [-74.23667462106141, 5.060168742999651], [-74.23667603272008, 5.060180849429111], [-74.23668263333498, 5.060237472748999], [-74.23669437208937, 5.060232967887305], [-74.23671226443501, 5.060184147967434], [-74.23671283266025, 5.06018259784106], [-74.23671725727121, 5.060170524604094], [-74.23672632373328, 5.06014578777672], [-74.2367268117911, 5.0601286297634775], [-74.23672772037777, 5.060096765911654]], [[-74.23713264290029, 5.060731888512663], [-74.23708530210831, 5.060762485644033], [-74.23705642179036, 5.06078115192442], [-74.23704027834111, 5.060791589023728], [-74.23698754557554, 5.0608256727439445], [-74.23701719753898, 5.060873115211505], [-74.23703433868839, 5.060900536329684], [-74.23706799803998, 5.060953294157789], [-74.2370816800701, 5.060974738347875], [-74.23708225751771, 5.060975668298174], [-74.23710117392363, 5.061006141578046], [-74.2371084707645, 5.0610178938370325], [-74.23711477653347, 5.061028050992852], [-74.23715418449433, 5.061090257658933], [-74.23717830820779, 5.061128331374973], [-74.23721069057464, 5.061180495357006], [-74.23721360044146, 5.061185181256757], [-74.23722573138086, 5.061204720152601], [-74.23724195767399, 5.061230757738873], [-74.23724781082711, 5.061240146665433], [-74.23727119449684, 5.061277665328681], [-74.23730447340412, 5.0613310518021], [-74.23734221066256, 5.061391071990515], [-74.23735479004777, 5.061411076908884], [-74.23738593830723, 5.061394043084984], [-74.23740997644188, 5.061380898163587], [-74.23745407308887, 5.061356782047585], [-74.23747044563001, 5.061348191223146], [-74.2375088074656, 5.061328057290484], [-74.23753287322248, 5.061314731350204], [-74.23756328824417, 5.061297887122448], [-74.23759581269775, 5.0612804661151864], [-74.23761245892007, 5.06127154903212], [-74.23763190129694, 5.0612611345671645], [-74.23764646358912, 5.061253395009455], [-74.23766946759949, 5.0612411722527515], [-74.23768375586282, 5.061233578893142], [-74.23770088807234, 5.061224471773491], [-74.23771824846742, 5.0612148367110885], [-74.23773322745038, 5.061206528132592], [-74.23775630331558, 5.0611941333216635], [-74.23778093590404, 5.061180904915793], [-74.23779599911205, 5.061172759946471], [-74.23781539802633, 5.061162269556136], [-74.2378295560385, 5.061153087590575], [-74.23784160701267, 5.06114526777744], [-74.23786186199602, 5.061132282083712], [-74.23787979633255, 5.0611207856244835], [-74.23789465529676, 5.061111050381817], [-74.23791347683257, 5.0610987197975845], [-74.23792574485199, 5.061090683318057], [-74.23794206285247, 5.061079990707322], [-74.23792740808183, 5.061056641960405], [-74.23791346467732, 5.06103441925066], [-74.2378995611014, 5.061012262515628], [-74.23789655447706, 5.0610074682272845], [-74.23788243187593, 5.060984961747437], [-74.23787954727736, 5.060979804395497], [-74.23786954351503, 5.060961909114913], [-74.23785914318977, 5.0609433052182595], [-74.23783677348965, 5.060903293691525], [-74.23781873159109, 5.060871018190316], [-74.2378130352434, 5.060862000848656], [-74.23780922410579, 5.060855969407536], [-74.23778763065013, 5.060821781583398], [-74.23778130619122, 5.0608117638131445], [-74.23777138649781, 5.060796319508883], [-74.23775852013833, 5.060776292526594], [-74.23775233628427, 5.06076666627136], [-74.23775090276565, 5.0607644341216504], [-74.23774313425055, 5.06075233622982], [-74.23771702106806, 5.060711021679777], [-74.237710180755, 5.0607001968956125], [-74.23768761805209, 5.060664497164692], [-74.23767129470359, 5.060638665168226], [-74.23766062176853, 5.06062332092504], [-74.23765143540976, 5.060610114629664], [-74.23763557529792, 5.060587311967059], [-74.23762877139603, 5.060577602746938], [-74.23760354992615, 5.060541618551182], [-74.23754892151669, 5.060463680048504], [-74.23742689126453, 5.060542277311219], [-74.23735434684167, 5.060588998434767], [-74.23731827497538, 5.060611902133139], [-74.23729427242515, 5.060627142525525], [-74.23726607574194, 5.060645631067694], [-74.23724315015892, 5.060660660389332], [-74.23717997122678, 5.060701381884088], [-74.23713264290029, 5.060731888512663]], [[-74.23643463765657, 5.062005169163609], [-74.23631104088281, 5.062068740346326], [-74.23618585197815, 5.062133999314769], [-74.23618553300705, 5.0621342369850595], [-74.23618236217908, 5.06213705429631], [-74.23617969486585, 5.062140356531337], [-74.23617760578811, 5.0621440530661], [-74.23617614979666, 5.062148043361484], [-74.23617536638572, 5.062152217859587], [-74.23617530893759, 5.0621528513391025], [-74.23617530009649, 5.062152947266277], [-74.23617524599612, 5.062153918235023], [-74.23617522888571, 5.062154886418721], [-74.23617547108299, 5.062158410206985], [-74.2361761904838, 5.062161867937526], [-74.23617737523432, 5.062165194486338], [-74.23620036119549, 5.062209482867315], [-74.23623096948016, 5.062268234621697], [-74.23625617646002, 5.062318906744798], [-74.23626334019534, 5.062332786484874], [-74.2362864054282, 5.0623774728265065], [-74.23629442421317, 5.0623930664604835], [-74.23630565177544, 5.06241489718339], [-74.23633028261706, 5.062462471412908], [-74.23637833214646, 5.062556012517167], [-74.23641120767792, 5.062620291052314], [-74.23641283714593, 5.0626240239171], [-74.23641506694418, 5.062627431711962], [-74.23641553636382, 5.062628018039698], [-74.23641559423952, 5.062628084885401], [-74.23641588091097, 5.062628419119073], [-74.236416149481, 5.062628724433264], [-74.23641621096598, 5.062628791272057], [-74.23641678691789, 5.0626294081600225], [-74.2364168068033, 5.062629426218309], [-74.23641976681618, 5.062632007428238], [-74.23642310392523, 5.062634073983627], [-74.23642673140283, 5.062635570856469], [-74.2364305517279, 5.062636461135615], [-74.23643446559538, 5.062636718771155], [-74.23643837013034, 5.062636338530652], [-74.23644216158489, 5.06263533056523], [-74.23655215741732, 5.0625796807198755], [-74.23667548179745, 5.062517564935214], [-74.2367140185355, 5.0624982522645166], [-74.23680149763624, 5.062454423360993], [-74.23694383362192, 5.062382657571181], [-74.23694700364229, 5.062379891832654], [-74.23694966651902, 5.062376631225099], [-74.23695174302333, 5.062372968190895], [-74.23695317741083, 5.062369007794957], [-74.23695392748391, 5.062364861409995], [-74.23695397090984, 5.062360647609298], [-74.23695330791729, 5.062356486732623], [-74.23695195768019, 5.062352497273973], [-74.23695178017562, 5.062352155593491], [-74.23683777746609, 5.062130572762614], [-74.23680835961406, 5.062073407627521], [-74.23679893796248, 5.062055095906388], [-74.23671136725169, 5.061884891252363], [-74.23670866207426, 5.061882033588213], [-74.23670555710237, 5.061879616427188], [-74.23670212463152, 5.061877697539276], [-74.23669844324601, 5.061876320205482], [-74.23669459601936, 5.061875515935592], [-74.23669067231381, 5.061875301750401], [-74.23669022839161, 5.061875312551234], [-74.23668783130036, 5.061875512569404], [-74.23668546351128, 5.061875937830279], [-74.23667405302284, 5.0618817875300675], [-74.23664101144902, 5.061898719082522], [-74.23656231348119, 5.061939053074644], [-74.23643925123478, 5.062002794264874], [-74.23643463765657, 5.062005169163609]], [[-74.23612001978549, 5.062146567102624], [-74.23610733108995, 5.062121735180554], [-74.23608607715025, 5.06213091347488], [-74.23603859883468, 5.0621514158168655], [-74.23603718875555, 5.062152023829433], [-74.23601556506492, 5.062161309595865], [-74.23598790795079, 5.062173189219017], [-74.23596278429332, 5.062183978227999], [-74.23592615726409, 5.062199704145629], [-74.23592278081526, 5.062201153769506], [-74.23591879759627, 5.062202863328495], [-74.2358540797993, 5.0622306651303495], [-74.23585342705887, 5.06223095048796], [-74.23581396845707, 5.06224901351154], [-74.23579774434623, 5.06225644223995], [-74.23579222962165, 5.062258964530234], [-74.23575250596717, 5.062277151111515], [-74.23574706011392, 5.062279828898088], [-74.23574038373219, 5.062283108925087], [-74.23573196929657, 5.062287245509169], [-74.23572170231014, 5.062292290443186], [-74.23571227190047, 5.062296924804372], [-74.23569798971121, 5.062303943562843], [-74.23568652375452, 5.062309578914032], [-74.23568634886412, 5.062309663395554], [-74.23562201757974, 5.062341449243244], [-74.23562189136996, 5.062341510106667], [-74.23561786266129, 5.062343499338604], [-74.2355595442204, 5.062372309534642], [-74.23551465257226, 5.062394580345822], [-74.23551178677953, 5.062396000039445], [-74.23548218594782, 5.06241068556465], [-74.23546108962506, 5.062421149283091], [-74.23549313172607, 5.062482789231229], [-74.23550755478387, 5.062510529551501], [-74.23553165275437, 5.062556438173673], [-74.2355397679714, 5.062552484934606], [-74.2355511109795, 5.062572396344665], [-74.23556388351501, 5.062594814075949], [-74.2355608648821, 5.062597477276419], [-74.23556606886919, 5.062607135284692], [-74.23557320974533, 5.062620385328029], [-74.23557613999729, 5.062625828526848], [-74.23558351630166, 5.062639512431473], [-74.23560947282269, 5.062687666869068], [-74.23563012126203, 5.062725989771822], [-74.23563569288532, 5.062736327497581], [-74.23565863493238, 5.062782201219399], [-74.23568509803603, 5.062834826275836], [-74.23570713659021, 5.062878654124216], [-74.23573112700673, 5.062926353564272], [-74.23573863366602, 5.062941205331634], [-74.23575005394031, 5.062963784884331], [-74.23579425890898, 5.0629410213319455], [-74.23584196959418, 5.062916456838245], [-74.23584342632438, 5.062915705775966], [-74.2358643497195, 5.062904932021687], [-74.23586908500118, 5.062902494460512], [-74.23593084916845, 5.062870689954145], [-74.23594009887154, 5.062865925639983], [-74.23598246578756, 5.062844111117804], [-74.23598370617339, 5.0628434726653], [-74.23598686393346, 5.062841849733574], [-74.23601374767036, 5.062828010848279], [-74.23602117916728, 5.062824185582486], [-74.23604601751224, 5.062811391137628], [-74.23606524168441, 5.062801494673198], [-74.2361114532397, 5.062777698499546], [-74.23614941839352, 5.06275814807529], [-74.23616758335922, 5.062748792900258], [-74.23619428229004, 5.062735048462844], [-74.23621841570643, 5.062722620903927], [-74.23625356025283, 5.062704529897303], [-74.23629509060514, 5.062683145838976], [-74.23633647221574, 5.062661838067056], [-74.23636745477732, 5.062645880412003], [-74.23637324925696, 5.062642901556083], [-74.23634479462012, 5.06258739036657], [-74.23634192905152, 5.062581800469354], [-74.23633059469068, 5.062559326629387], [-74.23631726681087, 5.0625329007492175], [-74.23631196557437, 5.062522403267875], [-74.23628838038023, 5.0624757038059744], [-74.23628824361094, 5.062475430813331], [-74.23626310554258, 5.062426366416689], [-74.23622526167831, 5.062352496372927], [-74.23617397707001, 5.062252149079639], [-74.23613455879722, 5.06217501655736], [-74.23612001978549, 5.062146567102624]], [[-74.23194513487532, 5.06235343533753], [-74.23195615302585, 5.062383401765755], [-74.2319676004912, 5.062414696550468], [-74.23198745638494, 5.062461069465407], [-74.23200624821794, 5.06250351026634], [-74.23200919790247, 5.062510176762198], [-74.23205837094962, 5.0626212307109375], [-74.2320783342524, 5.062662844991059], [-74.232107833041, 5.062724328059608], [-74.23212779807035, 5.0627658970925], [-74.23215069184693, 5.062813555386198], [-74.23217669678753, 5.062868333177556], [-74.23220212011303, 5.062921881524897], [-74.2322315241461, 5.0629037419160285], [-74.23238306144621, 5.062810248427125], [-74.23244500651585, 5.062772350843825], [-74.23244871796443, 5.0627700654532495], [-74.23248972597762, 5.062744826279661], [-74.23250512245868, 5.062735350696131], [-74.23252880421805, 5.062720700986568], [-74.23256774446163, 5.062696608527879], [-74.23257768636547, 5.062690458571201], [-74.23252889232025, 5.062629504489056], [-74.23251610143504, 5.062613551612682], [-74.23248733054604, 5.0625776725523925], [-74.23248454842107, 5.062574200643734], [-74.23244807785852, 5.062528716242708], [-74.2324474194215, 5.062527900447936], [-74.23244142736024, 5.06252042179381], [-74.23239123231298, 5.062442933957186], [-74.23236603977051, 5.062404042279842], [-74.2323339106321, 5.062354437218333], [-74.23230428283398, 5.062308693668967], [-74.23225366597734, 5.062312003913383], [-74.23222927554923, 5.06231359847397], [-74.23211101075155, 5.062321331708741], [-74.23201847610729, 5.06232735290965], [-74.2319460166154, 5.0623320673474], [-74.23194282604248, 5.062338768148091], [-74.23194270687134, 5.062346840233608], [-74.23194513487532, 5.06235343533753]]]], "type": "MultiPolygon"}}]}